balance-hard,balance-soft,balance-hard-mean,balance-hard-max,balance-hard-min,balance-hard-std,balance-hard-entropy,balance-soft-mean,balance-soft-max,balance-soft-min,balance-soft-std,balance-soft-entropy,nhard_len_stats.ave,nhard_len_stats.max,nhard_len_stats.min,nhard_len_stats.stddev,nhards,nsoft_len_stats.ave,nsoft_len_stats.max,nsoft_len_stats.min,nsoft_len_stats.stddev,nsoft_wts,nsofts,soft_wt_stats.ave,soft_wt_stats.max,soft_wt_stats.min,soft_wt_stats.stddev,ncls,nvars,VG-mean,VG-max,VG-min,VG-std,VG-entropy,VCG_C-entropy,VCG_C-max,VCG_C-mean,VCG_C-min,VCG_C-std,VCG_V-entropy,VCG_V-max,VCG_V-mean,VCG_V-min,VCG_V-std,Horn-fraction,Horn-V-mean,Horn-V-max,Horn-V-min,Horn-V-std
0.507464441,0,0.507665306,1,0,0.197542835,1.180350745,0,0,0,0,0,5.48,8,2,1.3,372240,1,1,1,0,1,182,1,1,1,0,372422,21368,18.27817297,151,3,17.66391721,2.68209294,0.59216653,8,5.482656771,1,1.299380518,2.830161618,405,95.55700112,4,60.85682842,0.297767049,22.81898165,283,1,32.94512573
0.507464441,0,0.507665306,1,0,0.197542835,1.180350745,0,0,0,0,0,5.48,8,2,1.3,372240,1,1,1,0,1,163,1,1,1,0,372403,21368,18.27817297,151,3,17.66391721,2.68209294,0.591805017,8,5.482885476,1,1.299019096,2.828930226,405,95.55611194,4,60.8528403,0.297731221,22.81809247,283,1,32.93863343
0.507464441,0,0.507665306,1,0,0.197542835,1.180350745,0,0,0,0,0,5.48,8,2,1.3,372240,1,1,1,0,1,158,1,1,1,0,372398,21368,18.27817297,151,3,17.66391721,2.68209294,0.591708915,8,5.482945666,1,1.298923956,2.82825022,405,95.55587795,4,60.85485463,0.297721792,22.81785848,283,1,32.94105236
0.507464441,0,0.507665306,1,0,0.197542835,1.180350745,0,0,0,0,0,5.48,8,2,1.3,372240,1,1,1,0,1,188,1,1,1,0,372428,21368,18.27817297,151,3,17.66391721,2.68209294,0.59227955,8,5.482584553,1,1.299494614,2.831281373,405,95.55728192,4,60.85470106,0.297778363,22.81926245,283,1,32.94263986
0.507464441,0,0.507665306,1,0,0.197542835,1.180350745,0,0,0,0,0,5.48,8,2,1.3,372240,1,1,1,0,1,181,1,1,1,0,372421,21368,18.27817297,151,3,17.66391721,2.68209294,0.592147641,8,5.482668808,1,1.2993615,2.830375813,405,95.55695432,4,60.85498514,0.297765164,22.81893486,283,1,32.94277231
0,1,0,0,0,0,0,1,1,1,0,0,82.32,90,65,3.83,65280,1,1,1,0,1,15008,1,1,1,0,80288,15008,1370.47548,4937,837,576.8140181,4.566947532,2.541779281,90,67.12036668,1,31.89125385,1.32741375,4097,359.0724947,129,409.2244304,0.186927063,1,1,1,0
0,1,0,0,0,0,0,1,1,1,0,0,81.32,92,64,3.85,65280,1,1,1,0,1,15312,1,1,1,0,80592,15312,1389.417973,5089,829,557.6979636,4.644531067,2.547104372,92,66.05777248,1,31.69833799,1.301059252,4097,347.6833856,129,412.1829,0.189994044,1,1,1,0
0,1,0,0,0,0,0,1,1,1,0,0,78.31,93,60,3.9,65280,1,1,1,0,1,14300,1,1,1,0,79580,14300,1323.627133,6009,799,537.986657,4.642501257,2.516265561,93,64.41452626,1,29.88951121,1.324192452,8193,358.4690909,129,432.3601543,0.17969339,1,1,1,0
0,1,0,0,0,0,0,1,1,1,0,0,54.71,64,34,3.96,65280,1,1,1,0,1,7840,1,1,1,0,73120,7840,800.4489796,3669,395,392.5059605,4.273023103,2.522335127,64,48.95448578,1,17.03423335,1.438749812,8193,456.5755102,129,610.227565,0.107221007,1,1,1,0
0.566679934,0,0.554640124,1,0,0.211358738,1.260207781,0,0,0,0,0,3.23,4,1,1.01,1020982,1,1,1,0,1,301,1,1,1,0,1021283,322127,12.20403443,2712,1,56.43794633,1.94076357,1.011058006,4,3.232863956,1,1.008975485,1.479804545,90199,10.2495879,1,292.3134309,0.532201163,4.568486963,46203,0,134.1998178
0.565576978,0,0.553172869,1,0,0.214992673,1.278312683,0,0,0,0,0,3.2,4,1,1.02,969354,1,1,1,0,1,301,1,1,1,0,969655,321140,11.58857196,2712,1,52.40363011,1.923286106,1.035653998,4,3.194640362,1,1.018894138,1.459047611,90199,9.645945693,1,283.1497695,0.541710196,4.362558386,46203,0,130.1736375
0.56344824,0,0.552207825,1,0,0.213564357,1.314050895,0,0,0,0,0,3.29,4,1,0.99,1514824,1,1,1,0,1,301,1,1,1,0,1515125,450890,13.24497771,3744,1,58.71672804,1.981963466,0.983369084,4,3.293680059,1,0.988945927,1.410502088,148419,11.06774823,1,380.9790258,0.513838792,4.804012065,75754,0,172.2154606
0.562569832,0,0.551126687,1,0,0.216070921,1.328143145,0,0,0,0,0,3.27,4,1,1,1463272,1,1,1,0,1,301,1,1,1,0,1463573,450157,12.80258887,3744,1,55.79976248,1.96798938,1.000715934,4,3.270632213,1,0.996529952,1.392985301,148419,10.63364337,1,376.0688389,0.51930037,4.653785235,75754,0,170.022773
0.567198872,0,0.555294026,1,0,0.209799649,1.251319321,0,0,0,0,0,3.25,4,1,1,1078379,1,1,1,0,1,301,1,1,1,0,1078680,333864,12.44542089,2821,1,58.34477643,1.947106492,1.001396615,4,3.247564616,1,1.004570433,1.482648022,96387,10.49254487,1,306.7365236,0.528484815,4.650615221,49343,0,140.4542147
0.564756751,0,0.553554897,1,0,0.211758396,1.303467291,0,0,0,0,0,3.31,4,1,0.98,1600126,1,1,1,0,1,301,1,1,1,0,1600427,465243,13.56699402,3896,1,61.19214477,1.992888467,0.970930067,4,3.310860789,1,0.9827332,1.419042508,158525,11.38929764,1,397.3030844,0.511096726,4.933516463,80872,0,181.2312039
0.555144395,0,0.547717013,1,0,0.207741385,1.343928984,0,0,0,0,0,3.46,4,1,0.91,1605163,1,1,1,0,1,301,1,1,1,0,1605464,366276,17.20000764,2821,1,65.66951036,2.107023091,0.838646761,4,3.462611432,1,0.914555071,1.578949621,96387,15.17734714,1,361.7390339,0.479458275,6.313482183,49343,0,166.3571232
0.574159496,0,0.576611342,1,0,0.276431331,2.101489283,0,0,0,0,0,3.43,11,1,1.46,377202,1,1,1,0,1,300,1,1,1,0,377502,40788,27.99431205,610,2,59.98366958,3.252305676,1.467908171,11,3.42461232,1,1.462926181,3.230463588,1026,31.69554771,2,85.31162228,0.724314043,21.67532117,514,1,58.1616056
0.579946364,0,0.581308839,1,0,0.271369081,2.094858013,0,0,0,0,0,3.38,11,1,1.4,381597,1,1,1,0,1,300,1,1,1,0,381897,39860,29.83763171,610,3,62.3392816,3.288594278,1.418171079,11,3.382055895,1,1.398051253,3.270186078,1026,32.40333668,2,81.75285479,0.725177207,22.31241846,514,1,57.39332749
0.546781169,0,0.554296813,1,0,0.297938383,2.304161203,0,0,0,0,0,3.77,11,1,1.46,758790,1,1,1,0,1,300,1,1,1,0,759090,53119,37.460965,612,3,69.17144041,3.257824794,1.58056468,11,3.769186789,1,1.464266832,3.479695208,1031,53.86306218,2,158.0012719,0.648473831,32.84406709,520,1,88.17010246
0.547961905,0,0.55568656,1,0,0.297957776,2.310007411,0,0,0,0,0,3.78,11,1,1.47,754789,1,1,1,0,1,300,1,1,1,0,755089,53465,37.26679136,612,3,68.51300656,3.4608485,1.584041071,11,3.774319319,1,1.469045241,3.438419005,1031,53.30490975,2,157.4792946,0.648518254,32.50571402,520,1,87.89982827
0.560263943,0,0.569067044,1,0,0.27337944,2.120824844,0,0,0,0,0,3.41,11,1,1.4,423578,1,1,1,0,1,300,1,1,1,0,423878,43861,29.37833155,610,2,61.98358343,3.19699684,1.436425473,11,3.404720226,1,1.396666701,3.292523415,1026,32.90362737,2,90.82866416,0.707059578,21.73552815,514,1,57.05984297
0.541762979,0,0.551376002,1,0,0.290900373,2.229441678,0,0,0,0,0,3.61,11,1,1.39,743965,1,1,1,0,1,300,1,1,1,0,744265,55429,38.1640477,612,2,69.89328615,3.424538051,1.488582978,11,3.610688397,1,1.387489908,3.555765761,1031,48.48200401,2,141.9672818,0.649262024,29.47188295,520,1,78.8129166
0.522612575,0,0.525932629,1,0,0.308427281,2.214703522,0,0,0,0,0,3.46,11,1,1.21,823600,1,1,1,0,1,300,1,1,1,0,823900,53441,51.69938811,610,2,74.75356739,3.68874049,1.305688877,11,3.457088239,1,1.206905453,3.794449028,1030,53.29793604,2,133.2924161,0.608123559,30.92109055,736,1,75.36312327
0.528702051,1,0.545806834,0.75,0,0.098822347,0.686056755,1,1,1,0,0,2.57,1023,1,5.46,469077,1,1,1,0,1,101248,1,1,1,0,570325,203287,75.22215882,9092,1,139.5428389,2.326630368,1.030807333,1023,2.291886205,1,4.98478212,1.111242075,7676,6.429924196,2,47.08189308,0.996517775,5.922356078,7676,1,47.0527877
0.299153877,1,0.278851305,1,0,0.236533686,1.307135638,1,1,1,0,0,2.57,47,1,0.95,44904,1,1,1,0,1,98,1,1,1,0,45002,2952,48.06165312,135,3,28.46476438,4.514067709,0.729963584,47,2.570641305,1,0.953567718,3.831799218,108,39.18834688,1,31.03420221,0.301742145,11.25033875,46,0,11.19069735
0.333666589,1,0.277674532,1,0,0.238646687,1.312141185,1,1,1,0,0,2.59,85,1,2.6,33228,1,1,1,0,1,174,1,1,1,0,33402,6460,49.56563467,180,4,23.27288371,4.318200285,0.774134252,85,2.580504161,1,2.595589016,2.443346949,217,13.34272446,1,28.12460996,0.345727801,4.789628483,70,1,8.346493165
0.291916025,1,0.275601736,1,0,0.224828672,1.264461616,1,1,1,0,0,2.56,71,1,0.77,196034,1,1,1,0,1,180,1,1,1,0,196214,8107,66.60922659,263,4,56.56260896,4.954578627,0.708030594,71,2.559124222,1,0.771924722,4.599579575,209,61.9385716,1,52.74884625,0.271020416,15.46786728,107,0,17.05177677
0.057045187,1,0.064381305,1,0,0.245430952,0.238856402,1,1,1,0,0,2.26,16,2,1.78,24883,1,1,1,0,1,3204,1,1,1,0,28087,3204,19.91573034,146,2,26.39654415,1.28403267,0.473634101,16,2.113789298,1,1.719459118,1.397846538,146,18.52996255,2,27.61699731,0.17111119,2,2,2,0
0.145906305,1,0.200180207,1,0,0.400135092,0.500652142,1,1,1,0,0,2.74,3,2,0.44,6659,1,1,1,0,1,2666,1,1,1,0,9325,2666,12.92348087,178,6,18.46889063,0.970511438,1.004675331,3,2.24536193,1,0.870032011,0.928045531,90,7.853713428,4,9.551670754,0.428847185,2,2,2,0
0.18657659,1,0.235241834,1,0,0.424149872,0.545532942,1,1,1,0,0,2.52,3,1,0.52,13501,1,1,1,0,1,6352,1,1,1,0,19853,6352,9.307304786,170,3,12.94912384,1.832110964,1.096606067,3,2.034805823,1,0.829278041,1.634719158,86,6.359729219,3,6.419073568,0.487029668,2.022197733,3,2,0.147326147
0.017693737,1,0.030742854,0.1,0,0.027430584,3.205727527,1,1,1,0,0,56.04,360,10,32.6,19026,1,1,1,0,1,5039,1,1,1,0,24065,5039,733.1024013,1914,67,263.4704638,6.594904578,3.06462873,360,44.51660087,1,36.62680634,4.973900769,1057,212.6001191,3,236.2421627,0.209391232,1,1,1,0
0.505193334,0.263392857,0.514986207,1,0.166666667,0.111572577,0.931976601,0.263392857,1,0,0.440473677,0.576575907,2.44,6,1,0.91,145238,1,1,1,0,1,672,1,1,1,0,145910,40290,10.36664185,110,3,8.801187851,2.299038908,0.820735625,6,2.410664108,1,0.89791833,1.741119899,141,8.730206006,3,10.24586961,0.917620451,7.473914123,137,2,10.18449452
0.505193334,0.263392857,0.514986207,1,0.166666667,0.111572577,0.931976601,0.263392857,1,0,0.440473677,0.576575907,2.44,6,1,0.91,145238,1,1,1,0,1,672,1,1,1,0,145910,40290,10.36664185,110,3,8.801187851,2.299038908,0.820735625,6,2.410664108,1,0.89791833,1.741119899,141,8.730206006,3,10.24586961,0.917620451,7.473914123,137,2,10.18449452
0.5045365,1,0.513353237,1,0,0.11509673,0.950431793,1,1,1,0,0,2.44,6,1,0.91,145700,1,1,1,0,1,210,1,1,1,0,145910,40290,10.36664185,110,3,8.801187851,2.299038908,0.820735625,6,2.410664108,1,0.89791833,1.741119899,141,8.730206006,3,10.24586961,0.917620451,7.473914123,137,2,10.18449452
0.649796545,0.895881296,0.897057385,1,0,0.203960916,0.857660441,0.895881296,1,0,0.305414472,0.334039575,2.97,352,1,8.83,4675041,1,1,1,0,1,138563,1,1,1,0,4813604,138563,163.9105317,13364,3,519.2590553,3.920316516,0.677491002,352,2.914168885,1,8.704086552,3.671163272,14489,101.2366577,3,444.8590707,0.960610179,70.07657888,7251,1,228.8953874
0.649796333,0.895881296,0.897057278,1,0,0.203961256,0.857661612,0.895881296,1,0,0.305414472,0.334039575,2.97,352,1,8.83,4675041,1,1,1,0,1,138563,1,1,1,0,4813604,138563,163.9106616,13364,3,519.2590296,3.92037972,0.677492843,352,2.914169508,1,8.704086594,3.671218037,14489,101.2366793,3,444.8590676,0.960609971,70.07656445,7251,1,228.8953915
0.649740143,0.968197702,0.896801034,1,0,0.204166583,0.859007973,0.968197702,1,0,0.175473394,0.140952374,2.97,352,1,8.79,4671353,1,1,1,0,1,138795,1,1,1,0,4810148,138795,163.6626463,13241,3,518.2310749,3.907839305,0.678337024,352,2.914005349,1,8.670960881,3.663555792,14249,100.9892071,3,443.7383087,0.960475852,69.90333946,7131,1,228.3201244
0.64974019,0.968197702,0.896801034,1,0,0.204166583,0.859007973,0.968197702,1,0,0.175473394,0.140952374,2.97,352,1,8.79,4671353,1,1,1,0,1,138795,1,1,1,0,4810148,138795,163.6626031,13241,3,518.2310729,3.907814156,0.678335554,352,2.914005141,1,8.670960867,3.66357472,14249,100.9891999,3,443.73831,0.960475852,69.90333946,7131,1,228.3201244
0.649740143,0.968197702,0.896801034,1,0,0.204166583,0.859007973,0.968197702,1,0,0.175473394,0.140952374,2.97,352,1,8.79,4671353,1,1,1,0,1,138795,1,1,1,0,4810148,138795,163.6626463,13241,3,518.2310535,3.908015176,0.678337024,352,2.914005349,1,8.670960881,3.663682436,14249,100.9892071,3,443.7383059,0.960475852,69.90333946,7131,1,228.3201244
0.508989419,0.621672313,0.503747903,1,0,0.206755528,1.377854248,0.621672313,1,0,0.484969946,0.66323951,2.6,383,1,1.01,234694,1,1,1,0,1,68779,1,1,1,0,303473,68779,9.641591183,2497,4,32.73189158,1.969501619,1.16390095,383,2.239069044,1,1.111917891,2.098354556,2497,9.879425406,3,17.74050447,0.721714947,6.231044359,2497,3,16.58144421
0.508990194,0.621672313,0.503750034,1,0,0.206752913,1.377841555,0.621672313,1,0,0.484969946,0.66323951,2.6,383,1,1.01,234694,1,1,1,0,1,68779,1,1,1,0,303473,68779,9.641765655,2497,4,32.7318815,1.969636901,1.163908534,383,2.23907893,1,1.11192021,2.098507824,2497,9.879469024,3,17.74049206,0.721711651,6.23102982,2497,3,16.58144222
0.50898939,0.621672313,0.503749324,1,0,0.206753213,1.377842451,0.621672313,1,0,0.484969946,0.66323951,2.6,383,1,1.01,234694,1,1,1,0,1,68779,1,1,1,0,303473,68779,9.641678419,2497,4,32.73189253,1.969520703,1.163898995,383,2.239075634,1,1.111916474,2.098403742,2497,9.879454485,3,17.74049975,0.721711651,6.23102982,2497,3,16.58144222
0.502723075,0.508091006,0.499041712,1,0,0.205258867,1.268118989,0.508091006,1,0,0.499934531,0.693016246,2.63,348,1,0.67,1008604,1,1,1,0,1,289828,1,1,1,0,1298432,289828,7.763832342,5242,4,22.08167676,1.659297121,1.162346705,348,2.267488786,1,0.899976443,1.900780885,5367,10.15836979,3,22.51501676,0.681900939,5.893347089,5222,3,17.28560139
0.571426693,0.657200257,0.626663979,1,0,0.369409503,1.418088417,0.657200257,1,0,0.474645214,0.642875088,2.33,5,1,0.47,456351,1,1,1,0,1,164758,1,1,1,0,621109,164758,6.231406062,2308,1,14.30126605,1.140822703,1.046183954,5,1.979647695,1,0.71398742,1.132423261,2309,7.462927445,2,16.8743706,0.807455696,5.28533971,2307,2,11.86153653
0.500013271,0.529587567,0.500017018,1,0,0.108795096,0.805481749,0.529587567,1,0,0.499123808,0.691395309,3.47,4,2,0.74,1312353,1,1,1,0,1,142205,1,1,1,0,1454558,142205,52.78741957,999,5,64.4562705,4.49842453,1.145406064,4,3.231982499,1,1.018195936,3.845570636,566,33.05865476,5,36.32777754,0.325069196,6.687296509,292,2,4.454485791
0.50001338,0.529587567,0.500017145,1,0,0.108794999,0.8054803,0.529587567,1,0,0.499123808,0.691395309,3.47,4,2,0.74,1312353,1,1,1,0,1,142205,1,1,1,0,1454558,142205,52.78739144,999,5,64.45627106,4.498410191,1.145406338,4,3.231981812,1,1.01819643,3.845556917,566,33.05864773,5,36.32777551,0.325069884,6.687310573,292,2,4.454488357
0.500003661,0.687636213,0.500004639,1,0,0.065685432,0.437936074,0.687636213,1,0,0.463457281,0.620978934,3.82,5,2,0.48,3362667,1,1,1,0,1,98651,1,1,1,0,3461318,98651,163.4027734,1464,6,197.4857407,5.820257347,0.60848973,5,3.737315381,1,0.666063891,5.509139326,1287,131.1293043,4,178.3225802,0.114179339,8.736029032,695,2,18.16090193
0.623349607,1,0.686968236,1,0,0.299193087,1.225031343,1,1,1,0,0,2.31,7,1,0.83,415559,1,1,1,0,1,5040,1,1,1,0,420599,93028,10.39373092,26,3,6.262839865,2.291478488,0.82852703,7,2.292097699,1,0.840143477,2.116397185,32,10.36305198,4,6.695699932,0.781908659,6.917347465,26,2,5.227557581
0.623354056,1,0.686971938,1,0,0.299178346,1.224921922,1,1,1,0,0,2.31,7,1,0.83,465054,1,1,1,0,1,5640,1,1,1,0,470694,104098,10.39451286,26,3,6.263044867,2.291264294,0.828404804,7,2.292113348,1,0.840095973,2.116305694,32,10.36411843,4,6.695815806,0.781919889,6.918259717,26,2,5.227552189
0.623345214,1,0.686961746,1,0,0.299166366,1.22485957,1,1,1,0,0,2.31,7,1,0.83,507931,1,1,1,0,1,6160,1,1,1,0,514091,113692,10.39503219,26,3,6.263302218,2.290964465,0.828319849,7,2.29213505,1,0.840071066,2.116238947,32,10.36454632,4,6.6960113,0.781923823,6.918631038,26,2,5.227569561
0.623345343,1,0.686964532,1,0,0.299169144,1.224866546,1,1,1,0,0,2.31,7,1,0.83,504632,1,1,1,0,1,6120,1,1,1,0,510752,112954,10.39506348,26,3,6.26315616,2.290896206,0.82836116,7,2.292133952,1,0.840082351,2.116206931,32,10.36450236,4,6.696049036,0.781915685,6.918488942,26,2,5.227652506
0.623360576,1,0.686988725,1,0,0.299185013,1.224908512,1,1,1,0,0,2.31,7,1,0.83,471662,1,1,1,0,1,5720,1,1,1,0,477382,105574,10.39488889,26,3,6.262725565,2.290575875,0.828524496,7,2.292109883,1,0.840121091,2.116153604,32,10.3644079,4,6.695873193,0.781893745,6.918104836,26,2,5.227749112
0.623342359,1,0.686956886,1,0,0.299148505,1.224746567,1,1,1,0,0,2.31,7,1,0.83,593705,1,1,1,0,1,7200,1,1,1,0,600905,132880,10.39586093,26,3,6.263637093,2.290701726,0.828176425,7,2.292159326,1,0.840021733,2.116146046,32,10.36551776,4,6.696201086,0.78193558,6.91949127,26,2,5.227551356
0.623350817,1,0.686976558,1,0,0.29917035,1.224833703,1,1,1,0,0,2.31,7,1,0.83,524436,1,1,1,0,1,6360,1,1,1,0,530796,117382,10.39547801,26,3,6.263124007,2.290906031,0.828412847,7,2.292134831,1,0.840088303,2.116274031,32,10.36492818,4,6.696041828,0.781901145,6.918590585,26,2,5.227705947
0.623342842,1,0.686966038,1,0,0.299157923,1.224771849,1,1,1,0,0,2.31,7,1,0.83,577210,1,1,1,0,1,7000,1,1,1,0,584210,129190,10.39594396,26,3,6.263401098,2.290755865,0.828313752,7,2.292155218,1,0.840059471,2.116204662,32,10.36535336,4,6.696209659,0.781908903,6.919010759,26,2,5.227682105
0.62334122,1,0.686953638,1,0,0.299140373,1.22470032,1,1,1,0,0,2.31,7,1,0.83,636592,1,1,1,0,1,7720,1,1,1,0,644312,142474,10.39615649,26,3,6.263768408,2.290475522,0.828101419,7,2.292169011,1,0.839997432,2.116015401,32,10.36590536,4,6.696283582,0.781944151,6.919887137,26,2,5.227547881
0.623363218,1,0.687015963,1,0,0.29921312,1.224986985,1,1,1,0,0,2.31,7,1,0.83,438672,1,1,1,0,1,5320,1,1,1,0,443992,98194,10.39505469,26,3,6.262044458,2.291202084,0.828921985,7,2.292095353,1,0.840230537,2.116535377,32,10.36389189,4,6.695857325,0.781818141,6.916705705,26,2,5.22810996
0.623355171,1,0.686981192,1,0,0.2991645,1.224782291,1,1,1,0,0,2.31,7,1,0.83,557436,1,1,1,0,1,6760,1,1,1,0,564196,124762,10.39584168,26,3,6.263254945,2.290982455,0.828364661,7,2.292139611,1,0.840067184,2.116429513,32,10.36546384,4,6.696046311,0.781905579,6.919029833,26,2,5.227661971
0.623342743,1,0.68696474,1,0,0.299156437,1.224767102,1,1,1,0,0,2.31,7,1,0.83,580509,1,1,1,0,1,7040,1,1,1,0,587549,129928,10.39594237,26,3,6.263402686,2.290578925,0.828293459,7,2.292156058,1,0.840053778,2.116137129,32,10.36538698,4,6.696228595,0.781912657,6.919085955,26,2,5.2276793
0.639825218,0.949812801,0.674643875,1,0,0.210216258,1.058917589,0.949812801,1,0,0.218331043,0.199066071,2.74,151,2,6.16,83070,1,1,1,0,1,22436,1,1,1,0,105506,42742,80.53156146,724,2,83.13957664,0.960195468,1.071810881,151,2.368775236,1,5.507972392,0.266645985,584,5.84717608,2,33.38156384,0.998654105,5.34551495,583,2,33.35613062
0.639825218,0.949857372,0.674643875,1,0,0.210216258,1.058917589,0.949857372,1,0,0.218239192,0.198934989,2.74,151,2,6.16,83070,1,1,1,0,1,22436,1,1,1,0,105506,42742,80.53156146,724,2,83.13957664,0.960195468,1.071810881,151,2.368775236,1,5.507972392,0.266645985,584,5.84717608,2,33.38156384,0.998654105,5.34551495,583,2,33.35613062
0.639825218,0.899848458,0.674643875,1,0,0.210216258,1.058917589,0.899848458,1,0,0.30020195,0.325415818,2.74,151,2,6.16,83070,1,1,1,0,1,22436,1,1,1,0,105506,42742,80.53156146,724,2,83.13957664,0.960195468,1.071810881,151,2.368775236,1,5.507972392,0.266645985,584,5.84717608,2,33.38156384,0.998654105,5.34551495,583,2,33.35613062
0.639719626,0.950401003,0.674349125,1,0,0.209527358,1.056103663,0.950401003,1,0,0.217115032,0.197332819,2.74,201,2,7.12,148390,1,1,1,0,1,39900,1,1,1,0,188290,76190,105.5511222,968,2,108.3295886,0.938021094,1.069453853,201,2.371342079,1,6.357444456,0.250029313,780,5.860349127,2,38.7085207,0.998990918,5.359102244,779,2,38.68648489
0.639719626,0.950401003,0.674349125,1,0,0.209527358,1.056103663,0.950401003,1,0,0.217115032,0.197332819,2.74,201,2,7.12,148390,1,1,1,0,1,39900,1,1,1,0,188290,76190,105.5511222,968,2,108.3295886,0.938021094,1.069453853,201,2.371342079,1,6.357444456,0.250029313,780,5.860349127,2,38.7085207,0.998990918,5.359102244,779,2,38.68648489
0.639719626,0.950350877,0.674349125,1,0,0.209527358,1.056103663,0.950350877,1,0,0.217218985,0.197480808,2.74,201,2,7.12,148390,1,1,1,0,1,39900,1,1,1,0,188290,76190,105.5511222,968,2,108.3295886,0.938021094,1.069453853,201,2.371342079,1,6.357444456,0.250029313,780,5.860349127,2,38.7085207,0.998990918,5.359102244,779,2,38.68648489
0.639719626,0.948345865,0.674349125,1,0,0.209527358,1.056103663,0.948345865,1,0,0.221327779,0.203357238,2.74,201,2,7.12,148390,1,1,1,0,1,39900,1,1,1,0,188290,76190,105.5511222,968,2,108.3295886,0.938021094,1.069453853,201,2.371342079,1,6.357444456,0.250029313,780,5.860349127,2,38.7085207,0.998990918,5.359102244,779,2,38.68648489
0.639719626,0.951002506,0.674349125,1,0,0.209527358,1.056103663,0.951002506,1,0,0.215862779,0.195552778,2.74,201,2,7.12,148390,1,1,1,0,1,39900,1,1,1,0,188290,76190,105.5511222,968,2,108.3295886,0.938021094,1.069453853,201,2.371342079,1,6.357444456,0.250029313,780,5.860349127,2,38.7085207,0.998990918,5.359102244,779,2,38.68648489
0.639719626,0.951002506,0.674349125,1,0,0.209527358,1.056103663,0.951002506,1,0,0.215862779,0.195552778,2.74,201,2,7.12,148390,1,1,1,0,1,39900,1,1,1,0,188290,76190,105.5511222,968,2,108.3295886,0.938021094,1.069453853,201,2.371342079,1,6.357444456,0.250029313,780,5.860349127,2,38.7085207,0.998990918,5.359102244,779,2,38.68648489
0.639719626,0.951052632,0.674349125,1,0,0.209527358,1.056103663,0.951052632,1,0,0.215758021,0.195404092,2.74,201,2,7.12,148390,1,1,1,0,1,39900,1,1,1,0,188290,76190,105.5511222,968,2,108.3295886,0.938021094,1.069453853,201,2.371342079,1,6.357444456,0.250029313,780,5.860349127,2,38.7085207,0.998990918,5.359102244,779,2,38.68648489
0.639719626,0.950977444,0.674349125,1,0,0.209527358,1.056103663,0.950977444,1,0,0.215915135,0.195627101,2.74,201,2,7.12,148390,1,1,1,0,1,39900,1,1,1,0,188290,76190,105.5511222,968,2,108.3295886,0.938021094,1.069453853,201,2.371342079,1,6.357444456,0.250029313,780,5.860349127,2,38.7085207,0.998990918,5.359102244,779,2,38.68648489
0.639719626,0.95085213,0.674349125,1,0,0.209527358,1.056103663,0.95085213,1,0,0.216176679,0.195998513,2.74,201,2,7.12,148390,1,1,1,0,1,39900,1,1,1,0,188290,76190,105.5511222,968,2,108.3295886,0.938021094,1.069453853,201,2.371342079,1,6.357444456,0.250029313,780,5.860349127,2,38.7085207,0.998990918,5.359102244,779,2,38.68648489
0.639719626,0.950952381,0.674349125,1,0,0.209527358,1.056103663,0.950952381,1,0,0.215967475,0.19570141,2.74,201,2,7.12,148390,1,1,1,0,1,39900,1,1,1,0,188290,76190,105.5511222,968,2,108.3295886,0.938021094,1.069453853,201,2.371342079,1,6.357444456,0.250029313,780,5.860349127,2,38.7085207,0.998990918,5.359102244,779,2,38.68648489
0.639719626,0.950827068,0.674349125,1,0,0.209527358,1.056103663,0.950827068,1,0,0.216228941,0.196072755,2.74,201,2,7.12,148390,1,1,1,0,1,39900,1,1,1,0,188290,76190,105.5511222,968,2,108.3295886,0.938021094,1.069453853,201,2.371342079,1,6.357444456,0.250029313,780,5.860349127,2,38.7085207,0.998990918,5.359102244,779,2,38.68648489
0.639719626,0.899674185,0.674349125,1,0,0.209527358,1.056103663,0.899674185,1,0,0.300433929,0.325798272,2.74,201,2,7.12,148390,1,1,1,0,1,39900,1,1,1,0,188290,76190,105.5511222,968,2,108.3295886,0.938021094,1.069453853,201,2.371342079,1,6.357444456,0.250029313,780,5.860349127,2,38.7085207,0.998990918,5.359102244,779,2,38.68648489
0.377444619,0,0.467059958,1,0,0.151644099,0.884358986,0,0,0,0,0,2.76,1276,1,19.78,1359615,1,1,1,0,1,49770,1,1,1,0,1409385,169465,124.8359307,7858,1,355.3868033,3.66571557,0.703260089,1276,2.701324337,1,19.42775751,2.536990003,8696,22.46603133,1,103.694107,0.846918337,14.33954504,6900,0,72.49064472
0.385048436,0,0.453600875,1,0,0.166979854,1.011742715,0,0,0,0,0,2.71,324,1,6.81,955301,1,1,1,0,1,49770,1,1,1,0,1005071,146219,105.9899124,6080,1,238.9037814,3.729700241,0.819163621,324,2.62153022,1,6.647363294,2.451163733,6234,18.01971016,1,76.7350612,0.807184766,11.27622949,5290,0,41.68752318
0.382419501,0,0.458291201,1,0,0.163386092,0.994172576,0,0,0,0,0,2.73,316,1,5.48,1115040,1,1,1,0,1,49770,1,1,1,0,1164810,155804,111.5234012,7315,1,298.0003892,3.743218725,0.806568547,316,2.655412471,1,5.377360334,2.689188535,7478,19.8521925,1,81.26256454,0.824867575,12.54721317,6424,0,43.69806043
0.385478785,0,0.457483842,1,0,0.166024511,1.016792606,0,0,0,0,0,2.72,326,1,6.83,1061494,1,1,1,0,1,49770,1,1,1,0,1111264,157161,105.1877438,6781,1,262.330602,3.724086425,0.815856343,326,2.638778904,1,6.684363836,2.552657027,6932,18.6584458,1,78.46842046,0.815900632,11.75273128,5946,0,43.01262902
0.38572938,0,0.452006386,1,0,0.168531475,1.042750435,0,0,0,0,0,2.7,316,1,5.62,964175,1,1,1,0,1,49770,1,1,1,0,1013945,148746,104.3927097,6239,1,241.8694214,3.718496954,0.847876618,316,2.618703184,1,5.494343662,2.56452629,6406,17.85070523,1,75.6279381,0.806462875,11.18621005,5435,0,40.43859372
0.387354712,0,0.451572165,1,0,0.170329999,1.060225983,0,0,0,0,0,2.7,316,1,5.37,952481,1,1,1,0,1,49770,1,1,1,0,1002251,150217,101.9579874,5828,1,231.5006348,3.720263452,0.860757725,316,2.613776389,1,5.248111278,2.559354316,5994,17.43917133,1,74.09990417,0.801026888,10.88557886,5073,0,39.24661963
0.384123293,0,0.454974377,1,0,0.166762488,1.016961981,0,0,0,0,0,2.71,350,1,6.93,1017955,1,1,1,0,1,49770,1,1,1,0,1067725,150835,107.3211854,6642,1,261.4901468,3.714967301,0.82337894,350,2.633854223,1,6.771717685,2.562074478,6904,18.64442603,1,78.65214913,0.815321361,11.73670567,5766,0,43.09664478
0.388458629,0,0.449736094,1,0,0.171700811,1.065342735,0,0,0,0,0,2.69,316,1,5.61,910439,1,1,1,0,1,49770,1,1,1,0,960209,147615,100.7723809,5870,1,218.0962996,3.709835079,0.864235649,316,2.600476563,1,5.473604532,2.49464204,6044,16.91563188,1,72.87072793,0.795971502,10.54318328,5103,0,38.89374951
0.54203989,1,0.544029791,1,0,0.129211449,1.031525475,1,1,1,0,0,2.98,17,2,1.52,2413090,1,1,1,0,1,310,1,1,1,0,2413400,1225430,12.71479399,847,3,55.91417031,0.959721817,1.066019471,17,2.977131847,1,1.523780163,1.190924663,564,5.863256163,2,21.55393633,0.815701914,3.735892707,376,1,8.39597796
0.534488124,1,0.540090455,1,0,0.164388684,1.252770568,1,1,1,0,0,3.19,8,2,1.62,263850,1,1,1,0,1,76,1,1,1,0,263926,109701,16.61001267,393,3,49.23546715,1.664339945,1.162822351,8,3.190576146,1,1.622123463,1.733844402,294,7.676101403,2,20.90571537,0.738563082,4.14286105,196,1,9.576898559
0.536935232,1,0.542108084,1,0,0.156506874,1.172855528,1,1,1,0,0,3.06,8,2,1.55,302624,1,1,1,0,1,98,1,1,1,0,302722,137473,14.42860053,393,3,42.83464114,1.412589347,1.120494294,8,3.057623826,1,1.547879289,1.596900356,294,6.733031213,2,18.28017176,0.781073064,4.009863755,196,1,8.584217324
0.531597907,1,0.538244042,1,0,0.183458438,1.367639327,1,1,1,0,0,3.45,8,1,1.74,170567,1,1,1,0,1,45,1,1,1,0,170612,55117,23.66262678,369,1,60.7838475,2.106718582,1.226284767,8,3.449728038,1,1.741557127,2.101401363,276,10.67846581,2,26.21480965,0.654684313,4.750439973,184,1,12.2007168
0.533864223,1,0.540770219,1,0,0.154438412,1.193850398,1,1,1,0,0,3.22,9,2,1.65,473664,1,1,1,0,1,120,1,1,1,0,473784,203310,16.44406079,473,3,55.27112845,1.218400961,1.150439542,9,3.216343313,1,1.645393513,1.505912536,354,7.495214205,2,22.40900551,0.741350489,4.036004132,236,1,9.324089641
0.536560443,1,0.541038906,1,0,0.149767881,1.168184248,1,1,1,0,0,3.17,9,2,1.65,776658,1,1,1,0,1,142,1,1,1,0,776800,342244,15.64499012,613,3,57.57738684,1.322461016,1.143078063,9,3.166081359,1,1.649703306,1.502483317,408,7.186136207,2,23.30522178,0.757779351,4.003190706,272,1,9.710393138
0.536247473,1,0.54093053,1,0,0.149031718,1.16504513,1,1,1,0,0,3.18,9,2,1.66,865614,1,1,1,0,1,151,1,1,1,0,865765,380347,15.84113717,640,3,59.55744926,1.29114396,1.144216035,9,3.180935935,1,1.657439773,1.482149689,426,7.240606604,2,23.93583179,0.754383695,3.997862478,284,1,9.827999834
0.534013306,1,0.539584966,1,0,0.149461799,1.18248215,1,1,1,0,0,3.29,9,2,1.71,1206528,1,1,1,0,1,170,1,1,1,0,1206698,506480,17.57412336,748,3,70.45066251,1.269530603,1.16097475,9,3.289920096,1,1.711463664,1.47578324,498,7.838295688,2,27.66607913,0.725074542,4.025031591,332,1,10.75482471
0.532850276,1,0.538825896,1,0,0.149760722,1.19040823,1,1,1,0,0,3.34,9,2,1.74,1398189,1,1,1,0,1,178,1,1,1,0,1398367,573523,18.48961768,802,3,76.08842854,1.271281367,1.167855351,9,3.344454639,1,1.736109185,1.481746442,534,8.154468086,2,29.59612189,0.71028421,4.035632398,356,1,11.21771077
0.542724269,1,0.544124446,1,0,0.128594706,1.028643452,1,1,1,0,0,2.96,10,2,1.5,2191365,1,1,1,0,1,300,1,1,1,0,2191665,1119405,12.36799282,802,3,54.10540773,0.96468157,1.060137442,10,2.96309655,1,1.499281805,1.185930661,534,5.801398957,2,21.02873048,0.818802144,3.727364091,356,1,8.098139903
0.542774471,1,0.54414779,1,0,0.128617433,1.029408308,1,1,1,0,0,2.96,10,2,1.5,2191365,1,1,1,0,1,300,1,1,1,0,2191665,1119405,12.36675466,802,3,54.10529801,0.964576434,1.058457981,10,2.96309655,1,1.499035278,1.186536702,534,5.801398957,2,21.02859858,0.818802144,3.727364091,356,1,8.098139903
0.525062111,1,0.534914055,1,0,0.181764616,1.380471719,1,1,1,0,0,3.62,8,2,1.8,333261,1,1,1,0,1,62,1,1,1,0,333323,100988,28.02631996,497,3,77.89945474,1.90642446,1.234949187,8,3.619207195,1,1.799907988,2.053389934,372,11.9456272,2,31.82552292,0.618235165,4.796045075,248,1,14.11589205
0.529592062,1,0.538393189,1,0,0.189852199,1.360823752,1,1,1,0,0,3.25,9,2,1.67,118609,1,1,1,0,1,40,1,1,1,0,118649,42065,19.71598716,321,3,45.30834384,2.130822492,1.231286878,9,3.245075812,1,1.665323839,2.100972641,240,9.153096398,2,21.31666799,0.713566907,4.711589207,160,1,11.32599509
0.540858235,1,0.544329692,1,0,0.137264997,1.076318085,1,1,1,0,0,2.98,30,2,1.59,968669,1,1,1,0,1,206,1,1,1,0,968875,479096,13.1185107,604,3,47.26746136,1.097558334,1.081242817,30,2.974709844,1,1.586225482,1.329587622,402,6.015750497,2,19.08052012,0.816388079,3.844143971,268,1,8.073417675
0.541070567,1,0.544453527,1,0,0.136921755,1.07206092,1,1,1,0,0,2.96,33,2,1.58,945213,1,1,1,0,1,205,1,1,1,0,945418,470143,12.99766879,595,3,46.33774106,1.098496022,1.077027635,33,2.962910586,1,1.581965279,1.327417998,396,5.958163793,2,18.73734685,0.819735821,3.837655777,264,1,7.970381304
0.540572937,1,0.544555165,1,0,0.135610192,1.070477499,1,1,1,0,0,3,48,2,1.63,1251354,1,1,1,0,1,241,1,1,1,0,1251595,615316,13.61376268,667,3,51.03850499,0.963054605,1.084862836,48,2.999726749,1,1.631872644,1.280042451,444,6.101650209,2,20.21776581,0.811497329,3.84865825,296,1,8.272336231
0.5476499,1,0.548975444,1,0,0.125098302,0.889276068,1,1,1,0,0,2.47,20,2,1.16,75501,1,1,1,0,1,91,1,1,1,0,75592,46941,8.083445176,134,3,9.623506511,1.133175242,0.808476058,20,2.471809186,1,1.157633089,1.274775388,114,3.980507446,2,5.140677022,0.954876177,3.56470889,76,1,3.292299888
0.547593646,1,0.54890087,1,0,0.125265795,0.887049502,1,1,1,0,0,2.46,23,2,1.15,75314,1,1,1,0,1,91,1,1,1,0,75405,46941,8.025457489,134,3,9.389650646,1.142536655,0.798753476,23,2.462475963,1,1.147633307,1.267813789,114,3.955667753,2,5.092465866,0.957244215,3.56470889,76,1,3.292299888
0.777305418,0.976789168,0.814352597,1,0,0.246446602,1.222274625,0.996616859,1,0,0.058066299,0.022623932,2.4,36,1,1.52,553566,1.02,7,1,0.35,1,3547,1,1,1,0,557113,69783,16.96188183,50,3,12.5746326,2.677661783,0.692180246,36,2.39500604,1,1.523645148,2.497911498,84,19.12054512,2,17.38403471,0.946562008,16.98569852,62,1,16.39666443
0,1,0,0,0,0,0,1,1,1,0,0,76.07,172,5,29.66,1437,1,1,1,0,1,6139,1,1,1,0,7576,6139,513.5678449,1410,29,211.9219516,6.49642446,1.385427284,172,15.23983633,1,32.14203648,3.435523751,55,18.80713471,2,7.809234403,0.81032207,1,1,1,0
0,0.5,,,,,,0.5,1,0,0.5,0.693147181,0,0,0,0,0,2,2,2,0,1,1132,1,1,1,0,1132,40,29.3,35,24,2.694438717,2.226276035,0,2,2,2,0,2.226276035,68,56.6,46,5.388877434,0.5,28.3,34,23,2.694438717
0,0.5,,,,,,0.5,1,0,0.5,0.693147181,0,0,0,0,0,2,2,2,0,1,1188,1,1,1,0,1188,40,30.7,36,24,2.570992026,2.164731168,0,2,2,2,0,2.164731168,70,59.4,46,5.141984053,0.5,29.7,35,23,2.570992026
0,1,0,0,0,0,0,1,1,1,0,0,2,2,2,0,20119,1,1,1,0,1,400,1,1,1,0,20519,400,101.595,125,78,8.242328251,3.486343502,0.096063765,2,1.980505873,1,0.138253775,3.486343502,125,101.595,78,8.242328251,0.019494127,1,1,1,0
0,0.5,,,,,,0.5,1,0,0.5,0.693147181,0,0,0,0,0,2,2,2,0,1,1022,1,1,1,0,1022,40,26.55,34,21,2.597595042,2.195273549,0,2,2,2,0,2.195273549,66,51.1,40,5.195190083,0.5,25.55,33,20,2.597595042
0,1,0,0,0,0,0,1,1,1,0,0,2,2,2,0,112267,1,1,1,0,1,800,1,1,1,0,113067,800,281.6675,326,242,13.59676225,3.961709954,0.042081796,2,1.992924549,1,0.083817593,3.961709954,326,281.6675,242,13.59676225,0.007075451,1,1,1,0
0,1,0,0,0,0,0,1,1,1,0,0,2,2,2,0,111957,1,1,1,0,1,800,1,1,1,0,112757,800,280.8925,319,235,13.42519809,3.97372749,0.042177942,2,1.992905097,1,0.08393191,3.97372749,319,280.8925,235,13.42519809,0.007094903,1,1,1,0
0,1,0,0,0,0,0,1,1,1,0,0,2,2,2,0,89600,1,1,1,0,1,1024,1,1,1,0,90624,1024,176,176,176,0,0,0.061890751,2,1.988700565,1,0.105696536,0,176,176,176,0,0.011299435,1,1,1,0
0,1,0,0,0,0,0,1,1,1,0,0,2,2,2,0,1980,1,1,1,0,1,1035,1,1,1,0,3015,1035,4.826086957,23,4,3.87469128,0.178844913,0.643189472,2,1.656716418,1,0.474805186,0.178844913,23,4.826086957,4,3.87469128,0.343283582,1,1,1,0
0,1,0,0,0,0,0,1,1,1,0,0,2,2,2,0,6480,1,1,1,0,1,3321,1,1,1,0,9801,3321,4.902439024,41,4,5.707525533,0.114665282,0.640265046,2,1.661157025,1,0.473316399,0.114665282,41,4.902439024,4,5.707525533,0.338842975,1,1,1,0
0,1,0,0,0,0,0,1,1,1,0,0,2,2,2,0,377247,1,1,1,0,1,1000,1,1,1,0,378247,1000,755.494,895,592,73.28935778,5.432351791,0.01833253,2,1.997356225,1,0.05134964,5.432351791,895,755.494,592,73.28935778,0.002643775,1,1,1,0
0,1,0,0,0,0,0,1,1,1,0,0,2,2,2,0,127754,1,1,1,0,1,1000,1,1,1,0,128754,1000,256.508,418,105,74.00872878,5.451638763,0.045466627,2,1.992233251,1,0.087786255,5.451638763,418,256.508,105,74.00872878,0.007766749,1,1,1,0
0,1,0,0,0,0,0,1,1,1,0,0,2,2,2,0,61804,1,1,1,0,1,500,1,1,1,0,62304,500,248.216,383,111,73.22658905,5.236475938,0.046715696,2,1.991974833,1,0.089223111,5.236475938,383,248.216,111,73.22658905,0.008025167,1,1,1,0
0,1,0,0,0,0,0,1,1,1,0,0,2,2,2,0,183651,1,1,1,0,1,700,1,1,1,0,184351,700,525.7171429,625,414,52.99722357,5.159567754,0.02495311,2,1.996202896,1,0.061503548,5.159567754,625,525.7171429,414,52.99722357,0.003797104,1,1,1,0
0,1,0,0,0,0,0,1,1,1,0,0,2,2,2,0,61640,1,1,1,0,1,700,1,1,1,0,62340,700,177.1142857,292,73,53.32941907,5.135252494,0.061574429,2,1.988771254,1,0.105369165,5.135252494,292,177.1142857,73,53.32941907,0.011228746,1,1,1,0
0,1,0,0,0,0,0,1,1,1,0,0,2,2,2,0,2037,1,1,1,0,1,200,1,1,1,0,2237,200,21.37,34,11,4.461289051,2.842842505,0.301160098,2,1.910594546,1,0.285328089,2.842842505,34,21.37,11,4.461289051,0.089405454,1,1,1,0
0,1,0,0,0,0,0,1,1,1,0,0,2,2,2,0,39816,1,1,1,0,1,400,1,1,1,0,40216,400,200.08,239,167,10.51468497,3.657747434,0.055754585,2,1.99005371,1,0.099233872,3.657747434,239,200.08,167,10.51468497,0.00994629,1,1,1,0
0,1,0,0,0,0,0,1,1,1,0,0,2,2,2,0,23931,1,1,1,0,1,400,1,1,1,0,24331,400,120.655,148,90,9.428201048,3.570874306,0.083839984,2,1.983560067,1,0.127159983,3.570874306,148,120.655,90,9.428201048,0.016439933,1,1,1,0
0,0.5,,,,,,0.5,1,0,0.5,0.693147181,0,0,0,0,0,2,2,2,0,1,1260,1,1,1,0,1260,140,10,18,5,2.495710606,2.257062503,0,2,2,2,0,2.257062503,34,18,8,4.991421212,0.5,9,17,4,2.495710606
0,0.5,,,,,,0.5,1,0,0.5,0.693147181,0,0,0,0,0,2,2,2,0,1,1258,1,1,1,0,1258,140,9.985714286,17,4,2.830915335,2.391239918,0,2,2,2,0,2.391239918,32,17.97142857,6,5.66183067,0.5,8.985714286,16,3,2.830915335
0,0.5,,,,,,0.5,1,0,0.5,0.693147181,0,0,0,0,0,2,2,2,0,1,1258,1,1,1,0,1258,140,9.985714286,19,4,2.779994127,2.384418046,0,2,2,2,0,2.384418046,36,17.97142857,6,5.559988254,0.5,8.985714286,18,3,2.779994127
0,1,0,0,0,0,0,1,1,1,0,0,2,2,2,0,5066,1,1,1,0,1,200,1,1,1,0,5266,200,51.66,70,35,5.856142075,3.074812586,0.161468824,2,1.962020509,1,0.19114667,3.074812586,70,51.66,35,5.856142075,0.037979491,1,1,1,0
0,1,0,0,0,0,0,1,1,1,0,0,2,2,2,0,20014,1,1,1,0,1,400,1,1,1,0,20414,400,101.07,126,72,8.087341961,3.435619436,0.096456351,2,1.980405604,1,0.138601788,3.435619436,126,101.07,72,8.087341961,0.019594396,1,1,1,0
0,1,0,0,0,0,0,1,1,1,0,0,2,2,2,0,112095,1,1,1,0,1,800,1,1,1,0,112895,800,281.2375,323,240,12.85296051,3.913177492,0.042135083,2,1.992913769,1,0.083880963,3.913177492,323,281.2375,240,12.85296051,0.007086231,1,1,1,0
0,0.5,,,,,,0.5,1,0,0.5,0.693147181,0,0,0,0,0,2,2,2,0,1,1640,1,1,1,0,1640,41,41,41,41,0,0,0,2,2,2,0,0,80,80,80,0,0.5,40,40,40,0
0,0.5,,,,,,0.5,1,0,0.5,0.693147181,0,0,0,0,0,2,2,2,0,1,1230,1,1,1,0,1230,41,31,36,26,2.326936644,2.187284377,0,2,2,2,0,2.187284377,70,60,50,4.653873288,0.5,30,35,25,2.326936644
0,0.5,,,,,,0.5,1,0,0.5,0.693147181,0,0,0,0,0,2,2,2,0,1,1690,1,1,1,0,1690,42,41.23809524,42,32,1.615542424,0.931381978,0,2,2,2,0,0.931381978,82,80.47619048,62,3.231084848,0.5,40.23809524,41,31,1.615542424
0,0.5,,,,,,0.5,1,0,0.5,0.693147181,0,0,0,0,0,2,2,2,0,1,1270,1,1,1,0,1270,43,30.53488372,39,22,4.389993046,2.656527827,0,2,2,2,0,2.656527827,76,59.06976744,42,8.779986091,0.5,29.53488372,38,21,4.389993046
0,0.5,,,,,,0.5,1,0,0.5,0.693147181,0,0,0,0,0,2,2,2,0,1,1116,1,1,1,0,1116,40,28.9,34,23,2.497999199,2.241935479,0,2,2,2,0,2.241935479,66,55.8,44,4.995998399,0.5,27.9,33,22,2.497999199
0,0.5,,,,,,0.5,1,0,0.5,0.693147181,0,0,0,0,0,2,2,2,0,1,1126,1,1,1,0,1126,40,29.15,34,23,2.743628984,2.268097886,0,2,2,2,0,2.268097886,66,56.3,44,5.487257967,0.5,28.15,33,22,2.743628984
0.922318026,0,0.953383615,1,0.066666667,0.153522406,0.326195653,0,0,0,0,0,2.08,15,2,0.94,17809,1,1,1,0,1,12,1,1,1,0,17821,1438,25.86369958,119,2,8.673063712,1.225724102,0.075243592,15,2.076707255,1,0.938611225,1.146195847,128,25.7364395,2,9.58865777,0.99388362,24.6759388,119,2,8.867240089
0.9769429,0,0.983331751,1,0.041666667,0.093628183,0.152330891,0,0,0,0,0,2.52,24,2,0.84,26325,1,1,1,0,1,34,1,1,1,0,26359,766,73.12793734,83,19,14.21154342,1.891561879,0.712215587,24,2.518722258,1,0.845034246,1.978200429,392,86.67232376,20,66.09877443,0.997420236,85.58746736,391,19,65.94807317
0.967655843,0,0.974150312,1,0.071428571,0.117778997,0.21964685,0,0,0,0,0,2.58,14,1,0.73,12184,1,1,1,0,1,52,1,1,1,0,12236,495,54.35353535,77,2,20.46643625,2.880989362,0.743824566,14,2.576495587,1,0.738395022,2.955601561,171,63.68888889,3,31.67339925,0.99419745,62.52525253,169,3,31.52928523
0.97918905,0,0.986389545,1,0.022727273,0.084105636,0.129290373,0,0,0,0,0,2.35,44,2,1,50351,1,1,1,0,1,43,1,1,1,0,50394,1231,86.36311942,119,11,17.7690913,1.632030757,0.644800094,44,2.346509505,1,1.002173007,1.649662636,387,96.06011373,12,57.48263293,0.998293448,94.99268887,386,11,57.35456254
0.977670687,0,0.983642127,1,0.033333333,0.092918806,0.151322791,0,0,0,0,0,2.54,30,1,0.86,31153,1,1,1,0,1,59,1,1,1,0,31212,870,76.34482759,160,2,30.14445207,2.960812945,0.720642012,30,2.54155453,1,0.866471153,2.895722535,842,91.18045977,3,72.66998833,0.997565039,90.08390805,840,3,72.51839937
0.982213507,0,0.987209102,1,0.034482759,0.082241048,0.124161949,0,0,0,0,0,2.53,29,1,0.82,68951,1,1,1,0,1,88,1,1,1,0,69039,1531,94.32070542,148,2,31.80216784,3.607700385,0.713677506,29,2.527412042,1,0.817736304,3.629337324,780,113.9712606,3,90.88280556,0.998232883,112.8837361,778,3,90.73000013
0.96835292,0,0.976019293,1,0.055555556,0.112976284,0.205176227,0,0,0,0,0,2.54,18,1,0.79,26412,1,1,1,0,1,49,1,1,1,0,26461,1055,55.1478673,81,3,14.34420909,3.334666112,0.733061576,18,2.535845206,1,0.793935357,3.241407503,362,63.6028436,5,53.02812087,0.995653981,62.49763033,360,5,52.88169524
0.983213198,0,0.988113463,1,0.026315789,0.078916883,0.116243411,0,0,0,0,0,2.56,38,2,0.88,97139,1,1,1,0,1,49,1,1,1,0,97188,2083,98.15026404,345,23,42.05477287,2.856981105,0.702403391,38,2.56137589,1,0.883585228,2.895151512,1739,119.5079213,25,188.0879619,0.998713833,118.4469515,1737,22,187.9989618
0.973247961,0,0.980163329,1,0.058823529,0.102936508,0.177392677,0,0,0,0,0,2.53,17,2,0.78,45132,1,1,1,0,1,77,1,1,1,0,45209,1500,64.79466667,103,11,17.67775923,3.755361827,0.728202215,17,2.523546197,1,0.782124399,3.739904234,511,76.058,13,67.73884141,0.99654936,74.93733333,509,10,67.61841026
0.988121478,0,0.991337257,1,0.027027027,0.067338767,0.08963501,0,0,0,0,0,2.69,37,1,0.8,124827,1,1,1,0,1,34,1,1,1,0,124861,1984,131.4768145,190,6,43.47973511,3.055988483,0.639387938,37,2.6891183,1,0.800672791,3.151793683,2695,169.2368952,9,313.417703,0.999255172,168.1854839,2693,8,313.3000322
0.986761757,0,0.990638216,1,0.024390244,0.069958419,0.095761818,0,0,0,0,0,2.6,41,1,0.84,253873,1,1,1,0,1,71,1,1,1,0,253944,4351,121.8117674,200,2,42.44293379,4.51023255,0.689535614,41,2.596529156,1,0.845212982,4.494914451,3256,151.545162,5,275.589738,0.999169108,150.4966674,3254,4,275.4850058
0.983681828,0,0.988872595,1,0.03030303,0.076203908,0.109186765,0,0,0,0,0,2.51,33,2,0.85,122851,1,1,1,0,1,23,1,1,1,0,122874,2519,100.3425963,211,67,17.06877641,2.534381007,0.701629318,33,2.511808845,1,0.848864173,2.531683468,2636,122.5232235,67,241.6486795,0.999039667,121.4775705,2635,66,241.5642129
0.925663562,0,0.954814539,1,0.058823529,0.151377668,0.321184485,0,0,0,0,0,2.09,17,2,0.92,10955,1,1,1,0,1,13,1,1,1,0,10968,851,27.31022327,91,12,6.308938417,1.958054685,0.142312127,17,2.086250912,1,0.922923411,1.758113399,78,26.88836663,11,6.487300695,0.993982495,25.83313749,78,11,6.101213064
0.985010375,0,0.989924058,1,0.022727273,0.072357251,0.101057783,0,0,0,0,0,2.5,44,1,0.89,297088,1,1,1,0,1,38,1,1,1,0,297126,5567,110.138854,329,19,32.21052891,3.68161479,0.700460022,44,2.499562475,1,0.890018791,3.639392111,5491,133.4084785,24,325.4978227,0.999259573,132.3714748,5490,19,325.457662
0.984881658,0,0.989878743,1,0.022727273,0.072502143,0.101171806,0,0,0,0,0,2.5,44,1,0.89,412960,1,1,1,0,1,38,1,1,1,0,412998,7790,109.436457,463,26,33.36220111,3.572931727,0.699568137,44,2.495029032,1,0.891627568,3.542501226,7794,132.2775353,33,385.08459,0.999278447,131.2410783,7793,26,385.0465816
0.345386614,1,0.823637882,1,0,0.381127959,0.465832124,1,1,1,0,0,4.77,19,2,6.24,391541,1,1,1,0,1,27329,1,1,1,0,418870,45245,67.53349541,19393,2,582.4752779,1.059357201,0.725121291,19,4.523436866,1,6.105519917,1.057114754,19290,41.8771577,2,578.6932396,0.835144556,14.85921096,4389,1,124.7668428
0.844152951,1,0.971187259,1,0,0.167279905,0.130590602,1,1,1,0,0,2.3,19,2,2.11,1558859,1,1,1,0,1,27439,1,1,1,0,1586298,111547,39.89054838,19470,2,429.1976091,0.723822348,0.235226598,19,2.278471006,1,2.100259437,0.722327234,19367,32.40189337,2,425.7556623,0.971685648,27.39049011,15370,1,337.4100673
0.468840136,1,0.790218032,1,0,0.407152912,0.513667651,1,1,1,0,0,3.37,10,2,2.96,6788,1,1,1,0,1,915,1,1,1,0,7703,1511,23.5545996,433,3,57.4571071,1.28998013,0.911981067,10,3.089315851,1,2.885511775,1.28998013,409,15.74917273,2,54.25844432,0.81513696,7.705493051,172,1,19.26553357
0.734901665,1,0.925040164,1,0,0.263326526,0.266283548,1,1,1,0,0,2.52,10,2,1.88,27388,1,1,1,0,1,996,1,1,1,0,28384,3811,26.61532406,441,6,57.03571886,0.93154256,0.451441157,10,2.464205186,1,1.869921085,0.93154256,417,18.35318814,2,53.43035746,0.927670519,13.55707163,334,1,35.19793093
0.48283827,1,0.973585159,1,0,0.160365513,0.12204988,1,1,1,0,0,4.03,97,2,13.73,179066,1,1,1,0,1,4639,1,1,1,0,183705,6455,296.9033308,3002,3,456.2762178,3.12639869,0.249390465,97,3.956174301,1,13.56353791,2.908340435,2225,112.5900852,2,304.337582,0.974252198,54.7344694,611,1,68.23106602
0.482773049,1,0.97357969,1,0,0.16038166,0.122069604,1,1,1,0,0,4.03,97,2,13.73,1610617,1,1,1,0,1,27180,1,1,1,0,1637797,43514,255.1106311,20720,3,1175.718626,1.455888551,0.217224586,97,3.98294233,1,13.62247729,1.452609793,19858,149.9115457,2,1101.123312,0.974018148,72.69632762,5590,1,241.0356272
0.526802218,1,0.934596466,1,0,0.247236551,0.241583651,1,1,1,0,0,3.55,28,2,6.1,27445,1,1,1,0,1,951,1,1,1,0,28396,1901,91.3419253,583,6,95.41263344,2.197126438,0.401517063,28,3.46284688,1,6.01743547,2.185617399,502,51.72593372,2,73.73755376,0.936786871,27.48605997,182,1,30.39921024
0.814749823,1,0.948576829,1,0,0.220859295,0.202684552,1,1,1,0,0,2.33,13,2,1.74,844347,1,1,1,0,1,29737,1,1,1,0,874084,96481,25.87735409,28182,2,396.3353632,0.830531957,0.378657205,13,2.283313732,1,1.728085851,0.829631198,28067,20.68602108,2,393.6468737,0.950326284,16.91102911,21682,1,299.9933821
0.814749823,1,0.948576829,1,0,0.220859295,0.202684552,1,1,1,0,0,2.33,13,2,1.74,844347,1,1,1,0,1,29737,1,1,1,0,874084,96481,25.87872224,28190,2,396.5141358,0.830531957,0.378657205,13,2.283313732,1,1.728085851,0.82922106,28075,20.68602108,2,393.8233157,0.950326284,16.91102911,21683,1,300.147094
0.561174149,1,0.831505848,1,0,0.374304519,0.453490445,1,1,1,0,0,2.96,8,2,2.16,123120,1,1,1,0,1,6584,1,1,1,0,129704,21209,26.62261304,6255,6,209.5851574,0.866654566,0.696281882,8,2.86378215,1,2.147439093,0.866654566,6238,17.51350842,2,209.0405423,0.840058903,9.964354755,2740,1,93.40484939
0.845143827,1,0.97381436,1,0,0.159687046,0.121222114,1,1,1,0,0,2.3,19,2,2.13,1943317,1,1,1,0,1,27549,1,1,1,0,1970866,132684,42.66131561,19470,2,439.9371025,0.657390379,0.210603696,19,2.286259441,1,2.116905442,0.656096913,19367,33.95971632,2,436.3934262,0.974180386,28.7329972,15370,1,345.8319587
0.584237579,1,0.878111588,1,0,0.327156884,0.370670711,1,1,1,0,0,3.01,12,2,2.94,4660,1,1,1,0,1,365,1,1,1,0,5025,737,30.32428765,261,2,43.25729239,1.621242783,0.663469357,12,2.860298507,1,2.87524793,1.636968246,233,19.50203528,2,37.71262196,0.886965174,11.59972863,107,1,17.6254919
0.764303459,1,0.973659867,1,0,0.160144718,0.121780295,1,1,1,0,0,2.55,34,2,4.08,20539,1,1,1,0,1,747,1,1,1,0,21286,1353,86.29046563,426,4,87.07838492,2.666905567,0.286324027,34,2.493516866,1,4.017172836,2.590211823,286,39.22912047,2,47.68480967,0.974584234,30.11308204,203,1,38.40602413
0.831092596,1,0.970695566,1,0,0.168658485,0.132315937,1,1,1,0,0,2.34,23,2,2.53,9043,1,1,1,0,1,330,1,1,1,0,9373,729,43.51028807,210,4,44.22839731,1.906936421,0.299656473,23,2.288914969,1,2.493812213,1.893373306,161,29.42935528,2,31.03793448,0.971727302,24.53497942,133,1,25.67079113
0.469613019,1,0.790656677,1,0,0.40683989,0.513085322,1,1,1,0,0,3.37,10,2,2.96,6807,1,1,1,0,1,916,1,1,1,0,7723,1514,23.53764861,428,3,57.41080241,1.287892564,0.911158956,10,3.086494885,1,2.882349754,1.287892564,404,15.74438573,2,54.20974285,0.81548621,7.714663144,172,1,19.34674107
0.423591128,1,0.365385227,1,0,0.426738353,1.324892803,1,1,1,0,0,2.47,7,1,0.69,29368,1,1,1,0,1,1851,1,1,1,0,31219,11949,6.630764081,145,3,7.828144754,2.0072579,1.097077098,7,2.385726641,1,0.758248571,1.620628811,165,6.233157586,3,8.649566405,0.464813095,3.074985354,83,0,4.346283973
0.423315755,1,0.364704213,1,0,0.426522929,1.324347884,1,1,1,0,0,2.47,7,1,0.69,29368,1,1,1,0,1,1851,1,1,1,0,31219,11949,6.630764081,145,3,7.828144754,2.0072579,1.097077098,7,2.385726641,1,0.758248571,1.620628811,165,6.233157586,3,8.649566405,0.464813095,3.074985354,83,0,4.346283973
0.423701276,1,0.365657632,1,0,0.426824188,1.325109994,1,1,1,0,0,2.47,7,1,0.69,29368,1,1,1,0,1,1851,1,1,1,0,31219,11949,6.630764081,145,3,7.828144754,2.0072579,1.097077098,7,2.385726641,1,0.758248571,1.620628811,165,6.233157586,3,8.649566405,0.464813095,3.074985354,83,0,4.346283973
0.423412136,1,0.364942568,1,0,0.426598464,1.324538922,1,1,1,0,0,2.47,7,1,0.69,29368,1,1,1,0,1,1851,1,1,1,0,31219,11949,6.630764081,145,3,7.828144754,2.0072579,1.097077098,7,2.385726641,1,0.758248571,1.620628811,165,6.233157586,3,8.649566405,0.464813095,3.074985354,83,0,4.346283973
0.421447609,1,0.362101926,1,0,0.431546408,1.283506656,1,1,1,0,0,2.47,7,1,0.69,60054,1,1,1,0,1,3619,1,1,1,0,63673,24168,6.679576299,198,3,7.829067624,2.011686689,1.09264666,7,2.390259608,1,0.755459963,1.602723789,197,6.297376696,3,8.723789783,0.455829001,3.069885799,98,0,4.303600425
0.421514915,1,0.362268443,1,0,0.431599582,1.283638598,1,1,1,0,0,2.47,7,1,0.69,60054,1,1,1,0,1,3619,1,1,1,0,63673,24168,6.679576299,198,3,7.829067624,2.011686689,1.09264666,7,2.390259608,1,0.755459963,1.602723789,197,6.297376696,3,8.723789783,0.455829001,3.069885799,98,0,4.303600425
0.600185657,1,0.583023436,1,0,0.216575612,1.960202523,1,1,1,0,0,3.62,9,1,1.57,1016490,1,1,1,0,1,2930,1,1,1,0,1019420,130944,52.16575024,1144,9,115.4239243,3.169018736,1.358904454,9,3.61266995,1,1.578748441,2.990542884,762,28.12521383,5,74.37233175,0.656669479,15.00908785,508,1,44.10914081
0.590030557,1,0.580106614,1,0,0.196457806,1.899673436,1,1,1,0,0,4.08,10,1,1.51,3282220,1,1,1,0,1,10993,1,1,1,0,3293213,269188,87.96623921,1721,10,202.1609485,3.129242676,1.149108501,10,4.073855836,1,1.513653575,3.105461042,1032,49.839053,5,124.7369941,0.532669463,21.25273043,688,1,59.42956576
0.589918288,1,0.580143874,1,0,0.196074668,1.896445041,1,1,1,0,0,4.1,10,1,1.5,3439871,1,1,1,0,1,11427,1,1,1,0,3451298,278608,89.26981278,1751,10,205.8280603,3.128218195,1.141702302,10,4.085271686,1,1.507762706,3.101677729,1050,50.60691007,5,126.9555011,0.5297349,21.47951602,700,1,60.19793276
0.585928373,1,0.576763641,1,0,0.207137883,1.964789914,1,1,1,0,0,3.91,9,1,1.51,698520,1,1,1,0,1,3710,1,1,1,0,702230,72105,62.62304972,847,9,123.4571651,2.925318415,1.251270048,9,3.893653077,1,1.51608158,2.921817777,564,37.92025518,5,81.77412112,0.579730288,17.70293322,376,1,41.03899837
0.591363467,1,0.582927247,1,0,0.19418631,1.853808022,1,1,1,0,0,4.22,10,1,1.43,4691355,1,1,1,0,1,15785,1,1,1,0,4707140,328138,101.7893935,1901,10,238.1801683,3.042230306,1.053526422,10,4.209769627,1,1.436077723,3.080448193,1140,60.3891503,5,150.5671233,0.514695335,25.58067033,760,1,67.60256085
0.587556834,1,0.578281234,1,0,0.203565091,1.953288456,1,1,1,0,0,3.97,9,1,1.49,1203840,1,1,1,0,1,5280,1,1,1,0,1209120,117007,71.85182938,1081,9,149.0257258,2.883843025,1.218894093,9,3.955240175,1,1.494956896,2.732717105,720,40.87242644,5,92.69625033,0.557557563,18.26018956,480,2,46.08774039
0.572334923,1,0.563464015,1,0,0.231149104,1.90880058,1,1,1,0,0,3.3,8,1,1.47,52800,1,1,1,0,1,340,1,1,1,0,53140,9036,30.99822931,281,8,43.20432832,2.755366034,1.400506651,8,3.280955965,1,1.475909468,2.615172023,210,19.29504205,5,33.53005599,0.697308995,10.88258079,140,2,20.8203769
0.576510384,1,0.567545713,1,0,0.224780764,1.959532206,1,1,1,0,0,3.47,8,1,1.48,109816,1,1,1,0,1,700,1,1,1,0,110516,16758,37.87504475,385,8,59.67817595,2.74515277,1.391425734,8,3.457055992,1,1.492271365,2.622030298,288,22.79866332,5,42.74645878,0.658646712,12.03407328,192,2,25.2744897
0.585225241,1,0.575087069,1,0,0.208640167,1.97487661,1,1,1,0,0,3.82,9,1,1.53,661656,1,1,1,0,1,3192,1,1,1,0,664848,73632,59.9553455,856,9,117.7018826,2.918906952,1.291700446,9,3.806584362,1,1.541260772,2.784224548,570,34.37092568,5,75.03296513,0.589531743,16.08736691,380,1,39.2363915
0.580082807,1,0.571330284,1,0,0.218567934,1.980395075,1,1,1,0,0,3.64,8,1,1.48,211624,1,1,1,0,1,1288,1,1,1,0,212912,28608,45.90212528,505,8,79.05963991,2.730841473,1.354671163,8,3.627038401,1,1.488262021,2.629447757,378,26.99384787,5,53.4579218,0.621491508,13.40209032,252,2,30.00059642
0.583315754,1,0.572621908,1,0,0.21279707,1.979671914,1,1,1,0,0,3.71,9,1,1.56,429552,1,1,1,0,1,2184,1,1,1,0,431736,52407,52.75858187,721,9,98.8307348,2.893592199,1.334553056,9,3.694202012,1,1.566024372,2.717598727,480,30.43333906,5,64.39091544,0.615711917,14.85154655,320,2,35.02416074
0.588428102,1,0.579766532,1,0,0.202242511,1.945166721,1,1,1,0,0,4.01,9,1,1.47,963522,1,1,1,0,1,5021,1,1,1,0,968543,90752,68.71722937,946,1,139.9616086,2.855710768,1.198232141,9,3.991486181,1,1.479696925,2.711789224,630,42.59879672,1,93.51316866,0.552526837,18.97601155,420,1,44.53086153
0.597545532,1,0.584729736,1,0,0.205779767,1.959644709,1,1,1,0,0,3.87,9,1,1.52,1157254,1,1,1,0,1,4522,1,1,1,0,1161776,122896,65.86964588,1108,1,138.4369281,3.102246595,1.268698445,9,3.857807357,1,1.527110353,3.016367496,738,36.46911209,1,86.03201274,0.587883551,17.23796543,492,1,45.58881166
0.592573915,1,0.582052119,1,0,0.20350665,1.954103059,1,1,1,0,0,3.95,9,1,1.49,1144940,1,1,1,0,1,5028,1,1,1,0,1149968,113181,69.57412463,1063,1,144.2659562,3.04097287,1.228500042,9,3.937620873,1,1.501300138,2.993968111,708,40.00793419,1,91.17460302,0.566073143,18.2116433,472,1,45.86678704
0.589612906,1,0.580143914,1,0,0.203093172,1.95232614,1,1,1,0,0,3.97,9,1,1.48,956911,1,1,1,0,1,4711,1,1,1,0,961622,93220,68.04765072,964,1,138.2859349,2.97357668,1.219373977,9,3.954437398,1,1.495268652,2.945020392,642,40.79246943,1,90.20552001,0.560208689,18.35680112,428,1,44.15377153
0,1,0,0,0,0,0,1,1,1,0,0,12.18,39,1,7.58,35157,1,1,1,0,1,676,1,1,1,0,35833,676,262.8609467,667,1,97.1122614,4.350674462,3.121206939,39,11.97036252,1,7.656133089,5.8009168,3854,634.5177515,2,498.1642644,0.018893199,1.00147929,2,1,0.03843308
0,1,0,0,0,0,0,1,1,1,0,0,34.59,127,1,16.81,136281,1,1,1,0,1,6484,1,1,1,0,142765,6484,1061.080814,3573,1,415.5506544,2.527096247,3.860904408,127,33.06439954,1,17.85362524,2.837537242,18663,728.0134176,2,896.5584911,0.045424299,1.000154226,2,1,0.01241781
0,1,0,0,0,0,0,1,1,1,0,0,16.15,35,1,5.53,9737,1,1,1,0,1,1220,1,1,1,0,10957,1220,188.4163934,534,1,134.3043658,1.104206487,2.489334829,35,14.46353929,1,7.062858646,1.303773354,892,129.8991803,2,187.5574941,0.111526878,1.001639344,2,1,0.040455615
0,1,0,0,0,0,0,1,1,1,0,0,24.61,75,1,10.26,6101,1,1,1,0,1,768,1,1,1,0,6869,768,303.7916667,556,1,84.81698025,5.426325128,3.62930723,75,21.97146601,1,12.20448862,5.620017845,744,196.5130208,2,129.7439078,0.112534576,1.006510417,2,1,0.080424071
0,1,0,0,0,0,0,1,1,1,0,0,34.49,109,1,15.88,11375,1,1,1,0,1,1044,1,1,1,0,12419,1044,489.0402299,829,1,131.7624863,5.855550944,4.058325909,109,31.67114905,1,17.81712077,6.229196813,2081,376.7471264,2,276.5194651,0.084708914,1.007662835,2,1,0.087201584
0,1,0,0,0,0,0,1,1,1,0,0,43.19,190,1,27.95,58807,1,1,1,0,1,4754,1,1,1,0,63561,4754,1173.258309,3500,1,414.6134051,7.126759906,4.436782546,190,40.03618571,1,29.0873153,6.878675575,7261,535.2839714,2,479.6583192,0.074872957,1.001051746,2,1,0.032413573
0,1,0,0,0,0,0,1,1,1,0,0,29.58,176,1,22.54,38087,1,1,1,0,1,4754,1,1,1,0,42841,4754,744.4291123,3124,1,287.9663606,6.792033769,4.112126663,176,26.40813706,1,23.07351662,6.216300658,3134,237.9787547,2,191.2469702,0.11113186,1.001472444,2,1,0.03834418
0,1,0,0,0,0,0,1,1,1,0,0,46.46,176,1,21.28,2889,1,1,1,0,1,4754,1,1,1,0,7643,4754,370.0218763,1525,1,156.2178665,6.141423878,2.318021909,176,18.18317415,1,25.63378896,3.038406563,257,29.23306689,2,19.83280855,0.622661259,1.001051746,2,1,0.032413573
0,1,0,0,0,0,0,1,1,1,0,0,39.03,176,1,19.84,29522,1,1,1,0,1,4754,1,1,1,0,34276,4754,760.9124947,3135,1,291.8029241,6.795412751,4.119246686,176,33.75726456,1,22.62482165,6.249481452,2950,243.3874632,2,193.1238408,0.138901856,1.001472444,2,1,0.03834418
0,1,0,0,0,0,0,1,1,1,0,0,105.15,316,1,43.8,6322,1,1,1,0,1,11561,1,1,1,0,17883,11561,1116.624427,4010,1,372.5000835,7.081646588,2.464498648,316,37.81792764,1,56.18741017,3.094215855,513,58.4982268,2,36.71198625,0.646759492,1.000432489,2,1,0.020791861
0,1,0,0,0,0,0,1,1,1,0,0,74.5,322,1,43.81,159850,1,1,1,0,1,11561,1,1,1,0,171411,11561,2802.137099,7961,1,794.9254925,7.866449154,4.971243098,322,69.54313317,1,46.15073276,7.624159255,12954,1031.092293,2,814.8287164,0.067492751,1.000691982,2,1,0.026296441
0,1,0,0,0,0,0,1,1,1,0,0,188.34,643,1,74.46,12609,1,1,1,0,1,20294,1,1,1,0,32903,20294,2458.313492,7842,1,741.1539411,7.774767608,2.840186973,643,72.79169073,1,102.0792516,3.689766141,1627,118.0183798,2,77.14557373,0.616934626,1.000246378,2,1,0.015694507
0,1,0,0,0,0,0,1,1,1,0,0,30.25,171,1,24.9,103585,1,1,1,0,1,14256,1,1,1,0,117841,14256,861.4810606,7580,1,504.7682498,7.185465838,4.100878047,171,26.71397052,1,25.22093162,6.215111748,6177,220.8193743,2,243.5029602,0.121052944,1.000631313,2,1,0.025118013
0,1,0,0,0,0,0,1,1,1,0,0,54.01,185,1,24.2,10704,1,1,1,0,1,14256,1,1,1,0,24960,14256,537.631734,4751,1,322.8949255,6.647645388,2.633685367,185,23.73349359,1,30.65071866,4.006401491,1013,41.55359147,2,46.90041945,0.571354167,1.00035073,2,1,0.018724489
0,1,0,0,0,0,0,1,1,1,0,0,40.81,171,1,21.99,85475,1,1,1,0,1,14256,1,1,1,0,99731,14256,898.5549944,7787,1,525.3541018,7.186802403,4.168939645,171,35.11808766,1,24.66662549,6.314647194,6304,245.6763468,2,267.565888,0.143034764,1.000631313,2,1,0.025118013
0,1,0,0,0,0,0,1,1,1,0,0,83.38,235,1,37.34,76883,1,1,1,0,1,1742,1,1,1,0,78625,1742,1226.292767,1616,1,208.5844598,6.157195174,4.988895371,235,81.5507027,1,38.85959662,7.024361931,17592,3680.783008,2,2688.554236,0.022244833,1.00401837,2,1,0.06326312
0,1,0,0,0,0,0,1,1,1,0,0,4.96,5,3,0.2,10000,1,1,1,0,1,10000,1,1,1,0,20000,10000,12.8004,13,6,0.808801484,0.337551849,0.777600609,5,2.98,1,1.984943324,0.168906857,6,5.96,4,0.197989899,0.5,1,1,1,0
0.213886977,1,0.278743198,1,0,0.448380896,0.591762395,1,1,1,0,0,2.3,3,1,0.69,11394,1,1,1,0,1,6352,1,1,1,0,17746,6352,7.02802267,162,1,12.57297973,1.718179632,1.072510084,3,1.831736729,1,0.830758232,1.6470366,82,5.117443325,2,6.294869008,0.579623577,2,2,2,0
0.214533405,1,0.279971791,1,0,0.448985064,0.592926673,1,1,1,0,0,2.29,3,1,0.69,11344,1,1,1,0,1,6352,1,1,1,0,17696,6352,6.965680101,158,1,12.49665269,1.727397612,1.070526255,3,1.825610307,1,0.830852624,1.657369848,80,5.085957179,2,6.255590288,0.582730561,2,2,2,0
0.213105348,1,0.27881661,1,0,0.448417114,0.591832174,1,1,1,0,0,2.29,3,1,0.69,11391,1,1,1,0,1,6352,1,1,1,0,17743,6352,7.037783375,170,1,12.79368431,1.725249619,1.071289983,3,1.831370118,1,0.833669115,1.655635942,86,5.115554156,2,6.395586276,0.581017866,2,2,2,0
0.212527708,1,0.278669825,1,0,0.448344682,0.591692626,1,1,1,0,0,2.3,3,1,0.7,11397,1,1,1,0,1,6352,1,1,1,0,17749,6352,7.053526448,178,1,12.91217062,1.71994743,1.070798847,3,1.832103217,1,0.835425691,1.650428604,90,5.119332494,2,6.458908406,0.581384867,2,2,2,0
0.212138552,1,0.27837672,1,0,0.448199868,0.591413649,1,1,1,0,0,2.3,3,1,0.7,11409,1,1,1,0,1,6352,1,1,1,0,17761,6352,7.072418136,170,1,12.96864976,1.728517927,1.070920901,3,1.83356793,1,0.836233496,1.657683906,86,5.126889169,2,6.484792899,0.580992061,2,2,2,0
0.390935798,1,0.391027111,1,0,0.151285198,1.497092511,1,1,1,0,0,3.84,5,2,0.64,13806021,1,1,1,0,1,50400,1,1,1,0,13856421,307678,196.3520239,780,6,58.62957588,4.769443347,0.954718901,5,3.834277336,1,0.65908902,5.005962017,544,172.6784528,4,49.09217943,0.089455134,10.37473268,220,1,10.99900444
0.38775343,1,0.386839702,1,0,0.147263327,1.579696185,1,1,1,0,0,3.95,5,1,0.71,2595539,1,1,1,0,1,11670,1,1,1,0,2607209,41287,265.1556907,2338,2,169.2696791,4.773088051,1.079081842,5,3.941265545,1,0.733419563,5.495268344,3067,248.8847095,2,198.6576056,0.08138588,13.33022501,281,2,15.99677962
0.399528471,1,0.40072683,1,0,0.153999309,1.554746477,1,1,1,0,0,3.83,5,1,0.72,1249995,1,1,1,0,1,4416,1,1,1,0,1254411,34756,151.6663022,940,2,92.53826831,4.867895352,1.068378429,5,3.822004909,1,0.735838061,5.0185244,1049,137.9435205,3,96.97256307,0.110715706,10.113074,143,2,10.36158573
0.415176643,1,0.417201652,1,0,0.152956962,1.384158696,1,1,1,0,0,3.72,5,2,0.65,6939377,1,1,1,0,1,18170,1,1,1,0,6957547,280446,111.9373783,673,6,64.46553175,4.934686949,0.907479796,5,3.715699944,1,0.664481667,4.688093703,462,92.18229891,3,53.49207643,0.127692993,7.926228222,223,1,7.574914793
0,0.777777778,,,,,,0.636363636,1,0,0.481045693,0.655481774,0,0,0,0,0,4.91,6,3,1.44,1,330,1,1,1,0,330,45,45,45,45,0,0,0.655481774,6,4.909090909,3,1.443137079,0,36,36,36,0,0.636363636,28,28,28,0
0,0.8,,,,,,0.666666667,1,0,0.471404521,0.636514168,0,0,0,0,0,5,6,3,1.41,1,495,1,1,1,0,495,55,55,55,55,0,0,0.636514168,6,5,3,1.414213562,0,45,45,45,0,0.666666667,36,36,36,0
0,0.818181818,,,,,,0.692307692,1,0,0.461538462,0.61724177,0,0,0,0,0,5.08,6,3,1.38,1,715,1,1,1,0,715,66,66,66,66,0,0,0.61724177,6,5.076923077,3,1.384615385,0,55,55,55,0,0.692307692,45,45,45,0
0,0.833333333,,,,,,0.714285714,1,0,0.451753951,0.598269589,0,0,0,0,0,5.14,6,3,1.36,1,1001,1,1,1,0,1001,78,78,78,78,0,0,0.598269589,6,5.142857143,3,1.355261854,0,66,66,66,0,0.714285714,55,55,55,0
0,0.846153846,,,,,,0.733333333,1,0,0.442216639,0.579915171,0,0,0,0,0,5.2,6,3,1.33,1,1365,1,1,1,0,1365,91,91,91,91,0,0,0.579915171,6,5.2,3,1.326649916,0,78,78,78,0,0.733333333,66,66,66,0
0,0.857142857,,,,,,0.75,1,0,0.433012702,0.562335145,0,0,0,0,0,5.25,6,3,1.3,1,1820,1,1,1,0,1820,105,105,105,105,0,0,0.562335145,6,5.25,3,1.299038106,0,91,91,91,0,0.75,78,78,78,0
0,0.866666667,,,,,,0.764705882,1,0,0.424182503,0.545594574,0,0,0,0,0,5.29,6,3,1.27,1,2380,1,1,1,0,2380,120,120,120,120,0,0,0.545594574,6,5.294117647,3,1.272547509,0,105,105,105,0,0.764705882,91,91,91,0
0,0.875,,,,,,0.777777778,1,0,0.41573971,0.529706199,0,0,0,0,0,5.33,6,3,1.25,1,3060,1,1,1,0,3060,136,136,136,136,0,0,0.529706199,6,5.333333333,3,1.247219129,0,120,120,120,0,0.777777778,105,105,105,0
0,0.882352941,,,,,,0.789473684,1,0,0.407682457,0.514653165,0,0,0,0,0,5.37,6,3,1.22,1,3876,1,1,1,0,3876,153,153,153,153,0,0,0.514653165,6,5.368421053,3,1.223047372,0,136,136,136,0,0.789473684,120,120,120,0
0,0.888888889,,,,,,0.8,1,0,0.4,0.500402424,0,0,0,0,0,5.4,6,3,1.2,1,4845,1,1,1,0,4845,171,171,171,171,0,0,0.500402424,6,5.4,3,1.2,0,153,153,153,0,0.8,136,136,136,0
0,0.894736842,,,,,,0.80952381,1,0,0.392676726,0.486912709,0,0,0,0,0,5.43,6,3,1.18,1,5985,1,1,1,0,5985,190,190,190,190,0,0,0.486912709,6,5.428571429,3,1.178030179,0,171,171,171,0,0.80952381,153,153,153,0
0,0.5,,,,,,0.5,1,0,0.5,0.693147181,0,0,0,0,0,6,6,6,0,1,6120,1,1,1,0,6120,153,153,153,153,0,0,0,6,6,6,0,0,240,240,240,0,0.5,120,120,120,0
0,0.5,,,,,,0.5,1,0,0.5,0.693147181,0,0,0,0,0,6,6,6,0,1,7752,1,1,1,0,7752,171,171,171,171,0,0,0,6,6,6,0,0,272,272,272,0,0.5,136,136,136,0
0,0.5,,,,,,0.5,1,0,0.5,0.693147181,0,0,0,0,0,6,6,6,0,1,9690,1,1,1,0,9690,190,190,190,190,0,0,0,6,6,6,0,0,306,306,306,0,0.5,153,153,153,0
0.578174841,0.5,0.642629452,1,0,0.233593085,1.164366891,0.5,1,0,0.5,0.693147181,2.55,47,1,2.42,62856,1,1,1,0,1,72,1,1,1,0,62928,10452,42.04477612,144,3,31.32241483,3.334043698,0.708534439,47,2.551868802,1,2.419287948,2.344957986,161,15.36394948,4,20.36373118,0.91037376,11.36165327,103,3,14.6532212
0.578151368,0.5,0.642580055,1,0,0.233561901,1.164290093,0.5,1,0,0.5,0.693147181,2.55,47,1,2.42,73320,1,1,1,0,1,72,1,1,1,0,73392,12182,42.08422262,144,3,31.33807842,3.330501746,0.706753428,47,2.552376281,1,2.419520687,2.339131347,161,15.37711377,4,20.41236668,0.910344452,11.37087506,103,3,14.68429433
0.578133762,0.5,0.642542996,1,0,0.233538496,1.164232316,0.5,1,0,0.5,0.693147181,2.55,47,1,2.42,83784,1,1,1,0,1,72,1,1,1,0,83856,13912,42.11385854,144,3,31.34980858,3.327681952,0.705381568,47,2.552757107,1,2.419695258,2.33455081,161,15.38700403,4,20.44882456,0.910322458,11.37780334,103,3,14.70759239
0.578120067,0.5,0.642514167,1,0,0.233520283,1.16418727,0.5,1,0,0.5,0.693147181,2.55,47,1,2.42,94248,1,1,1,0,1,72,1,1,1,0,94320,15642,42.13693901,144,3,31.3589216,3.325378973,0.704290098,47,2.553053435,1,2.419831044,2.330846256,161,15.39470656,4,20.4771697,0.910305344,11.38319908,103,3,14.72570914
0.57810911,0.5,0.6424911,1,0,0.233505706,1.164151166,0.5,1,0,0.5,0.693147181,2.55,47,1,2.42,104712,1,1,1,0,1,72,1,1,1,0,104784,17372,42.15542252,144,3,31.36620541,3.323459239,0.703399577,47,2.553290579,1,2.419939678,2.327782441,161,15.40087497,4,20.49983897,0.910291648,11.38752015,103,3,14.74020008
0.578100145,0.5,0.642472224,1,0,0.233493775,1.16412158,0.5,1,0,0.5,0.693147181,2.55,47,1,2.42,115176,1,1,1,0,1,72,1,1,1,0,115248,19102,42.17055806,144,3,31.37216051,3.321832017,0.702658226,47,2.553484659,1,2.420028564,2.325202352,161,15.40592608,4,20.51838206,0.910280439,11.39105853,103,3,14.75205469
0.578092674,0.5,0.642456492,1,0,0.233483831,1.164096894,0.5,1,0,0.5,0.693147181,2.55,47,1,2.42,125640,1,1,1,0,1,72,1,1,1,0,125712,20832,42.18317972,144,3,31.37712009,3.320433435,0.702030797,47,2.55364643,1,2.420102639,2.322996987,161,15.41013825,4,20.53383155,0.910271096,11.39400922,103,3,14.76193243
0.578086352,0.5,0.642443179,1,0,0.233475414,1.164075983,0.5,1,0,0.5,0.693147181,2.55,47,1,2.42,136104,1,1,1,0,1,72,1,1,1,0,136176,22562,42.19386579,144,3,31.3813145,3.319217175,0.701492434,47,2.553783339,1,2.420165319,2.321088193,161,15.41370446,4,20.54690203,0.910263189,11.3965074,103,3,14.77028975
0.578080933,0.5,0.642431767,1,0,0.233468198,1.164058043,0.5,1,0,0.5,0.693147181,2.55,47,1,2.42,146568,1,1,1,0,1,72,1,1,1,0,146640,24292,42.2030298,144,3,31.38490814,3.318148794,0.701025082,47,2.553900709,1,2.420219047,2.3194184,161,15.41676272,4,20.55810373,0.91025641,11.39864976,103,3,14.7774526
0.578076237,0.5,0.642421876,1,0,0.233461943,1.164042482,0.5,1,0,0.5,0.693147181,2.55,47,1,2.42,157032,1,1,1,0,1,72,1,1,1,0,157104,26022,42.21097533,144,3,31.38802146,3.31720212,0.700615303,47,2.554002444,1,2.420265612,2.317944216,161,15.41941434,4,20.56781068,0.910250535,11.40050726,103,3,14.78365999
0.578072127,0.5,0.642413221,1,0,0.233456469,1.164028858,0.5,1,0,0.5,0.693147181,2.55,47,1,2.42,167496,1,1,1,0,1,72,1,1,1,0,167568,27752,42.21793024,144,3,31.39074472,3.316356894,0.700252878,47,2.554091473,1,2.420306356,2.316632286,161,15.42173537,4,20.57630338,0.910245393,11.40213318,103,3,14.78909113
0.500296786,0.698917887,0.499944154,1,0,0.270384845,1.513226457,0.698917887,1,0,0.458728323,0.611778388,2.5,217,1,1.89,702017,1,1,1,0,1,1571,1,1,1,0,703588,182404,19.88822614,1762,2,45.49113885,1.312806349,0.70217713,217,2.497261181,1,1.884391143,0.830469094,576,9.632699941,1,31.54760327,0.741648522,6.312865946,367,1,19.67027542
0.499967046,1,0.499169274,1,0,0.276726076,1.574956676,1,1,1,0,0,2.53,217,1,2.07,1056214,1,1,1,0,1,1725,1,1,1,0,1057939,259443,24.11365502,3333,2,42.07228471,2.424613367,0.808365693,217,2.524152149,1,2.074125422,1.254868188,5628,10.29281576,1,37.17477733,0.727830244,6.606187101,4608,1,22.81941004
0.50083772,0.658465144,0.496415583,1,0,0.273279002,1.517592053,0.658465144,1,0,0.474224418,0.642048294,2.51,265,1,2.01,767081,1,1,1,0,1,1707,1,1,1,0,768788,201204,20.22212282,1702,2,44.70575628,1.376457371,0.709795216,265,2.503659006,1,2.009534106,0.946309897,546,9.566325719,1,29.73887084,0.738139773,6.239816306,362,1,18.98920537
0.500247287,1,0.496273643,1,0,0.278589328,1.580598374,1,1,1,0,0,2.53,265,1,2.11,1169238,1,1,1,0,1,2041,1,1,1,0,1171279,289958,23.49680299,2312,2,40.83559094,2.504076426,0.819360671,265,2.527466983,1,2.105100901,1.353412955,5573,10.2096476,1,35.42254564,0.725550445,6.542892419,4600,1,21.95275325
0.502659574,0.632958801,0.491129282,1,0,0.28142588,1.524795978,0.632958801,1,0,0.481997881,0.657362158,2.52,25,2,1.7,46798,1,1,1,0,1,267,1,1,1,0,47065,12617,19.46841563,567,2,34.10845226,1.386423089,0.744882002,25,2.514203761,1,1.698530212,1.132567952,199,9.378695411,3,23.61768922,0.730691597,6.046286756,145,2,15.60228574
0,0.491412823,,,,,,0.492858674,1,0,0.155627072,1.219015326,0,0,0,0,0,2.6,4,1,0.49,1,15983633,1,1,1,0,15983633,4426259,6.897772363,5734,1,37.77041061,1.37789929,0.681988835,4,2.60238514,1,0.492095758,1.651865397,20021,9.397454826,1,110.73525,0.660002454,5.759379196,14868,1,78.91062044
0,0.50543157,,,,,,0.505742403,1,0,0.182596091,1.301172774,0,0,0,0,0,2.57,4,1,0.5,1,3865513,1,1,1,0,3865513,1198007,6.110462627,1497,2,19.97236719,1.543566502,0.70722787,4,2.571394534,1,0.503331995,1.907581223,1995,8.296912288,2,28.20345002,0.67145732,5.167364631,999,2,15.34091987
0,0.505432309,,,,,,0.505743678,1,0,0.182589713,1.301136384,0,0,0,0,0,2.57,4,1,0.5,1,3829036,1,1,1,0,3829036,1186705,6.11009223,1497,2,19.9706956,1.543636492,0.707273541,4,2.571283738,1,0.503352855,1.907609807,1995,8.296533679,2,28.19523377,0.671511315,5.16751678,999,2,15.33418516
0,0.500812411,,,,,,0.502143937,1,0,0.184393728,1.320402102,0,0,0,0,0,2.57,4,1,0.51,1,1106376,1,1,1,0,1106376,339892,6.066344604,885,1,17.14081877,1.651613058,0.730382853,4,2.566664497,1,0.514464886,1.892656901,1179,8.354700905,1,27.33028514,0.669235414,5.193740953,591,1,14.48219111
0,0.507818197,,,,,,0.512470047,1,0,0.201777472,1.274970613,0,0,0,0,0,2.74,4,1,0.46,1,933978,1,1,1,0,933978,237783,7.498160087,605,1,17.48540284,1.841994918,0.605172344,4,2.736554822,1,0.455404554,1.946450268,991,10.74880038,1,28.83582689,0.568567996,5.665152681,595,1,16.53500327
0,0.507799632,,,,,,0.512443029,1,0,0.201680147,1.274388207,0,0,0,0,0,2.74,4,1,0.46,1,936006,1,1,1,0,936006,238290,7.500700827,605,2,17.48352226,1.834190442,0.604509495,4,2.737125617,1,0.455075825,1.93786213,991,10.7514625,2,28.80439375,0.568419433,5.665701456,595,2,16.5518019
0,0.497068223,,,,,,0.49781394,1,0,0.176240743,1.225724845,0,0,0,0,0,2.76,4,1,0.44,1,694438,1,1,1,0,694438,145899,8.097540079,1025,1,29.33118181,1.76703341,0.58017183,4,2.758434878,1,0.440513149,1.485716376,2712,13.12937032,2,64.68869661,0.590928204,7.351229275,1355,1,33.70188372
0,0.496944328,,,,,,0.499339633,1,0,0.190459245,1.285560102,0,0,0,0,0,2.74,4,1,0.45,1,3812147,1,1,1,0,3812147,870975,7.866922702,3427,1,35.75492629,1.898604372,0.600288439,4,2.739995336,1,0.451066623,1.746690298,6929,11.99261173,1,76.83252718,0.582781042,6.585969747,3604,1,43.21486011
0,0.502459885,,,,,,0.509726232,1,0,0.189372153,1.303227271,0,0,0,0,0,2.71,4,1,0.47,1,515813,1,1,1,0,515813,124251,7.787357848,254,2,12.88184374,1.946875486,0.649888741,4,2.711949873,1,0.470952746,1.867652033,625,11.25833192,2,26.90733455,0.602918112,6.30002173,331,1,14.55691222
0,0.499955113,,,,,,0.5005843,1,0,0.173571267,1.286471097,0,0,0,0,0,2.55,3,1,0.51,1,8517027,1,1,1,0,8517027,2691008,5.969518485,753,1,15.28497163,1.856150421,0.725805157,3,2.551620066,1,0.513053386,1.968877711,1003,8.07586488,1,20.42302287,0.693673391,5.246281319,721,1,11.61150029
0,0.499956219,,,,,,0.50058712,1,0,0.173567793,1.28645841,0,0,0,0,0,2.55,3,1,0.51,1,8812799,1,1,1,0,8812799,2781876,5.974137596,753,1,15.29845294,1.860091451,0.725788754,3,2.551621681,1,0.513044891,1.973826298,1003,8.083368561,1,20.45248218,0.693674847,5.251171152,721,1,11.6535491
0,0.499984037,,,,,,0.501847862,1,0,0.179180593,1.256496751,0,0,0,0,0,2.71,3,1,0.48,1,1759150,1,1,1,0,1759150,463080,7.381057269,461,2,17.478427,1.6548019,0.643945012,3,2.706449137,1,0.480947779,1.828751929,769,10.2812689,2,24.81028956,0.615564335,5.950872419,561,1,13.60305445
0,0.499984037,,,,,,0.501847862,1,0,0.179180593,1.256496751,0,0,0,0,0,2.71,3,1,0.48,1,1759150,1,1,1,0,1759150,462440,7.389888418,461,1,17.49903053,1.668814574,0.643945012,3,2.706449137,1,0.480947779,1.836378706,769,10.29549779,1,24.85302903,0.615564335,5.959108209,561,1,13.66262361
0,0.0078125,,,,,,0.243902439,1,0,0.429434558,0.555536597,0,0,0,0,0,31.22,210,1,32.86,1,1353,1,1,1,0,1353,330,330,330,330,0,0,1.481111921,210,31.2195122,1,32.85928031,0,128,128,128,0,0.243902439,1,1,1,0
0,0.00390625,,,,,,0.19472856,1,0,0.395991601,0.493007238,0,0,0,0,0,49.85,330,1,46.82,1,2542,1,1,1,0,2542,495,495,495,495,0,0,1.642307577,330,49.85051141,1,46.817914,0,256,256,256,0,0.19472856,1,1,1,0
0,0.001953125,,,,,,0.148648649,1,0,0.355741799,0.420357853,0,0,0,0,0,76.11,495,1,63.66,1,4810,1,1,1,0,4810,715,715,715,715,0,0,1.537808789,495,76.10810811,1,63.65968803,0,512,512,512,0,0.148648649,1,1,1,0
0,0.166666667,,,,,,0.444444444,1,0,0.496903995,0.686961577,0,0,0,0,0,2.67,4,1,1.49,1,432,1,1,1,0,432,192,16,16,16,0,0,0.686961577,4,2.666666667,1,1.490711985,0,6,6,6,0,0.444444444,1,1,1,0
0,0.142857143,,,,,,0.4,1,0,0.489897949,0.673011667,0,0,0,0,0,2.8,4,1,1.47,1,1120,1,1,1,0,1120,448,19,19,19,0,0,0.673011667,4,2.8,1,1.469693846,0,7,7,7,0,0.4,1,1,1,0
0,0.125,,,,,,0.363636364,1,0,0.481045693,0.655481774,0,0,0,0,0,2.91,4,1,1.44,1,2816,1,1,1,0,2816,1024,22,22,22,0,0,0.655481774,4,2.909090909,1,1.443137079,0,8,8,8,0,0.363636364,1,1,1,0
0,0.111111111,,,,,,0.333333333,1,0,0.471404521,0.636514168,0,0,0,0,0,3,4,1,1.41,1,6912,1,1,1,0,6912,2304,25,25,25,0,0,0.636514168,4,3,1,1.414213562,0,9,9,9,0,0.333333333,1,1,1,0
0,0.1,,,,,,0.307692308,1,0,0.461538462,0.61724177,0,0,0,0,0,3.08,4,1,1.38,1,16640,1,1,1,0,16640,5120,28,28,28,0,0,0.61724177,4,3.076923077,1,1.384615385,0,10,10,10,0,0.307692308,1,1,1,0
0,0.090909091,,,,,,0.285714286,1,0,0.451753951,0.598269589,0,0,0,0,0,3.14,4,1,1.36,1,39424,1,1,1,0,39424,11264,31,31,31,0,0,0.598269589,4,3.142857143,1,1.355261854,0,11,11,11,0,0.285714286,1,1,1,0
0.573090316,0,0.565951154,1,0,0.156954979,1.424332964,0,0,0,0,0,3.29,70,2,0.92,768167,1,1,1,0,1,68,1,1,1,0,768235,91700,33.29827699,341,6,83.59122362,0.531085864,0.984915099,70,3.288596588,1,0.921938562,0.99603293,538,27.55087241,3,93.90317989,0.589819521,15.48544166,270,2,47.50236745
0.57301172,0,0.565752847,1,0,0.156763475,1.422685614,0,0,0,0,0,3.29,74,2,0.92,907327,1,1,1,0,1,72,1,1,1,0,907399,105922,34.06436812,361,6,87.40829283,0.525214864,0.981046456,74,3.293392433,1,0.921319945,0.988637251,570,28.21341176,3,98.09850736,0.587842834,15.81815865,286,2,49.62675424
0.572962924,0,0.565614015,1,0,0.156538364,1.421154412,0,0,0,0,0,3.3,77,2,0.92,1023384,1,1,1,0,1,75,1,1,1,0,1023459,118369,34.39222263,376,6,89.90474454,0.516754381,0.97922609,77,3.29543245,1,0.921089785,0.981399093,594,28.49344001,3,100.8192008,0.587043545,15.95964315,298,2,51.00454882
0.573887936,0,0.567617345,1,0,0.156959843,1.427264256,0,0,0,0,0,3.25,52,2,0.93,316949,1,1,1,0,1,50,1,1,1,0,316999,44165,28.50168686,251,6,64.4208446,0.602692114,1.010014571,52,3.253773671,1,0.925693159,1.010956635,394,23.35430771,3,72.59004953,0.605235348,13.38702593,198,2,36.72012913
0.573914718,0,0.567780411,1,0,0.157604757,1.431599656,0,0,0,0,0,3.24,48,2,0.93,249803,1,1,1,0,1,46,1,1,1,0,249849,36283,27.31667723,231,6,59.95664342,0.618478284,1.017441959,48,3.242498469,1,0.926803553,1.02941047,362,22.32822534,3,67.64088982,0.609476124,12.86938787,182,2,34.20854768
0.575035623,0,0.571131198,1,0,0.164617206,1.464260305,0,0,0,0,0,3.16,26,2,0.93,38832,1,1,1,0,1,24,1,1,1,0,38856,7274,20.98845202,121,6,34.95450327,0.788191529,1.0644477,26,3.161390776,1,0.930088052,1.137789249,186,16.8874072,3,40.01692793,0.640107062,10.11754193,94,2,20.20441488
0.57413929,0,0.568663836,1,0,0.160237649,1.445740211,0,0,0,0,0,3.21,37,2,0.93,114245,1,1,1,0,1,35,1,1,1,0,114280,18629,24.22808524,176,6,47.70087803,0.658091183,1.038682232,37,3.208102905,1,0.929191055,1.07491639,274,19.68017607,3,54.15191496,0.622287364,11.53078533,138,2,27.36554057
0.573551063,0,0.567161537,1,0,0.158392182,1.435358625,0,0,0,0,0,3.25,50,2,0.93,281488,1,1,1,0,1,48,1,1,1,0,281536,39542,28.23230995,241,6,62.59603517,0.618808345,1.012998971,50,3.249825955,1,0.926297472,1.037589435,378,23.13851095,3,70.61461902,0.605492726,13.26910627,190,2,35.70485848
0.632776536,1,0.752656828,1,0,0.302975649,1.08350742,1,1,1,0,0,1.87,11,1,1.21,4071,1,1,1,0,1,210,1,1,1,0,4281,2050,5.624390244,56,1,10.79061879,1.399246867,1.009805357,11,1.825040878,1,1.194861264,1.256742211,36,3.811219512,1,5.780030465,0.929922915,3.005853659,30,1,4.18626848
0.456266625,1,0.597098942,1,0,0.276581153,1.642239139,1,1,1,0,0,2.46,22,1,2.14,5206,1,1,1,0,1,150,1,1,1,0,5356,2046,13.4516129,134,1,31.35684246,1.954651796,1.449496783,22,2.414488424,1,2.11955209,1.831400559,60,6.320625611,1,10.11738701,0.854742345,4.056695992,30,1,5.487363216
0.445740039,1,0.589544054,1,0,0.268883752,1.578686926,1,1,1,0,0,2.49,22,1,2.35,5605,1,1,1,0,1,150,1,1,1,0,5755,2046,15.94916911,151,1,38.26856729,1.970501179,1.402862568,22,2.455082537,1,2.335133349,1.847917788,64,6.905669599,1,11.28803539,0.864813206,4.446725318,32,1,6.185772353
0.490262659,1,0.621121948,1,0,0.295806074,1.76495037,1,1,1,0,0,2.34,18,1,1.58,4283,1,1,1,0,1,150,1,1,1,0,4433,2046,7.588465298,72,1,15.15994052,1.839572438,1.52142399,18,2.292578389,1,1.573345961,1.773567348,52,4.967253177,1,7.512934626,0.824498083,3.154447703,26,1,3.898090525
0.475522577,1,0.610890905,1,0,0.288254588,1.729413137,1,1,1,0,0,2.39,18,1,1.81,4629,1,1,1,0,1,150,1,1,1,0,4779,2046,9.870967742,94,1,21.46904311,1.897001651,1.507031716,18,2.343795773,1,1.801405112,1.796948549,48,5.474584555,1,8.490641689,0.837204436,3.492668622,24,1,4.509541857
0.466553624,1,0.604242761,1,0,0.283504654,1.674145382,1,1,1,0,0,2.42,18,1,1.92,4877,1,1,1,0,1,150,1,1,1,0,5027,2046,11.17790811,112,1,25.01130967,1.845404591,1.465917158,18,2.376168689,1,1.902730389,1.847660917,60,5.838220919,1,9.127516622,0.845235727,3.735092864,30,1,4.874496256
0.461187958,1,0.600474813,1,0,0.280068776,1.654808711,1,1,1,0,0,2.44,20,1,2.02,5042,1,1,1,0,1,150,1,1,1,0,5192,2046,12.30791789,125,1,28.15082972,1.877567729,1.45470357,20,2.395993837,1,2.00114743,1.852118881,66,6.080156403,1,9.698607048,0.850154083,3.896383187,33,1,5.20846148
0.455950059,1,0.596806104,1,0,0.276460835,1.632658458,1,1,1,0,0,2.46,20,1,2.13,5217,1,1,1,0,1,150,1,1,1,0,5367,2046,13.48778104,131,1,31.44048354,1.912307294,1.440637065,20,2.415688467,1,2.113052193,1.839982,54,6.336754643,1,10.14828899,0.85504006,4.06744868,27,1,5.496497244
0.450544532,1,0.592973119,1,0,0.272550539,1.606123418,1,1,1,0,0,2.48,21,1,2.25,5414,1,1,1,0,1,150,1,1,1,0,5564,2046,14.82209189,146,1,35.15406144,1.940069325,1.422601539,21,2.436376707,1,2.231662126,1.853162734,68,6.625610948,1,10.78332811,0.860172538,4.26001955,34,1,5.876193733
0.445643628,1,0.589465511,1,0,0.268817879,1.577958313,1,1,1,0,0,2.49,21,1,2.36,5609,1,1,1,0,1,150,1,1,1,0,5759,2046,15.93841642,151,1,38.21381069,1.954243759,1.402293391,21,2.455461018,1,2.34060638,1.857505674,64,6.911534702,1,11.32413636,0.864907102,4.450635386,32,1,6.206550405
0.487174466,1,0.618387529,1,0,0.295157308,1.676223548,1,1,1,0,0,2.35,11,1,1.55,4350,1,1,1,0,1,150,1,1,1,0,4500,2046,7.597262952,80,1,15.21748725,1.645102956,1.439789184,11,2.303111111,1,1.540747037,1.731559855,58,5.065493646,1,7.75407766,0.827111111,3.219941349,29,1,3.991500402
0.484466673,1,0.616552185,1,0,0.293768531,1.686588985,1,1,1,0,0,2.36,12,1,1.59,4411,1,1,1,0,1,150,1,1,1,0,4561,2046,8.000977517,86,1,16.27278458,1.674995082,1.453426173,12,2.312431484,1,1.584828942,1.76853004,58,5.154936461,1,7.91233385,0.829423372,3.279569892,29,1,4.094203877
0.4804757,1,0.613837974,1,0,0.291642611,1.693145049,1,1,1,0,0,2.37,16,1,1.66,4505,1,1,1,0,1,150,1,1,1,0,4655,2046,8.624633431,91,1,17.96060801,1.724638665,1.465147609,16,2.326315789,1,1.652997558,1.799088012,56,5.292766373,1,8.115419623,0.832867884,3.3714565,28,1,4.233396817
0.47672933,1,0.611269341,1,0,0.289576026,1.692166368,1,1,1,0,0,2.38,16,1,1.73,4598,1,1,1,0,1,150,1,1,1,0,4748,2046,9.277614858,96,1,19.71262645,1.744785079,1.46930081,16,2.339511373,1,1.715845406,1.818736107,56,5.42913001,1,8.383734888,0.836141533,3.462365591,28,1,4.400779842
0.47165493,1,0.607770371,1,0,0.286641031,1.685683096,1,1,1,0,0,2.4,17,1,1.82,4732,1,1,1,0,1,150,1,1,1,0,4882,2046,10.1886608,99,1,22.26938047,1.806805052,1.470002629,17,2.357640311,1,1.804879817,1.845927639,56,5.625610948,1,8.797083016,0.840639082,3.593352884,28,1,4.653889238
0.503247665,1,0.969249117,1,0,0.132138537,0.290240862,1,1,1,0,0,3.88,1164,1,46.34,1733728,1,1,1,0,1,9304,1,1,1,0,1743032,57004,443.7608589,2716,3,803.6834072,2.683802304,0.164197817,1164,3.865756911,1,46.21550057,2.580224431,1165,118.2046523,1,326.690139,0.986010584,60.54076907,1163,1,198.1056426
0.506967969,1,0.931822057,1,0,0.191255968,0.536679447,1,1,1,0,0,3.74,329,1,23.3,400721,1,1,1,0,1,3936,1,1,1,0,404657,27115,128.406454,864,3,235.2229206,2.735316614,0.311342047,329,3.711266579,1,23.19003227,2.677215489,551,55.38594874,1,142.1908704,0.96816316,29.15758805,328,1,74.50381484
0.387923279,1,0.707698964,1,0,0.362581257,1.307119903,1,1,1,0,0,3.88,18,1,4.72,62792,1,1,1,0,1,1768,1,1,1,0,64560,11577,19.50980392,112,4,18.35670369,2.498068418,1.011912868,18,3.797939901,1,4.681218118,2.593053997,209,21.17949382,3,34.10635446,0.804011772,9.14580634,80,2,9.978000674
0.336744236,1,0.881880342,1,0,0.240225536,0.799381961,1,1,1,0,0,5.4,397,1,35.87,327600,1,1,1,0,1,7128,1,1,1,0,334728,41362,156.4075238,963,3,268.1995601,2.809802854,0.486356756,397,5.308617743,1,35.48991503,2.659758069,476,42.96076109,1,111.7767576,0.946030807,15.54117306,397,1,52.1277917
0.514809559,1,0.935400058,1,0,0.185360269,0.517188554,1,1,1,0,0,3.69,416,1,25.89,636466,1,1,1,0,1,5810,1,1,1,0,642276,40724,156.7062666,1062,3,292.0555813,2.839519703,0.296122034,416,3.667807921,1,25.77856077,2.743696025,591,57.84660151,1,150.1259787,0.970353867,30.8698065,415,1,84.72661996
0.502927854,1,0.972071288,1,0,0.126313489,0.268613175,1,1,1,0,0,3.89,1255,1,48.3,2065282,1,1,1,0,1,10032,1,1,1,0,2075314,61620,478.8469328,3016,3,869.5880067,2.710509813,0.151673078,1255,3.878132177,1,48.1841392,2.603863531,1277,130.6124959,1,363.0666294,0.987273251,66.74336254,1254,1,219.5649222
0.332971223,1,0.885491456,1,0,0.238656852,0.780571584,1,1,1,0,0,5.48,358,1,34.44,310872,1,1,1,0,1,6426,1,1,1,0,317298,37653,141.3007463,863,3,242.5470678,2.776557558,0.476834402,358,5.387380318,1,34.09738964,2.661913837,479,45.3989058,1,118.3024191,0.947002502,16.19175099,358,1,50.63133553
0.508062518,1,0.923982275,1,0,0.199652322,0.583225771,1,1,1,0,0,3.71,331,1,23.1,354983,1,1,1,0,1,3960,1,1,1,0,358943,26903,127.0307772,856,3,231.957777,2.72944557,0.338121723,331,3.67691249,1,22.97089719,2.652535987,491,49.05780025,1,125.0411066,0.964866288,26.0054269,330,1,68.82402455
0.507643757,1,0.929002838,1,0,0.194576867,0.553618905,1,1,1,0,0,3.73,382,1,25.03,248024,1,1,1,0,1,3048,1,1,1,0,251072,18664,154.8793399,919,3,269.572503,2.741912273,0.323900272,382,3.692446788,1,24.8811092,2.645147181,429,49.67156022,1,123.4828862,0.967308183,26.2605015,381,1,71.78799821
0.512739381,1,0.893304993,1,0,0.227569905,0.748353678,1,1,1,0,0,3.58,362,1,23.02,151491,1,1,1,0,1,2888,1,1,1,0,154379,17490,140.1365352,852,3,244.1712296,2.727057835,0.440031772,362,3.53577883,1,22.80851069,2.612513738,363,31.20926244,1,78.22290725,0.95288867,17.05580332,361,1,52.66703154
0.508062518,1,0.923982275,1,0,0.199652322,0.583225771,1,1,1,0,0,3.71,331,1,23.1,354983,1,1,1,0,1,3960,1,1,1,0,358943,26903,127.0307772,856,3,231.9578914,2.729720589,0.338121723,331,3.67691249,1,22.97089719,2.652535987,491,49.05780025,1,125.0411066,0.964866288,26.0054269,330,1,68.82402455
0.506967969,1,0.931822057,1,0,0.191255968,0.536679447,1,1,1,0,0,3.74,329,1,23.3,400721,1,1,1,0,1,3936,1,1,1,0,404657,27115,128.406454,864,3,235.222922,2.735347391,0.311342047,329,3.711266579,1,23.19003227,2.677215489,551,55.38594874,1,142.1908704,0.96816316,29.15758805,328,1,74.50381484
0.522265328,1,0.764021992,1,0,0.312725939,1.225698155,1,1,1,0,0,3.09,23,1,4.16,30678,1,1,1,0,1,792,1,1,1,0,31470,6412,18.41235184,107,3,21.18919962,2.618105446,0.85684581,23,3.039339053,1,4.124782681,2.690479547,137,14.91703057,1,23.14220684,0.875436924,8.799750468,65,1,10.52111384
0.469001726,1,0.994259156,1,0,0.070086206,0.052498396,1,1,1,0,0,4.24,692,1,39.23,22317681,1,1,1,0,1,6910,1,1,1,0,22324591,76107,716.2526574,12868,3,1793.052506,2.63296884,0.039169674,692,4.240881233,1,39.22680475,2.41471178,25987,1243.98464,1,4340.17801,0.995329142,584.0751179,11487,1,1564.826343
