instance,n,m,ratio_1,ratio_2,density,min_degree,max_degree,avg_degree,med_degree,25Q_degree,75Q_degree,cv_degree,entropy_degree,min_clique,max_clique,med_clique,Q25_clique,Q75_clique,cv_clique,entropy_clique,clique_time,max_card_clique,min_cluster_coeff,max_cluster_coeff,med_cluster_coeff,Q25_cluster_coeff,Q75_cluster_coeff,cv_cluster_coeff,entropy_cluster_coeff,min_cluster_wcoeff,max_cluster_wcoeff,med_cluster_wcoeff,Q25_cluster_wcoeff,Q75_cluster_wcoeff,cv_cluster_wcoeff,entropy_cluster_wcoeff,cluster_coeff_time,DSATUR_n_colors,DSATUR_time,DSATUR_min_size,DSATUR_max_size,DSATUR_mean_size,DSATUR_med_size,DSATUR_Q25_size,DSATUR_Q75_size,DSATUR_vc_size,DSATUR_entropy_size,time
random_graph_1_1000_0.1_0_1.col,1000,49653,0.02,49.65,0.1,64,135,99,99,92,105,0.1,0.91,0.0,0.01,0.0,0.0,0.0,0.0,0.0,0,5,0,0,0.1,0.1,0.1,0.04,0.0,6,13,9.85,9.14,10.54,0.11,0.72,1,27,13,2,5,3,4,3,5,0.28,0.86,15.0
random_graph_1_1000_0.1_0_2.col,1000,49653,0.02,49.65,0.1,64,135,99,99,92,105,0.1,0.91,0.0,0.01,0.0,0.0,0.0,0.0,0.0,0,5,0,0,0.1,0.1,0.1,0.04,0.0,6,13,9.85,9.14,10.54,0.11,0.72,0,27,8,2,5,3,4,3,5,0.28,0.86,9.0
random_graph_1_1000_0.1_0_3.col,1000,49653,0.02,49.65,0.1,64,135,99,99,92,105,0.1,0.91,0.0,0.01,0.0,0.0,0.0,0.0,0.0,0,5,0,0,0.1,0.1,0.1,0.04,0.0,6,13,9.85,9.14,10.54,0.11,0.72,1,27,13,2,5,3,4,3,5,0.28,0.86,15.0
random_graph_1_1000_0.1_100_1.col,1000,49139,0.02,49.14,0.1,67,127,98,98,92,105,0.1,0.92,0.0,0.01,0.0,0.0,0.0,0.0,0.0,0,6,0,0,0.1,0.1,0.1,0.04,0.0,6,13,9.64,9.0,10.38,0.11,0.7,1,26,13,4,7,5,6,5,6,0.16,0.84,15.0
random_graph_1_1000_0.1_100_2.col,1000,49139,0.02,49.14,0.1,67,127,98,98,92,105,0.1,0.92,0.0,0.01,0.0,0.0,0.0,0.0,0.0,0,6,0,0,0.1,0.1,0.1,0.04,0.0,6,13,9.64,9.0,10.38,0.11,0.7,0,26,8,4,7,5,6,5,6,0.16,0.84,9.0
random_graph_1_1000_0.1_100_3.col,1000,48490,0.02,48.49,0.1,64,123,96,97,90,104,0.1,0.92,0.0,0.01,0.0,0.0,0.0,0.0,0.0,0,5,0,0,0.1,0.09,0.1,0.04,0.0,5,12,9.42,8.76,10.08,0.11,0.7,1,27,13,2,6,4,4,4,5,0.24,0.83,15.0
random_graph_1_1000_0.1_50_1.col,1000,48624,0.02,48.62,0.1,65,133,97,97,91,103,0.09,0.9,0.0,0.01,0.0,0.0,0.0,0.0,0.0,0,5,0,0,0.1,0.09,0.1,0.05,0.0,6,13,9.51,8.77,10.12,0.1,0.69,0,27,8,3,5,3,4,3,4,0.21,0.85,9.0
random_graph_1_1000_0.1_50_2.col,1000,48624,0.02,48.62,0.1,65,133,97,97,91,103,0.09,0.9,0.0,0.01,0.0,0.0,0.0,0.0,0.0,0,5,0,0,0.1,0.09,0.1,0.05,0.0,6,13,9.51,8.77,10.12,0.1,0.69,0,27,13,3,5,3,4,3,4,0.21,0.85,15.0
random_graph_1_1000_0.1_50_3.col,1000,47564,0.02,47.56,0.1,56,126,95,95,88,102,0.11,0.91,0.0,0.01,0.0,0.0,0.0,0.0,0.0,0,5,0,0,0.1,0.09,0.1,0.05,0.0,5,12,9.05,8.35,9.78,0.12,0.72,0,26,7,3,7,5,5,4,6,0.23,0.93,9.0
random_graph_1_1000_0.5_0_1.col,1000,250184,0.0,250.18,0.5,449,555,500,501,489,511,0.03,0.92,0.01,0.01,0.01,0.01,0.01,0.0,0.0,1,13,0,0,0.5,0.5,0.5,0.0,0.0,225,277,250.92,245.12,255.76,0.03,0.88,17,127,40,2,6,3,3,2,4,0.31,0.79,59.0
random_graph_1_1000_0.5_0_2.col,1000,250184,0.0,250.18,0.5,449,555,500,501,489,511,0.03,0.92,0.01,0.01,0.01,0.01,0.01,0.0,0.0,2,13,0,0,0.5,0.5,0.5,0.0,0.0,225,277,250.92,245.12,255.76,0.03,0.88,28,127,63,2,6,3,3,2,4,0.31,0.79,94.0
random_graph_1_1000_0.5_0_3.col,1000,250184,0.0,250.18,0.5,449,555,500,501,489,511,0.03,0.92,0.01,0.01,0.01,0.01,0.01,0.0,0.0,1,13,0,0,0.5,0.5,0.5,0.0,0.0,225,277,250.92,245.12,255.76,0.03,0.88,17,127,40,2,6,3,3,2,4,0.31,0.79,60.0
random_graph_1_1000_0.5_100_1.col,1000,247607,0.0,247.61,0.5,446,554,495,496,484,506,0.03,0.93,0.01,0.01,0.01,0.01,0.01,0.0,0.0,1,12,0,0,0.5,0.49,0.5,0.0,0.0,220,273,245.76,239.77,250.66,0.03,0.9,17,123,38,2,5,3,3,3,4,0.27,0.85,58.0
random_graph_1_1000_0.5_100_2.col,1000,247607,0.0,247.61,0.5,446,554,495,496,484,506,0.03,0.93,0.01,0.01,0.01,0.01,0.01,0.0,0.0,2,12,0,0,0.5,0.49,0.5,0.0,0.0,220,273,245.76,239.77,250.66,0.03,0.9,27,123,63,2,5,3,3,3,4,0.27,0.85,94.0
random_graph_1_1000_0.5_100_3.col,1000,244332,0.0,244.33,0.49,409,554,488,491,478,502,0.04,0.91,0.01,0.01,0.01,0.01,0.01,0.0,0.0,1,12,0,0,0.49,0.49,0.49,0.0,0.0,201,272,240.41,233.87,245.59,0.04,0.88,16,122,39,2,4,3,3,3,4,0.2,0.79,58.0
random_graph_1_1000_0.5_50_1.col,1000,245073,0.0,245.07,0.49,437,549,490,490,479,501,0.03,0.92,0.01,0.01,0.01,0.01,0.01,0.0,0.0,2,12,0,0,0.49,0.49,0.49,0.0,0.0,214,269,240.32,235.08,246.03,0.03,0.9,26,120,61,2,7,4,4,4,5,0.24,0.77,92.0
random_graph_1_1000_0.5_50_2.col,1000,245073,0.0,245.07,0.49,437,549,490,490,479,501,0.03,0.92,0.01,0.01,0.01,0.01,0.01,0.0,0.0,2,12,0,0,0.49,0.49,0.49,0.0,0.0,214,269,240.32,235.08,246.03,0.03,0.9,27,120,61,2,7,4,4,4,5,0.24,0.77,92.0
random_graph_1_1000_0.5_50_3.col,1000,239642,0.0,239.64,0.48,383,538,479,485,467,498,0.06,0.93,0.01,0.01,0.01,0.01,0.01,0.0,0.0,2,12,0,0,0.48,0.48,0.48,0.01,0.0,186,258,232.32,223.89,238.72,0.05,0.92,26,112,61,2,5,2,3,2,3,0.37,0.78,90.0
random_graph_1_1000_0.9_0_1.col,1000,449671,0.0,449.67,0.9,867,930,899,899,892,906,0.01,0.9,0.04,0.05,0.05,0.04,0.05,0.0,0.0,19,52,0,0,0.9,0.9,0.9,0.0,0.0,780,837,809.44,803.38,815.57,0.01,0.9,74,321,100,1,3,2,2,2,2,0.07,0.09,196.0
random_graph_1_1000_0.9_0_2.col,1000,449671,0.0,449.67,0.9,867,930,899,899,892,906,0.01,0.9,0.04,0.05,0.05,0.04,0.05,0.0,0.0,12,52,0,0,0.9,0.9,0.9,0.0,0.0,780,837,809.44,803.38,815.57,0.01,0.9,47,321,63,1,3,2,2,2,2,0.07,0.09,124.0
random_graph_1_1000_0.9_0_3.col,1000,449671,0.0,449.67,0.9,867,930,899,899,892,906,0.01,0.9,0.04,0.05,0.05,0.04,0.05,0.0,0.0,18,52,0,0,0.9,0.9,0.9,0.0,0.0,780,837,809.44,803.38,815.57,0.01,0.9,72,321,99,1,3,2,2,2,2,0.07,0.09,192.0
random_graph_1_1000_0.9_100_1.col,1000,445191,0.0,445.19,0.89,841,923,890,891,884,897,0.01,0.9,0.04,0.05,0.04,0.04,0.04,0.0,0.0,9,49,0,0,0.89,0.89,0.89,0.0,0.0,748,822,793.94,787.79,799.49,0.01,0.89,46,288,61,2,4,2,2,2,2,0.15,0.27,118.0
random_graph_1_1000_0.9_100_2.col,1000,445191,0.0,445.19,0.89,841,923,890,891,884,897,0.01,0.9,0.04,0.05,0.04,0.04,0.04,0.0,0.0,13,49,0,0,0.89,0.89,0.89,0.0,0.0,748,822,793.94,787.79,799.49,0.01,0.89,72,288,99,2,4,2,2,2,2,0.15,0.27,187.0
random_graph_1_1000_0.9_100_3.col,1000,439240,0.0,439.24,0.88,784,925,878,887,873,896,0.03,0.9,0.03,0.04,0.04,0.04,0.04,0.0,0.0,9,44,0,0,0.88,0.88,0.88,0.0,0.0,695,813,779.76,767.54,788.11,0.03,0.89,46,255,61,1,5,2,2,2,3,0.27,0.43,119.0
random_graph_1_1000_0.9_50_1.col,1000,440605,0.0,440.61,0.88,842,912,881,881,874,888,0.01,0.91,0.03,0.04,0.04,0.04,0.04,0.0,0.0,10,41,0,0,0.88,0.88,0.88,0.0,0.0,742,804,776.84,770.78,782.97,0.01,0.91,70,220,99,1,5,2,2,2,3,0.37,0.63,183.0
random_graph_1_1000_0.9_50_2.col,1000,440605,0.0,440.61,0.88,842,912,881,881,874,888,0.01,0.91,0.03,0.04,0.04,0.04,0.04,0.0,0.0,6,41,0,0,0.88,0.88,0.88,0.0,0.0,742,804,776.84,770.78,782.97,0.01,0.91,46,220,60,1,5,2,2,2,3,0.37,0.63,115.0
random_graph_1_1000_0.9_50_3.col,1000,430748,0.0,430.75,0.86,750,918,861,877,853,890,0.05,0.93,0.03,0.04,0.03,0.03,0.04,0.0,0.0,10,38,0,0,0.86,0.86,0.86,0.01,0.0,656,791,755.17,734.75,766.25,0.05,0.93,68,181,95,2,5,2,2,2,2,0.29,0.46,177.0
random_graph_1_100_0.1_0_1.col,100,509,0.2,5.09,0.1,5,17,10,10,8,12,0.27,0.94,0.02,0.03,0.03,0.02,0.03,0.0,0.01,0,3,0,0,0.1,0.08,0.13,0.5,0.0,0,2,1.08,0.74,1.25,0.45,0.74,0,6,0,2,2,2,2,2,2,0.0,0.0,0.0
random_graph_1_100_0.1_0_2.col,100,509,0.2,5.09,0.1,5,17,10,10,8,12,0.27,0.94,0.02,0.03,0.03,0.02,0.03,0.0,0.01,0,3,0,0,0.1,0.08,0.13,0.5,0.0,0,2,1.08,0.74,1.25,0.45,0.74,0,6,0,2,2,2,2,2,2,0.0,0.0,0.0
random_graph_1_100_0.1_0_3.col,100,509,0.2,5.09,0.1,5,17,10,10,8,12,0.27,0.94,0.02,0.03,0.03,0.02,0.03,0.0,0.01,0,3,0,0,0.1,0.08,0.13,0.5,0.0,0,2,1.08,0.74,1.25,0.45,0.74,0,6,0,2,2,2,2,2,2,0.0,0.0,0.0
random_graph_1_100_0.1_10_1.col,100,463,0.22,4.63,0.09,4,18,9,9,7,11,0.32,0.87,0.02,0.03,0.03,0.02,0.03,0.0,0.01,0,3,0,0,0.08,0.05,0.11,0.64,0.0,0,2,0.77,0.44,1.16,0.63,0.65,0,6,0,1,4,3,3,3,3,0.33,0.92,0.0
random_graph_1_100_0.1_10_2.col,100,463,0.22,4.63,0.09,4,18,9,9,7,11,0.32,0.87,0.02,0.03,0.03,0.02,0.03,0.0,0.01,0,3,0,0,0.08,0.05,0.11,0.64,0.0,0,2,0.77,0.44,1.16,0.63,0.65,0,6,0,1,4,3,3,3,3,0.33,0.92,0.0
random_graph_1_100_0.1_10_3.col,100,441,0.23,4.41,0.09,3,19,8,9,7,10,0.33,0.89,0.02,0.04,0.02,0.02,0.03,0.0,0.01,0,4,0,0,0.08,0.05,0.11,0.64,0.0,0,2,0.75,0.33,1.0,0.61,0.63,0,5,0,2,4,3,4,3,4,0.27,0.86,0.0
random_graph_1_100_0.1_20_1.col,100,487,0.21,4.87,0.1,4,22,9,10,8,11,0.31,0.87,0.02,0.04,0.03,0.02,0.03,0.0,0.01,0,4,0,0,0.08,0.05,0.11,0.56,0.0,0,2,0.88,0.57,1.16,0.55,0.67,0,5,0,3,5,4,4,4,4,0.16,0.86,0.0
random_graph_1_100_0.1_20_2.col,100,487,0.21,4.87,0.1,4,22,9,10,8,11,0.31,0.87,0.02,0.04,0.03,0.02,0.03,0.0,0.01,0,4,0,0,0.08,0.05,0.11,0.56,0.0,0,2,0.88,0.57,1.16,0.55,0.67,0,5,0,3,5,4,4,4,4,0.16,0.86,0.0
random_graph_1_100_0.1_20_3.col,100,473,0.21,4.73,0.1,4,15,9,10,7,11,0.31,0.96,0.02,0.04,0.03,0.02,0.03,0.0,0.01,0,4,0,0,0.1,0.07,0.11,0.56,0.0,0,2,0.91,0.57,1.27,0.56,0.78,0,6,0,2,3,2,2,2,2,0.19,0.65,0.0
random_graph_1_100_0.5_0_1.col,100,2524,0.04,25.24,0.51,40,63,50,51,47,54,0.09,0.92,0.04,0.08,0.07,0.06,0.07,0.0,0.01,0,8,0,0,0.51,0.5,0.52,0.02,0.0,20,32,25.48,24.25,27.34,0.09,0.87,0,21,0,2,5,3,3,3,4,0.24,0.79,0.0
random_graph_1_100_0.5_0_2.col,100,2524,0.04,25.24,0.51,40,63,50,51,47,54,0.09,0.92,0.04,0.08,0.07,0.06,0.07,0.0,0.01,0,8,0,0,0.51,0.5,0.52,0.02,0.0,20,32,25.48,24.25,27.34,0.09,0.87,0,21,0,2,5,3,3,3,4,0.24,0.79,0.0
random_graph_1_100_0.5_0_3.col,100,2524,0.04,25.24,0.51,40,63,50,51,47,54,0.09,0.92,0.04,0.08,0.07,0.06,0.07,0.0,0.01,0,8,0,0,0.51,0.5,0.52,0.02,0.0,20,32,25.48,24.25,27.34,0.09,0.87,0,21,0,2,5,3,3,3,4,0.24,0.79,0.0
random_graph_1_100_0.5_10_1.col,100,2294,0.04,22.94,0.46,35,56,45,46,43,49,0.11,0.93,0.04,0.07,0.06,0.05,0.06,0.0,0.01,0,7,0,0,0.46,0.45,0.47,0.03,0.0,16,25,20.96,19.56,22.69,0.1,0.93,0,17,0,2,4,2,2,2,3,0.35,0.87,0.0
random_graph_1_100_0.5_10_2.col,100,2294,0.04,22.94,0.46,35,56,45,46,43,49,0.11,0.93,0.04,0.07,0.06,0.05,0.06,0.0,0.01,0,7,0,0,0.46,0.45,0.47,0.03,0.0,16,25,20.96,19.56,22.69,0.1,0.93,0,17,0,2,4,2,2,2,3,0.35,0.87,0.0
random_graph_1_100_0.5_10_3.col,100,2152,0.05,21.52,0.43,30,59,43,43,39,48,0.15,0.94,0.04,0.07,0.05,0.05,0.06,0.0,0.01,0,7,0,0,0.43,0.41,0.44,0.05,0.0,12,25,18.49,16.3,20.22,0.15,0.89,0,14,0,2,4,2,3,2,3,0.4,1.0,0.0
random_graph_1_100_0.5_20_1.col,100,2409,0.04,24.09,0.49,37,57,48,48,44,52,0.1,0.95,0.04,0.08,0.06,0.05,0.07,0.0,0.01,0,8,0,0,0.48,0.48,0.49,0.03,0.0,18,28,23.56,21.26,25.09,0.1,0.93,0,19,0,2,2,2,2,2,2,0.0,0.0,0.0
random_graph_1_100_0.5_20_2.col,100,2409,0.04,24.09,0.49,37,57,48,48,44,52,0.1,0.95,0.04,0.08,0.06,0.05,0.07,0.0,0.01,0,8,0,0,0.48,0.48,0.49,0.03,0.0,18,28,23.56,21.26,25.09,0.1,0.93,0,19,0,2,2,2,2,2,2,0.0,0.0,0.0
random_graph_1_100_0.5_20_3.col,100,2339,0.04,23.39,0.47,29,61,46,46,43,51,0.12,0.91,0.04,0.08,0.06,0.05,0.07,0.0,0.01,0,8,0,0,0.47,0.46,0.48,0.03,0.0,14,27,22.24,20.51,23.73,0.11,0.85,0,18,0,2,4,3,3,3,4,0.19,0.78,0.0
random_graph_1_100_0.9_0_1.col,100,4496,0.02,44.96,0.91,81,95,89,90,88,92,0.03,0.93,0.22,0.28,0.25,0.24,0.25,0.0,0.01,0,28,0,0,0.91,0.91,0.91,0.0,0.0,73,86,81.83,79.95,83.48,0.03,0.9,0,46,0,1,3,2,2,2,2,0.26,0.71,0.0
random_graph_1_100_0.9_0_2.col,100,4496,0.02,44.96,0.91,81,95,89,90,88,92,0.03,0.93,0.22,0.28,0.25,0.24,0.25,0.0,0.01,0,28,0,0,0.91,0.91,0.91,0.0,0.0,73,86,81.83,79.95,83.48,0.03,0.9,0,46,0,1,3,2,2,2,2,0.26,0.71,0.0
random_graph_1_100_0.9_0_3.col,100,4496,0.02,44.96,0.91,81,95,89,90,88,92,0.03,0.93,0.22,0.28,0.25,0.24,0.25,0.0,0.01,0,28,0,0,0.91,0.91,0.91,0.0,0.0,73,86,81.83,79.95,83.48,0.03,0.9,0,46,0,1,3,2,2,2,2,0.26,0.71,0.0
random_graph_1_100_0.9_10_1.col,100,4052,0.02,40.52,0.82,74,89,81,81,78,84,0.05,0.94,0.1,0.1,0.1,0.1,0.1,0.0,0.0,0,10,0,0,0.81,0.81,0.81,0.0,0.0,59,71,65.74,63.13,67.74,0.05,0.94,0,19,0,1,3,2,2,2,3,0.37,0.96,0.0
random_graph_1_100_0.9_10_2.col,100,4052,0.02,40.52,0.82,74,89,81,81,78,84,0.05,0.94,0.1,0.1,0.1,0.1,0.1,0.0,0.0,0,10,0,0,0.81,0.81,0.81,0.0,0.0,59,71,65.74,63.13,67.74,0.05,0.94,0,19,0,1,3,2,2,2,3,0.37,0.96,0.0
random_graph_1_100_0.9_10_3.col,100,3811,0.03,38.11,0.77,59,94,76,79,66,84,0.13,0.95,0.09,0.1,0.1,0.1,0.1,0.0,0.0,0,10,0,0,0.76,0.75,0.79,0.03,0.0,45,71,58.27,52.04,63.71,0.11,0.95,0,19,0,1,5,2,3,2,3,0.59,0.94,0.0
random_graph_1_100_0.9_20_1.col,100,4276,0.02,42.76,0.86,79,92,85,86,84,87,0.03,0.92,0.13,0.18,0.15,0.15,0.16,0.0,0.01,0,18,0,0,0.86,0.86,0.86,0.0,0.0,68,79,73.79,72.19,75.2,0.03,0.92,0,33,0,1,3,2,2,2,3,0.3,0.8,0.0
random_graph_1_100_0.9_20_2.col,100,4276,0.02,42.76,0.86,79,92,85,86,84,87,0.03,0.92,0.13,0.18,0.15,0.15,0.16,0.0,0.01,0,18,0,0,0.86,0.86,0.86,0.0,0.0,68,79,73.79,72.19,75.2,0.03,0.92,0,33,0,1,3,2,2,2,3,0.3,0.8,0.0
random_graph_1_100_0.9_20_3.col,100,4141,0.02,41.41,0.84,66,95,82,84,79,88,0.08,0.92,0.13,0.17,0.15,0.14,0.15,0.0,0.01,0,17,0,0,0.83,0.83,0.84,0.01,0.0,56,78,70.17,66.1,72.72,0.07,0.92,0,31,0,1,2,1,2,2,2,0.4,0.71,0.0
random_graph_1_250_0.1_0_1.col,250,3103,0.08,12.41,0.1,13,37,24,25,22,28,0.18,0.89,0.01,0.02,0.01,0.01,0.01,0.0,0.0,0,4,0,0,0.1,0.09,0.11,0.17,0.0,0,3,2.44,2.0,2.88,0.24,0.71,0,11,0,3,6,4,5,4,5,0.2,0.84,0.0
random_graph_1_250_0.1_0_2.col,250,3103,0.08,12.41,0.1,13,37,24,25,22,28,0.18,0.89,0.01,0.02,0.01,0.01,0.01,0.0,0.0,0,4,0,0,0.1,0.09,0.11,0.17,0.0,0,3,2.44,2.0,2.88,0.24,0.71,0,11,0,3,6,4,5,4,5,0.2,0.84,0.0
random_graph_1_250_0.1_0_3.col,250,3103,0.08,12.41,0.1,13,37,24,25,22,28,0.18,0.89,0.01,0.02,0.01,0.01,0.01,0.0,0.0,0,4,0,0,0.1,0.09,0.11,0.17,0.0,0,3,2.44,2.0,2.88,0.24,0.71,0,11,0,3,6,4,5,4,5,0.2,0.84,0.0
random_graph_1_250_0.1_25_1.col,250,2977,0.08,11.91,0.1,11,40,23,23,21,27,0.2,0.88,0.01,0.02,0.01,0.01,0.01,0.0,0.0,0,4,0,0,0.09,0.08,0.1,0.19,0.0,0,3,2.2,1.83,2.64,0.26,0.68,0,10,0,2,2,2,2,2,2,0.0,0.0,0.0
random_graph_1_250_0.1_25_2.col,250,2977,0.08,11.91,0.1,11,40,23,23,21,27,0.2,0.88,0.01,0.02,0.01,0.01,0.01,0.0,0.0,0,4,0,0,0.09,0.08,0.1,0.19,0.0,0,3,2.2,1.83,2.64,0.26,0.68,0,10,0,2,2,2,2,2,2,0.0,0.0,0.0
random_graph_1_250_0.1_25_3.col,250,2862,0.09,11.45,0.09,12,38,22,22,20,26,0.22,0.91,0.01,0.02,0.01,0.01,0.01,0.0,0.0,0,4,0,0,0.09,0.08,0.1,0.22,0.0,0,3,2.1,1.66,2.55,0.28,0.7,0,10,0,2,3,2,2,2,3,0.24,0.97,0.0
random_graph_1_250_0.1_50_1.col,250,3043,0.08,12.17,0.1,11,36,24,24,20,28,0.2,0.91,0.01,0.02,0.01,0.01,0.01,0.0,0.0,0,5,0,0,0.1,0.08,0.11,0.21,0.0,0,4,2.38,1.92,2.85,0.27,0.65,0,10,0,2,4,3,3,3,3,0.18,0.73,0.0
random_graph_1_250_0.1_50_2.col,250,3043,0.08,12.17,0.1,11,36,24,24,20,28,0.2,0.91,0.01,0.02,0.01,0.01,0.01,0.0,0.0,0,5,0,0,0.1,0.08,0.11,0.21,0.0,0,4,2.38,1.92,2.85,0.27,0.65,0,10,0,2,4,3,3,3,3,0.18,0.73,0.0
random_graph_1_250_0.1_50_3.col,250,2966,0.08,11.86,0.1,12,40,23,24,20,27,0.2,0.91,0.01,0.02,0.01,0.01,0.01,0.0,0.0,0,5,0,0,0.1,0.08,0.11,0.21,0.0,0,4,2.26,1.79,2.69,0.29,0.65,0,10,0,2,3,2,2,2,2,0.15,0.47,0.0
random_graph_1_250_0.5_0_1.col,250,15676,0.02,62.7,0.5,106,144,125,125,120,131,0.06,0.92,0.02,0.04,0.03,0.03,0.03,0.0,0.0,0,9,0,0,0.5,0.5,0.51,0.01,0.0,53,72,63.34,60.62,65.79,0.06,0.91,0,40,0,2,3,2,3,2,3,0.25,0.98,0.0
random_graph_1_250_0.5_0_2.col,250,15676,0.02,62.7,0.5,106,144,125,125,120,131,0.06,0.92,0.02,0.04,0.03,0.03,0.03,0.0,0.0,0,9,0,0,0.5,0.5,0.51,0.01,0.0,53,72,63.34,60.62,65.79,0.06,0.91,0,40,0,2,3,2,3,2,3,0.25,0.98,1.0
random_graph_1_250_0.5_0_3.col,250,15676,0.02,62.7,0.5,106,144,125,125,120,131,0.06,0.92,0.02,0.04,0.03,0.03,0.03,0.0,0.0,0,9,0,0,0.5,0.5,0.51,0.01,0.0,53,72,63.34,60.62,65.79,0.06,0.91,0,40,0,2,3,2,3,2,3,0.25,0.98,0.0
random_graph_1_250_0.5_25_1.col,250,15051,0.02,60.2,0.48,97,145,120,120,116,125,0.06,0.91,0.02,0.04,0.03,0.03,0.03,0.0,0.0,0,9,0,0,0.48,0.48,0.49,0.01,0.0,46,70,58.21,55.9,60.48,0.06,0.87,0,37,0,3,7,4,4,3,5,0.23,0.79,0.0
random_graph_1_250_0.5_25_2.col,250,15051,0.02,60.2,0.48,97,145,120,120,116,125,0.06,0.91,0.02,0.04,0.03,0.03,0.03,0.0,0.0,0,9,0,0,0.48,0.48,0.49,0.01,0.0,46,70,58.21,55.9,60.48,0.06,0.87,0,37,0,3,7,4,4,3,5,0.23,0.79,1.0
random_graph_1_250_0.5_25_3.col,250,14419,0.02,57.68,0.46,80,142,115,118,108,124,0.11,0.93,0.02,0.04,0.03,0.03,0.03,0.0,0.0,0,9,0,0,0.46,0.46,0.47,0.02,0.0,37,66,54.17,50.49,57.15,0.1,0.9,0,36,0,2,4,2,3,3,3,0.32,0.88,0.0
random_graph_1_250_0.5_50_1.col,250,15362,0.02,61.45,0.49,103,144,122,123,117,128,0.06,0.94,0.02,0.04,0.03,0.03,0.03,0.0,0.0,0,10,0,0,0.49,0.49,0.5,0.01,0.0,51,71,60.63,57.93,63.53,0.06,0.9,0,39,0,2,4,2,3,3,3,0.24,0.63,1.0
random_graph_1_250_0.5_50_2.col,250,15362,0.02,61.45,0.49,103,144,122,123,117,128,0.06,0.94,0.02,0.04,0.03,0.03,0.03,0.0,0.0,0,10,0,0,0.49,0.49,0.5,0.01,0.0,51,71,60.63,57.93,63.53,0.06,0.9,0,39,0,2,4,2,3,3,3,0.24,0.63,0.0
random_graph_1_250_0.5_50_3.col,250,14975,0.02,59.9,0.48,90,146,119,120,113,127,0.08,0.94,0.02,0.04,0.03,0.03,0.03,0.0,0.0,0,10,0,0,0.48,0.48,0.49,0.01,0.0,43,70,57.64,54.56,61.07,0.08,0.9,0,37,0,2,6,3,4,3,4,0.29,0.78,1.0
random_graph_1_250_0.9_0_1.col,250,28095,0.01,112.38,0.9,210,240,224,225,222,228,0.02,0.89,0.1,0.15,0.12,0.12,0.13,0.0,0.0,0,38,0,0,0.9,0.9,0.9,0.0,0.0,189,216,203.04,200.25,205.78,0.02,0.88,0,99,1,1,3,2,2,2,2,0.14,0.28,2.0
random_graph_1_250_0.9_0_2.col,250,28095,0.01,112.38,0.9,210,240,224,225,222,228,0.02,0.89,0.1,0.15,0.12,0.12,0.13,0.0,0.0,0,38,0,0,0.9,0.9,0.9,0.0,0.0,189,216,203.04,200.25,205.78,0.02,0.88,0,99,0,1,3,2,2,2,2,0.14,0.28,1.0
random_graph_1_250_0.9_0_3.col,250,28095,0.01,112.38,0.9,210,240,224,225,222,228,0.02,0.89,0.1,0.15,0.12,0.12,0.13,0.0,0.0,0,38,0,0,0.9,0.9,0.9,0.0,0.0,189,216,203.04,200.25,205.78,0.02,0.88,0,99,1,1,3,2,2,2,2,0.14,0.28,2.0
random_graph_1_250_0.9_25_1.col,250,27010,0.01,108.04,0.87,196,231,216,216,212,220,0.03,0.89,0.08,0.1,0.1,0.09,0.1,0.0,0.0,0,25,0,0,0.87,0.87,0.87,0.0,0.0,170,200,186.87,183.82,190.37,0.02,0.87,0,60,0,1,4,2,2,2,3,0.31,0.65,1.0
random_graph_1_250_0.9_25_2.col,250,27010,0.01,108.04,0.87,196,231,216,216,212,220,0.03,0.89,0.08,0.1,0.1,0.09,0.1,0.0,0.0,0,25,0,0,0.87,0.87,0.87,0.0,0.0,170,200,186.87,183.82,190.37,0.02,0.87,0,60,1,1,4,2,2,2,3,0.31,0.65,2.0
random_graph_1_250_0.9_25_3.col,250,25852,0.01,103.41,0.83,167,230,206,214,202,220,0.09,0.94,0.07,0.1,0.08,0.08,0.08,0.0,0.0,0,24,0,0,0.83,0.82,0.83,0.02,0.0,143,190,176.14,166.32,182.15,0.08,0.95,0,52,0,1,4,2,2,2,2,0.27,0.56,1.0
random_graph_1_250_0.9_50_1.col,250,27555,0.01,110.22,0.89,209,234,220,220,217,224,0.02,0.92,0.09,0.12,0.11,0.11,0.11,0.0,0.0,0,30,0,0,0.88,0.88,0.89,0.0,0.0,184,206,194.86,192.05,198.19,0.02,0.91,0,90,1,1,4,2,3,2,3,0.33,0.73,2.0
random_graph_1_250_0.9_50_2.col,250,27555,0.01,110.22,0.89,209,234,220,220,217,224,0.02,0.92,0.09,0.12,0.11,0.11,0.11,0.0,0.0,0,30,0,0,0.88,0.88,0.89,0.0,0.0,184,206,194.86,192.05,198.19,0.02,0.91,0,90,0,1,4,2,3,2,3,0.33,0.73,1.0
random_graph_1_250_0.9_50_3.col,250,26879,0.01,107.52,0.86,184,232,215,218,212,224,0.06,0.92,0.08,0.12,0.1,0.1,0.1,0.0,0.0,0,30,0,0,0.86,0.86,0.86,0.01,0.0,161,200,188.34,182.69,193.21,0.05,0.91,0,73,1,1,6,2,2,2,3,0.35,0.54,2.0
random_graph_1_500_0.1_0_1.col,500,12533,0.04,25.07,0.1,30,74,50,50,46,55,0.13,0.89,0.0,0.01,0.01,0.01,0.01,0.0,0.0,0,5,0,0,0.1,0.1,0.11,0.09,0.0,3,8,5.04,4.52,5.57,0.16,0.68,0,16,1,3,6,4,5,4,6,0.26,0.94,2.0
random_graph_1_500_0.1_0_2.col,500,12533,0.04,25.07,0.1,30,74,50,50,46,55,0.13,0.89,0.0,0.01,0.01,0.01,0.01,0.0,0.0,0,5,0,0,0.1,0.1,0.11,0.09,0.0,3,8,5.04,4.52,5.57,0.16,0.68,0,16,0,3,6,4,5,4,6,0.26,0.94,1.0
random_graph_1_500_0.1_0_3.col,500,12533,0.04,25.07,0.1,30,74,50,50,46,55,0.13,0.89,0.0,0.01,0.01,0.01,0.01,0.0,0.0,0,5,0,0,0.1,0.1,0.11,0.09,0.0,3,8,5.04,4.52,5.57,0.16,0.68,0,16,1,3,6,4,5,4,6,0.26,0.94,1.0
random_graph_1_500_0.1_100_1.col,500,12398,0.04,24.8,0.1,29,68,49,50,45,54,0.13,0.9,0.0,0.01,0.01,0.01,0.01,0.0,0.0,0,5,0,0,0.1,0.09,0.11,0.09,0.0,2,7,4.96,4.43,5.43,0.15,0.68,0,16,1,3,5,4,4,4,5,0.19,0.95,2.0
random_graph_1_500_0.1_100_2.col,500,12398,0.04,24.8,0.1,29,68,49,50,45,54,0.13,0.9,0.0,0.01,0.01,0.01,0.01,0.0,0.0,0,5,0,0,0.1,0.09,0.11,0.09,0.0,2,7,4.96,4.43,5.43,0.15,0.68,0,16,0,3,5,4,4,4,5,0.19,0.95,1.0
random_graph_1_500_0.1_100_3.col,500,12217,0.04,24.43,0.1,33,71,48,49,44,53,0.14,0.91,0.0,0.01,0.01,0.01,0.01,0.0,0.0,0,5,0,0,0.1,0.09,0.1,0.09,0.0,2,6,4.8,4.3,5.3,0.16,0.74,0,16,1,3,5,4,4,4,5,0.15,0.79,1.0
random_graph_1_500_0.1_25_1.col,500,11966,0.04,23.93,0.1,30,69,47,48,44,52,0.13,0.88,0.0,0.01,0.01,0.01,0.01,0.0,0.0,0,5,0,0,0.09,0.09,0.1,0.09,0.0,2,6,4.52,4.09,5.02,0.15,0.7,0,16,1,4,7,5,6,5,6,0.17,0.9,1.0
random_graph_1_500_0.1_25_2.col,500,11966,0.04,23.93,0.1,30,69,47,48,44,52,0.13,0.88,0.0,0.01,0.01,0.01,0.01,0.0,0.0,0,5,0,0,0.09,0.09,0.1,0.09,0.0,2,6,4.52,4.09,5.02,0.15,0.7,0,16,0,4,7,5,6,5,6,0.17,0.9,1.0
random_graph_1_500_0.1_25_3.col,500,11410,0.04,22.82,0.09,26,67,45,46,41,51,0.16,0.92,0.0,0.01,0.01,0.01,0.01,0.0,0.0,0,5,0,0,0.09,0.09,0.1,0.1,0.0,2,6,4.25,3.64,4.73,0.19,0.76,0,15,1,2,4,2,3,2,3,0.31,0.84,1.0
random_graph_1_500_0.5_0_1.col,500,62511,0.01,125.02,0.5,210,279,250,250,243,257,0.04,0.92,0.01,0.02,0.02,0.02,0.02,0.0,0.0,0,12,0,0,0.5,0.5,0.5,0.0,0.0,105,139,125.36,121.66,128.78,0.04,0.89,1,70,4,2,5,3,3,3,4,0.28,0.87,6.0
random_graph_1_500_0.5_0_2.col,500,62511,0.01,125.02,0.5,210,279,250,250,243,257,0.04,0.92,0.01,0.02,0.02,0.02,0.02,0.0,0.0,0,12,0,0,0.5,0.5,0.5,0.0,0.0,105,139,125.36,121.66,128.78,0.04,0.89,3,70,7,2,5,3,3,3,4,0.28,0.87,11.0
random_graph_1_500_0.5_0_3.col,500,62511,0.01,125.02,0.5,210,279,250,250,243,257,0.04,0.92,0.01,0.02,0.02,0.02,0.02,0.0,0.0,0,12,0,0,0.5,0.5,0.5,0.0,0.0,105,139,125.36,121.66,128.78,0.04,0.89,1,70,4,2,5,3,3,3,4,0.28,0.87,7.0
random_graph_1_500_0.5_100_1.col,500,61874,0.01,123.75,0.5,212,277,247,247,240,255,0.04,0.93,0.01,0.02,0.02,0.02,0.02,0.0,0.0,0,11,0,0,0.5,0.49,0.5,0.0,0.0,106,138,122.78,119.09,126.45,0.04,0.89,3,71,7,2,6,3,3,3,4,0.28,0.75,11.0
random_graph_1_500_0.5_100_2.col,500,61874,0.01,123.75,0.5,212,277,247,247,240,255,0.04,0.93,0.01,0.02,0.02,0.02,0.02,0.0,0.0,0,11,0,0,0.5,0.49,0.5,0.0,0.0,106,138,122.78,119.09,126.45,0.04,0.89,3,71,7,2,6,3,3,3,4,0.28,0.75,11.0
random_graph_1_500_0.5_100_3.col,500,61036,0.01,122.07,0.49,206,286,244,245,237,253,0.05,0.93,0.01,0.02,0.02,0.02,0.02,0.0,0.0,0,11,0,0,0.49,0.49,0.49,0.01,0.0,100,140,119.59,115.54,123.75,0.05,0.89,1,70,4,2,4,2,3,2,3,0.33,0.89,6.0
random_graph_1_500_0.5_25_1.col,500,59930,0.01,119.86,0.48,207,273,239,240,232,247,0.04,0.92,0.01,0.02,0.02,0.02,0.02,0.0,0.0,0,11,0,0,0.48,0.48,0.48,0.01,0.0,98,130,115.04,111.48,118.27,0.05,0.87,1,67,4,2,4,2,3,2,3,0.32,0.85,6.0
random_graph_1_500_0.5_25_2.col,500,59930,0.01,119.86,0.48,207,273,239,240,232,247,0.04,0.92,0.01,0.02,0.02,0.02,0.02,0.0,0.0,0,11,0,0,0.48,0.48,0.48,0.01,0.0,98,130,115.04,111.48,118.27,0.05,0.87,2,67,7,2,4,2,3,2,3,0.32,0.85,10.0
random_graph_1_500_0.5_25_3.col,500,57220,0.01,114.44,0.46,172,276,228,236,218,245,0.1,0.93,0.01,0.02,0.02,0.02,0.02,0.0,0.0,0,11,0,0,0.46,0.45,0.46,0.02,0.0,81,126,107.44,99.67,111.88,0.09,0.92,1,58,4,2,8,3,4,3,4,0.35,0.64,6.0
random_graph_1_500_0.9_0_1.col,500,112469,0.0,224.94,0.9,427,470,449,450,446,455,0.01,0.89,0.07,0.09,0.08,0.08,0.08,0.0,0.0,2,44,0,0,0.9,0.9,0.9,0.0,0.0,384,423,405.85,401.77,409.9,0.01,0.9,8,181,11,1,4,2,3,2,3,0.29,0.63,23.0
random_graph_1_500_0.9_0_2.col,500,112469,0.0,224.94,0.9,427,470,449,450,446,455,0.01,0.89,0.07,0.09,0.08,0.08,0.08,0.0,0.0,1,44,0,0,0.9,0.9,0.9,0.0,0.0,384,423,405.85,401.77,409.9,0.01,0.9,4,181,7,1,4,2,3,2,3,0.29,0.63,14.0
random_graph_1_500_0.9_0_3.col,500,112469,0.0,224.94,0.9,427,470,449,450,446,455,0.01,0.89,0.07,0.09,0.08,0.08,0.08,0.0,0.0,2,44,0,0,0.9,0.9,0.9,0.0,0.0,384,423,405.85,401.77,409.9,0.01,0.9,8,181,11,1,4,2,3,2,3,0.29,0.63,23.0
random_graph_1_500_0.9_100_1.col,500,111325,0.0,222.65,0.89,424,468,445,445,441,450,0.02,0.91,0.06,0.08,0.07,0.07,0.07,0.0,0.0,1,40,0,0,0.89,0.89,0.89,0.0,0.0,378,417,397.28,393.37,401.52,0.02,0.9,4,166,7,1,6,2,3,2,3,0.36,0.59,14.0
random_graph_1_500_0.9_100_2.col,500,111325,0.0,222.65,0.89,424,468,445,445,441,450,0.02,0.91,0.06,0.08,0.07,0.07,0.07,0.0,0.0,2,40,0,0,0.89,0.89,0.89,0.0,0.0,378,417,397.28,393.37,401.52,0.02,0.9,8,166,11,1,6,2,3,2,3,0.36,0.59,23.0
random_graph_1_500_0.9_100_3.col,500,109814,0.0,219.63,0.88,389,469,439,443,434,449,0.03,0.9,0.05,0.08,0.07,0.06,0.07,0.0,0.0,1,38,0,0,0.88,0.88,0.88,0.0,0.0,344,412,389.45,382.34,394.98,0.03,0.89,5,148,7,2,4,2,3,2,3,0.3,0.8,14.0
random_graph_1_500_0.9_25_1.col,500,107779,0.0,215.56,0.86,412,457,431,431,426,436,0.02,0.9,0.04,0.05,0.05,0.05,0.05,0.0,0.0,0,25,0,0,0.86,0.86,0.86,0.0,0.0,355,393,371.7,367.27,375.93,0.02,0.9,4,68,6,1,4,2,2,2,3,0.31,0.66,12.0
random_graph_1_500_0.9_25_2.col,500,107779,0.0,215.56,0.86,412,457,431,431,426,436,0.02,0.9,0.04,0.05,0.05,0.05,0.05,0.0,0.0,1,25,0,0,0.86,0.86,0.86,0.0,0.0,355,393,371.7,367.27,375.93,0.02,0.9,7,68,11,1,4,2,2,2,3,0.31,0.66,20.0
random_graph_1_500_0.9_25_3.col,500,102955,0.0,205.91,0.83,336,458,411,428,406,439,0.09,0.95,0.04,0.05,0.04,0.04,0.05,0.0,0.0,0,25,0,0,0.82,0.82,0.83,0.02,0.0,286,378,350.39,332.79,360.32,0.08,0.95,4,64,6,1,6,2,2,2,3,0.4,0.66,12.0
random_graph_3_1000_0.05_0_1.col,1000,48587,0.02,48.59,0.1,55,123,97,100,90,107,0.14,0.91,0.04,0.07,0.06,0.05,0.06,0.0,0.0,33,67,0,1,0.75,0.73,0.77,0.08,0.06,50,86,75.09,68.68,80.5,0.11,0.92,0,68,7,4,6,5,6,5,6,0.16,0.93,41.0
random_graph_3_1000_0.05_0_2.col,1000,48587,0.02,48.59,0.1,55,123,97,100,90,107,0.14,0.91,0.04,0.07,0.06,0.05,0.06,0.0,0.0,55,67,0,1,0.75,0.73,0.77,0.08,0.06,50,86,75.09,68.68,80.5,0.11,0.92,1,68,11,4,6,5,6,5,6,0.16,0.93,69.0
random_graph_3_1000_0.05_0_3.col,1000,48587,0.02,48.59,0.1,55,123,97,100,90,107,0.14,0.91,0.04,0.07,0.06,0.05,0.06,0.0,0.0,35,67,0,1,0.75,0.73,0.77,0.08,0.06,50,86,75.09,68.68,80.5,0.11,0.92,0,68,7,4,6,5,6,5,6,0.16,0.93,43.0
random_graph_3_1000_0.05_100_1.col,1000,47937,0.02,47.94,0.1,46,121,95,98,90,103,0.13,0.88,0.03,0.05,0.04,0.04,0.04,0.0,0.0,33,49,0,0,0.74,0.72,0.77,0.08,0.0,45,87,72.88,67.82,76.21,0.1,0.89,1,56,11,2,7,4,5,4,5,0.22,0.71,47.0
random_graph_3_1000_0.05_100_2.col,1000,47937,0.02,47.94,0.1,46,121,95,98,90,103,0.13,0.88,0.03,0.05,0.04,0.04,0.04,0.0,0.0,20,49,0,0,0.74,0.72,0.77,0.08,0.0,45,87,72.88,67.82,76.21,0.1,0.89,0,56,7,2,7,4,5,4,5,0.22,0.71,28.0
random_graph_3_1000_0.05_100_3.col,1000,47273,0.02,47.27,0.09,47,121,94,97,89,102,0.13,0.89,0.03,0.04,0.04,0.03,0.04,0.0,0.0,27,45,0,0,0.73,0.71,0.76,0.08,0.0,46,86,70.6,65.58,74.55,0.11,0.91,1,50,11,2,8,5,6,5,7,0.29,0.81,40.0
random_graph_3_1000_0.05_50_1.col,1000,47479,0.02,47.48,0.1,45,121,94,97,89,102,0.13,0.88,0.02,0.04,0.03,0.03,0.04,0.0,0.0,22,39,0,0,0.74,0.71,0.76,0.08,0.0,44,86,71.32,66.66,74.96,0.1,0.89,1,49,11,1,5,3,3,3,4,0.29,0.78,35.0
random_graph_3_1000_0.05_50_2.col,1000,47479,0.02,47.48,0.1,45,121,94,97,89,102,0.13,0.88,0.02,0.04,0.03,0.03,0.04,0.0,0.0,14,39,0,0,0.74,0.71,0.76,0.08,0.0,44,86,71.32,66.66,74.96,0.1,0.89,0,49,6,1,5,3,3,3,4,0.29,0.78,22.0
random_graph_3_1000_0.05_50_3.col,1000,46304,0.02,46.3,0.09,45,119,92,95,86,101,0.14,0.9,0.02,0.03,0.03,0.03,0.03,0.0,0.0,17,33,0,0,0.72,0.7,0.74,0.08,0.0,43,84,67.89,62.32,72.24,0.11,0.91,1,43,11,1,8,5,6,4,6,0.43,0.87,30.0
random_graph_3_1000_0.35_0_1.col,1000,282676,0.0,282.68,0.57,334,701,565,585,465,677,0.2,0.93,0.0,0.0,0.0,0.0,0.0,0.0,0.0,601,0,0,1,0.83,0.76,0.93,0.11,0.04,334,533,484.11,432.46,509.75,0.11,0.95,25,382,41,1,3,2,3,2,3,0.31,0.72,669.0
random_graph_3_1000_0.35_0_2.col,1000,282676,0.0,282.68,0.57,334,701,565,585,465,677,0.2,0.93,0.0,0.0,0.0,0.0,0.0,0.0,0.0,2445,0,0,1,0.83,0.76,0.93,0.11,0.04,334,533,484.11,432.46,509.75,0.11,0.95,50,382,64,1,3,2,3,2,3,0.31,0.72,2562.0
random_graph_3_1000_0.35_0_3.col,1000,282676,0.0,282.68,0.57,334,701,565,585,465,677,0.2,0.93,0.0,0.0,0.0,0.0,0.0,0.0,0.0,601,0,0,1,0.83,0.76,0.93,0.11,0.04,334,533,484.11,432.46,509.75,0.11,0.95,24,382,41,1,3,2,3,2,3,0.31,0.72,668.0
random_graph_3_1000_0.35_100_1.col,1000,287701,0.0,287.7,0.58,335,716,575,601,472,689,0.21,0.94,0.09,0.1,0.1,0.1,0.1,0.0,0.0,89,99,0,0,0.81,0.76,0.91,0.1,0.0,331,530,487.43,430.41,520.98,0.12,0.92,40,191,65,1,8,3,3,2,4,0.46,0.81,196.0
random_graph_3_1000_0.35_100_2.col,1000,287701,0.0,287.7,0.58,335,716,575,601,472,689,0.21,0.94,0.09,0.1,0.1,0.1,0.1,0.0,0.0,62,99,0,0,0.81,0.76,0.91,0.1,0.0,331,530,487.43,430.41,520.98,0.12,0.92,26,191,44,1,8,3,3,2,4,0.46,0.81,135.0
random_graph_3_1000_0.35_100_3.col,1000,283849,0.0,283.85,0.57,300,714,567,591,467,685,0.21,0.95,0.09,0.1,0.09,0.09,0.09,0.0,0.0,94,95,0,0,0.0,0.0,0.0,0.0,0.0,0,0,0.0,0.0,0.0,0.0,0.0,1869,167,74,1,8,3,3,2,4,0.4,0.74,2040.0
random_graph_3_1000_0.35_50_1.col,1000,284803,0.0,284.8,0.57,333,712,569,593,467,683,0.21,0.94,0.05,0.05,0.05,0.05,0.05,0.0,0.0,8,50,0,0,0.8,0.75,0.9,0.1,0.0,325,522,477.33,421.86,509.94,0.12,0.92,24,99,40,1,8,3,4,3,5,0.51,0.83,74.0
random_graph_3_1000_0.35_50_2.col,1000,284803,0.0,284.8,0.57,333,712,569,593,467,683,0.21,0.94,0.05,0.05,0.05,0.05,0.05,0.0,0.0,11,50,0,0,0.8,0.75,0.9,0.1,0.0,325,522,477.33,421.86,509.94,0.12,0.92,37,99,63,1,8,3,4,3,5,0.51,0.83,114.0
random_graph_3_1000_0.35_50_3.col,1000,278264,0.0,278.26,0.56,278,712,556,581,453,676,0.22,0.96,0.05,0.05,0.05,0.05,0.05,0.0,0.0,17,50,0,0,0.78,0.74,0.88,0.1,0.0,270,513,453.23,396.82,492.86,0.13,0.95,37,98,61,1,9,3,3,3,4,0.47,0.82,116.0
random_graph_3_1000_0.7_0_1.col,1000,449309,0.0,449.31,0.9,666,999,898,929,807,999,0.12,0.72,0.0,0.0,0.0,0.0,0.0,0.0,0.0,601,0,0,1,0.93,0.9,0.98,0.04,0.05,666,898,863.91,786.71,898.42,0.08,0.73,48,702,58,1,2,1,1,1,2,0.49,0.98,711.0
random_graph_3_1000_0.7_0_2.col,1000,449309,0.0,449.31,0.9,666,999,898,929,807,999,0.12,0.72,0.0,0.0,0.0,0.0,0.0,0.0,0.0,600,0,0,1,0.93,0.9,0.98,0.04,0.05,666,898,863.91,786.71,898.42,0.08,0.73,72,702,93,1,2,1,1,1,2,0.49,0.98,768.0
random_graph_3_1000_0.7_0_3.col,1000,449309,0.0,449.31,0.9,666,999,898,929,807,999,0.12,0.72,0.0,0.0,0.0,0.0,0.0,0.0,0.0,600,0,0,1,0.93,0.9,0.98,0.04,0.05,666,898,863.91,786.71,898.42,0.08,0.73,48,702,59,1,2,1,1,1,2,0.49,0.98,709.0
random_graph_3_1000_0.7_100_1.col,1000,451751,0.0,451.75,0.9,691,997,903,937,828,989,0.11,0.86,0.1,0.1,0.1,0.1,0.1,0.0,0.0,24,100,0,0,0.93,0.9,0.97,0.03,0.0,684,901,868.58,799.67,894.09,0.08,0.86,73,199,94,1,7,2,3,2,4,0.67,0.83,194.0
random_graph_3_1000_0.7_100_2.col,1000,451751,0.0,451.75,0.9,691,997,903,937,828,989,0.11,0.86,0.1,0.1,0.1,0.1,0.1,0.0,0.0,16,100,0,0,0.93,0.9,0.97,0.03,0.0,684,901,868.58,799.67,894.09,0.08,0.86,48,199,59,1,7,2,3,2,4,0.67,0.83,125.0
random_graph_3_1000_0.7_100_3.col,1000,445724,0.0,445.72,0.89,636,998,891,914,813,987,0.11,0.89,0.1,0.1,0.1,0.1,0.1,0.0,0.0,47,100,0,0,0.91,0.89,0.95,0.03,0.0,626,890,841.6,774.0,880.37,0.08,0.89,72,193,95,1,7,2,2,1,3,0.64,0.79,218.0
random_graph_3_1000_0.7_50_1.col,1000,447138,0.0,447.14,0.9,682,990,894,928,819,978,0.11,0.88,0.05,0.05,0.05,0.05,0.05,0.0,0.0,3,50,0,0,0.92,0.89,0.96,0.03,0.0,667,886,850.66,781.78,875.37,0.08,0.89,71,99,92,1,7,3,3,2,5,0.62,0.93,170.0
random_graph_3_1000_0.7_50_2.col,1000,447138,0.0,447.14,0.9,682,990,894,928,819,978,0.11,0.88,0.05,0.05,0.05,0.05,0.05,0.0,0.0,2,50,0,0,0.92,0.89,0.96,0.03,0.0,667,886,850.66,781.78,875.37,0.08,0.89,48,99,58,1,7,3,3,2,5,0.62,0.93,111.0
random_graph_3_1000_0.7_50_3.col,1000,437080,0.0,437.08,0.88,601,994,874,891,794,976,0.12,0.89,0.05,0.05,0.05,0.05,0.05,0.0,0.0,6,50,0,0,0.9,0.87,0.93,0.04,0.0,584,869,809.51,737.76,851.19,0.09,0.9,76,99,91,1,5,2,3,2,4,0.63,0.95,178.0
random_graph_3_100_0.05_0_1.col,100,477,0.21,4.77,0.1,3,15,9,9,7,12,0.32,0.91,0.03,0.12,0.07,0.06,0.09,0.0,0.01,0,12,0,1,0.76,0.67,0.84,0.16,0.37,2,11,6.93,5.4,8.62,0.33,0.93,0,12,0,1,6,3,4,2,5,0.52,0.91,0.0
random_graph_3_100_0.05_0_2.col,100,477,0.21,4.77,0.1,3,15,9,9,7,12,0.32,0.91,0.03,0.12,0.07,0.06,0.09,0.0,0.01,0,12,0,1,0.76,0.67,0.84,0.16,0.37,2,11,6.93,5.4,8.62,0.33,0.93,0,12,0,1,6,3,4,2,5,0.52,0.91,0.0
random_graph_3_100_0.05_0_3.col,100,477,0.21,4.77,0.1,3,15,9,9,7,12,0.32,0.91,0.03,0.12,0.07,0.06,0.09,0.0,0.01,0,12,0,1,0.76,0.67,0.84,0.16,0.37,2,11,6.93,5.4,8.62,0.33,0.93,0,12,0,1,6,3,4,2,5,0.52,0.91,0.0
random_graph_3_100_0.05_10_1.col,100,432,0.23,4.32,0.09,3,16,8,8,7,10,0.33,0.89,0.03,0.09,0.06,0.05,0.07,0.0,0.01,0,9,0,0,0.72,0.62,0.79,0.17,0.0,2,11,5.38,4.55,7.08,0.35,0.89,0,11,0,1,5,3,4,1,4,0.54,0.94,0.0
random_graph_3_100_0.05_10_2.col,100,432,0.23,4.32,0.09,3,16,8,8,7,10,0.33,0.89,0.03,0.09,0.06,0.05,0.07,0.0,0.01,0,9,0,0,0.72,0.62,0.79,0.17,0.0,2,11,5.38,4.55,7.08,0.35,0.89,0,11,0,1,5,3,4,1,4,0.54,0.94,0.0
random_graph_3_100_0.05_10_3.col,100,399,0.25,3.99,0.08,3,15,7,8,6,10,0.37,0.92,0.02,0.07,0.05,0.04,0.05,0.0,0.01,0,7,0,0,0.65,0.53,0.73,0.21,0.0,1,9,4.71,3.6,6.64,0.42,0.92,0,9,0,1,5,3,4,1,4,0.5,0.88,0.0
random_graph_3_100_0.05_20_1.col,100,448,0.22,4.48,0.09,4,16,8,8,7,11,0.33,0.89,0.04,0.09,0.06,0.05,0.08,0.0,0.01,0,9,0,0,0.73,0.67,0.81,0.16,0.0,2,11,5.69,4.8,8.0,0.34,0.88,0,11,0,1,5,3,4,3,4,0.39,0.88,0.0
random_graph_3_100_0.05_20_2.col,100,448,0.22,4.48,0.09,4,16,8,8,7,11,0.33,0.89,0.04,0.09,0.06,0.05,0.08,0.0,0.01,0,9,0,0,0.73,0.67,0.81,0.16,0.0,2,11,5.69,4.8,8.0,0.34,0.88,0,11,0,1,5,3,4,3,4,0.39,0.88,0.0
random_graph_3_100_0.05_20_3.col,100,442,0.23,4.42,0.09,3,16,8,8,7,11,0.34,0.91,0.03,0.1,0.06,0.05,0.07,0.0,0.01,0,10,0,1,0.72,0.67,0.82,0.17,0.08,2,11,5.67,4.5,7.89,0.37,0.9,0,11,0,1,4,3,4,2,4,0.36,0.81,0.0
random_graph_3_100_0.35_0_1.col,100,2936,0.03,29.36,0.59,33,75,58,61,48,71,0.22,0.93,0.34,0.4,0.35,0.35,0.38,0.0,0.01,0,40,0,1,0.81,0.76,0.93,0.11,0.14,33,55,49.55,44.53,53.16,0.12,0.91,0,42,0,1,3,2,2,2,3,0.26,0.67,0.0
random_graph_3_100_0.35_0_2.col,100,2936,0.03,29.36,0.59,33,75,58,61,48,71,0.22,0.93,0.34,0.4,0.35,0.35,0.38,0.0,0.01,0,40,0,1,0.81,0.76,0.93,0.11,0.14,33,55,49.55,44.53,53.16,0.12,0.91,0,42,0,1,3,2,2,2,3,0.26,0.67,0.0
random_graph_3_100_0.35_0_3.col,100,2936,0.03,29.36,0.59,33,75,58,61,48,71,0.22,0.93,0.34,0.4,0.35,0.35,0.38,0.0,0.01,0,40,0,1,0.81,0.76,0.93,0.11,0.14,33,55,49.55,44.53,53.16,0.12,0.91,0,42,0,1,3,2,2,2,3,0.26,0.67,0.0
random_graph_3_100_0.35_10_1.col,100,2573,0.04,25.73,0.52,27,68,51,55,42,61,0.22,0.94,0.09,0.1,0.1,0.1,0.1,0.0,0.0,0,10,0,0,0.74,0.68,0.82,0.12,0.0,24,48,38.74,33.75,42.05,0.14,0.93,0,19,0,1,4,2,3,2,3,0.44,0.91,0.0
random_graph_3_100_0.35_10_2.col,100,2573,0.04,25.73,0.52,27,68,51,55,42,61,0.22,0.94,0.09,0.1,0.1,0.1,0.1,0.0,0.0,0,10,0,0,0.74,0.68,0.82,0.12,0.0,24,48,38.74,33.75,42.05,0.14,0.93,0,19,0,1,4,2,3,2,3,0.44,0.91,0.0
random_graph_3_100_0.35_10_3.col,100,2433,0.04,24.33,0.49,26,68,48,49,38,60,0.25,0.95,0.07,0.1,0.09,0.09,0.1,0.0,0.01,0,10,0,0,0.7,0.64,0.78,0.12,0.0,22,44,33.97,29.35,37.96,0.17,0.95,0,17,0,1,3,2,3,2,3,0.39,0.87,0.0
random_graph_3_100_0.35_20_1.col,100,2720,0.04,27.2,0.55,30,69,54,60,44,64,0.22,0.94,0.15,0.19,0.17,0.17,0.17,0.0,0.01,0,19,0,0,0.78,0.73,0.87,0.11,0.0,28,51,44.11,37.87,47.74,0.14,0.93,0,28,0,1,5,2,3,2,3,0.45,0.8,0.0
random_graph_3_100_0.35_20_2.col,100,2720,0.04,27.2,0.55,30,69,54,60,44,64,0.22,0.94,0.15,0.19,0.17,0.17,0.17,0.0,0.01,0,19,0,0,0.78,0.73,0.87,0.11,0.0,28,51,44.11,37.87,47.74,0.14,0.93,0,28,0,1,5,2,3,2,3,0.45,0.8,0.0
random_graph_3_100_0.35_20_3.col,100,2646,0.04,26.46,0.53,29,70,52,56,42,64,0.23,0.96,0.12,0.17,0.17,0.16,0.17,0.0,0.01,0,17,0,0,0.77,0.71,0.85,0.11,0.0,27,50,41.78,35.85,46.22,0.16,0.96,0,29,0,1,5,2,2,2,3,0.5,0.83,0.0
random_graph_3_100_0.7_0_1.col,100,4563,0.02,45.63,0.92,72,99,91,97,83,99,0.1,0.7,0.72,0.76,0.73,0.73,0.73,0.0,0.0,0,76,0,1,0.93,0.92,0.98,0.03,0.37,72,91,90.3,81.77,91.1,0.07,0.71,0,76,0,1,3,1,1,1,2,0.49,0.61,0.0
random_graph_3_100_0.7_0_2.col,100,4563,0.02,45.63,0.92,72,99,91,97,83,99,0.1,0.7,0.72,0.76,0.73,0.73,0.73,0.0,0.0,0,76,0,1,0.93,0.92,0.98,0.03,0.37,72,91,90.3,81.77,91.1,0.07,0.71,0,76,0,1,3,1,1,1,2,0.49,0.61,0.0
random_graph_3_100_0.7_0_3.col,100,4563,0.02,45.63,0.92,72,99,91,97,83,99,0.1,0.7,0.72,0.76,0.73,0.73,0.73,0.0,0.0,0,76,0,1,0.93,0.92,0.98,0.03,0.37,72,91,90.3,81.77,91.1,0.07,0.71,0,76,0,1,3,1,1,1,2,0.49,0.61,0.0
random_graph_3_100_0.7_10_1.col,100,4081,0.02,40.81,0.82,58,93,81,85,75,90,0.11,0.91,0.1,0.1,0.1,0.1,0.1,0.0,0.0,0,10,0,0,0.83,0.81,0.87,0.04,0.0,51,75,69.03,64.91,73.25,0.08,0.88,0,19,0,1,4,2,2,1,3,0.53,0.91,0.0
random_graph_3_100_0.7_10_2.col,100,4081,0.02,40.81,0.82,58,93,81,85,75,90,0.11,0.91,0.1,0.1,0.1,0.1,0.1,0.0,0.0,0,10,0,0,0.83,0.81,0.87,0.04,0.0,51,75,69.03,64.91,73.25,0.08,0.88,0,19,0,1,4,2,2,1,3,0.53,0.91,0.0
random_graph_3_100_0.7_10_3.col,100,3841,0.03,38.41,0.78,51,96,76,77,69,89,0.16,0.88,0.09,0.1,0.1,0.1,0.1,0.0,0.0,0,10,0,0,0.8,0.76,0.82,0.04,0.0,43,73,61.8,55.91,67.03,0.13,0.86,0,18,0,1,4,2,2,1,2,0.49,0.92,0.0
random_graph_3_100_0.7_20_1.col,100,4306,0.02,43.06,0.87,65,98,86,91,78,93,0.11,0.89,0.18,0.2,0.2,0.2,0.2,0.0,0.01,0,20,0,0,0.88,0.87,0.93,0.04,0.0,61,84,79.21,73.26,80.84,0.08,0.9,0,36,0,1,3,1,2,1,2,0.68,0.92,0.0
random_graph_3_100_0.7_20_2.col,100,4306,0.02,43.06,0.87,65,98,86,91,78,93,0.11,0.89,0.18,0.2,0.2,0.2,0.2,0.0,0.01,0,20,0,0,0.88,0.87,0.93,0.04,0.0,61,84,79.21,73.26,80.84,0.08,0.9,0,36,0,1,3,1,2,1,2,0.68,0.92,0.0
random_graph_3_100_0.7_20_3.col,100,4182,0.02,41.82,0.84,59,98,83,86,75,93,0.13,0.89,0.17,0.2,0.19,0.19,0.19,0.0,0.01,0,20,0,0,0.87,0.84,0.91,0.04,0.0,55,82,74.77,68.11,78.43,0.1,0.92,0,36,0,1,5,1,2,1,2,0.86,0.63,0.0
random_graph_3_250_0.05_0_1.col,250,2998,0.08,11.99,0.1,11,32,23,24,21,27,0.18,0.92,0.04,0.08,0.06,0.05,0.06,0.0,0.0,0,20,0,1,0.74,0.71,0.78,0.09,0.16,11,23,17.96,15.9,20.24,0.17,0.95,0,20,0,2,4,3,3,3,4,0.24,0.92,0.0
random_graph_3_250_0.05_0_2.col,250,2998,0.08,11.99,0.1,11,32,23,24,21,27,0.18,0.92,0.04,0.08,0.06,0.05,0.06,0.0,0.0,0,20,0,1,0.74,0.71,0.78,0.09,0.16,11,23,17.96,15.9,20.24,0.17,0.95,0,20,0,2,4,3,3,3,4,0.24,0.92,0.0
random_graph_3_250_0.05_0_3.col,250,2998,0.08,11.99,0.1,11,32,23,24,21,27,0.18,0.92,0.04,0.08,0.06,0.05,0.06,0.0,0.0,0,20,0,1,0.74,0.71,0.78,0.09,0.16,11,23,17.96,15.9,20.24,0.17,0.95,0,20,0,2,4,3,3,3,4,0.24,0.92,0.0
random_graph_3_250_0.05_25_1.col,250,2992,0.08,11.97,0.1,6,35,23,25,20,28,0.24,0.92,0.02,0.06,0.05,0.04,0.05,0.0,0.0,0,15,0,1,0.72,0.69,0.77,0.11,0.04,6,24,17.81,14.57,20.43,0.22,0.93,0,18,0,1,6,4,4,4,5,0.26,0.75,0.0
random_graph_3_250_0.05_25_2.col,250,2992,0.08,11.97,0.1,6,35,23,25,20,28,0.24,0.92,0.02,0.06,0.05,0.04,0.05,0.0,0.0,0,15,0,1,0.72,0.69,0.77,0.11,0.04,6,24,17.81,14.57,20.43,0.22,0.93,0,18,0,1,6,4,4,4,5,0.26,0.75,0.0
random_graph_3_250_0.05_25_3.col,250,2851,0.09,11.4,0.09,6,35,22,24,19,27,0.25,0.92,0.02,0.05,0.04,0.04,0.04,0.0,0.0,0,12,0,0,0.7,0.65,0.75,0.1,0.0,5,22,16.36,13.19,18.43,0.21,0.9,0,14,0,2,6,3,4,3,4,0.37,0.89,0.0
random_graph_3_250_0.05_50_1.col,250,3053,0.08,12.21,0.1,7,35,24,25,20,29,0.23,0.93,0.02,0.08,0.05,0.05,0.06,0.0,0.0,0,19,0,1,0.74,0.7,0.79,0.1,0.07,7,24,18.82,15.18,21.6,0.22,0.95,0,20,0,3,6,4,4,4,5,0.17,0.72,0.0
random_graph_3_250_0.05_50_2.col,250,3053,0.08,12.21,0.1,7,35,24,25,20,29,0.23,0.93,0.02,0.08,0.05,0.05,0.06,0.0,0.0,0,19,0,1,0.74,0.7,0.79,0.1,0.07,7,24,18.82,15.18,21.6,0.22,0.95,0,20,0,3,6,4,4,4,5,0.17,0.72,0.0
random_graph_3_250_0.05_50_3.col,250,2982,0.08,11.93,0.1,6,35,23,25,20,28,0.24,0.92,0.02,0.06,0.05,0.04,0.06,0.0,0.0,0,15,0,0,0.73,0.68,0.77,0.1,0.0,5,23,18.0,14.8,20.21,0.21,0.94,0,19,0,1,5,3,4,3,4,0.36,0.65,0.0
random_graph_3_250_0.35_0_1.col,250,18227,0.01,72.91,0.59,80,186,145,149,121,172,0.21,0.93,0.32,0.39,0.35,0.35,0.38,0.0,0.0,4,98,0,1,0.82,0.76,0.93,0.11,0.18,80,136,124.03,110.67,131.2,0.12,0.89,0,98,0,1,3,2,3,2,3,0.27,0.71,6.0
random_graph_3_250_0.35_0_2.col,250,18227,0.01,72.91,0.59,80,186,145,149,121,172,0.21,0.93,0.32,0.39,0.35,0.35,0.38,0.0,0.0,2,98,0,1,0.82,0.76,0.93,0.11,0.18,80,136,124.03,110.67,131.2,0.12,0.89,0,98,0,1,3,2,3,2,3,0.27,0.71,3.0
random_graph_3_250_0.35_0_3.col,250,18227,0.01,72.91,0.59,80,186,145,149,121,172,0.21,0.93,0.32,0.39,0.35,0.35,0.38,0.0,0.0,4,98,0,1,0.82,0.76,0.93,0.11,0.18,80,136,124.03,110.67,131.2,0.12,0.89,0,98,0,1,3,2,3,2,3,0.27,0.71,5.0
random_graph_3_250_0.35_25_1.col,250,17618,0.01,70.47,0.57,77,181,140,142,117,168,0.2,0.95,0.09,0.1,0.1,0.1,0.1,0.0,0.0,0,25,0,0,0.79,0.72,0.9,0.11,0.0,74,129,114.5,104.76,121.0,0.1,0.92,0,46,0,1,4,2,3,2,4,0.45,0.9,1.0
random_graph_3_250_0.35_25_2.col,250,17618,0.01,70.47,0.57,77,181,140,142,117,168,0.2,0.95,0.09,0.1,0.1,0.1,0.1,0.0,0.0,0,25,0,0,0.79,0.72,0.9,0.11,0.0,74,129,114.5,104.76,121.0,0.1,0.92,0,46,0,1,4,2,3,2,4,0.45,0.9,1.0
random_graph_3_250_0.35_25_3.col,250,16798,0.01,67.19,0.54,70,181,134,133,112,164,0.22,0.96,0.08,0.1,0.1,0.09,0.1,0.0,0.0,0,24,0,0,0.77,0.7,0.86,0.11,0.0,65,122,102.39,94.61,113.81,0.13,0.94,0,40,0,1,6,2,3,2,4,0.6,0.87,1.0
random_graph_3_250_0.35_50_1.col,250,17981,0.01,71.92,0.58,78,182,143,143,118,172,0.2,0.95,0.14,0.18,0.17,0.17,0.18,0.0,0.0,0,46,0,0,0.81,0.74,0.92,0.11,0.0,76,133,119.35,109.61,126.65,0.1,0.92,0,69,0,1,5,2,3,2,3,0.46,0.82,1.0
random_graph_3_250_0.35_50_2.col,250,17981,0.01,71.92,0.58,78,182,143,143,118,172,0.2,0.95,0.14,0.18,0.17,0.17,0.18,0.0,0.0,1,46,0,0,0.81,0.74,0.92,0.11,0.0,76,133,119.35,109.61,126.65,0.1,0.92,0,69,0,1,5,2,3,2,3,0.46,0.82,2.0
random_graph_3_250_0.35_50_3.col,250,17508,0.01,70.03,0.56,78,182,140,141,116,169,0.21,0.96,0.14,0.17,0.15,0.15,0.17,0.0,0.0,0,43,0,0,0.8,0.72,0.9,0.11,0.0,75,129,111.5,104.27,122.07,0.11,0.94,0,61,0,1,5,2,3,2,3,0.5,0.85,1.0
random_graph_3_250_0.7_0_1.col,250,28497,0.01,113.99,0.92,170,249,227,240,210,249,0.11,0.71,0.68,0.75,0.7,0.7,0.7,0.0,0.0,4,187,0,1,0.93,0.91,0.98,0.03,0.14,170,227,222.6,205.26,227.81,0.07,0.72,0,187,1,1,2,1,1,1,2,0.47,0.92,6.0
random_graph_3_250_0.7_0_2.col,250,28497,0.01,113.99,0.92,170,249,227,240,210,249,0.11,0.71,0.68,0.75,0.7,0.7,0.7,0.0,0.0,2,187,0,1,0.93,0.91,0.98,0.03,0.14,170,227,222.6,205.26,227.81,0.07,0.72,0,187,0,1,2,1,1,1,2,0.47,0.92,3.0
random_graph_3_250_0.7_0_3.col,250,28497,0.01,113.99,0.92,170,249,227,240,210,249,0.11,0.71,0.68,0.75,0.7,0.7,0.7,0.0,0.0,4,187,0,1,0.93,0.91,0.98,0.03,0.14,170,227,222.6,205.26,227.81,0.07,0.72,0,187,1,1,2,1,1,1,2,0.47,0.92,6.0
random_graph_3_250_0.7_25_1.col,250,27531,0.01,110.12,0.88,164,244,220,231,201,239,0.1,0.89,0.1,0.1,0.1,0.1,0.1,0.0,0.0,0,25,0,0,0.89,0.88,0.94,0.03,0.0,157,216,206.21,188.65,210.83,0.07,0.89,1,49,2,1,4,2,2,1,3,0.47,0.93,4.0
random_graph_3_250_0.7_25_2.col,250,27531,0.01,110.12,0.88,164,244,220,231,201,239,0.1,0.89,0.1,0.1,0.1,0.1,0.1,0.0,0.0,0,25,0,0,0.89,0.88,0.94,0.03,0.0,157,216,206.21,188.65,210.83,0.07,0.89,0,49,1,1,4,2,2,1,3,0.47,0.93,2.0
random_graph_3_250_0.7_25_3.col,250,26310,0.01,105.24,0.85,137,247,210,210,191,237,0.13,0.88,0.1,0.1,0.1,0.1,0.1,0.0,0.0,0,25,0,0,0.87,0.84,0.89,0.03,0.0,129,207,185.28,168.37,201.22,0.1,0.89,0,48,1,1,4,2,2,1,3,0.43,0.88,2.0
random_graph_3_250_0.7_50_1.col,250,28091,0.01,112.36,0.9,170,249,224,237,206,244,0.1,0.89,0.2,0.2,0.2,0.2,0.2,0.0,0.0,0,50,0,0,0.91,0.9,0.96,0.03,0.0,166,224,215.23,197.32,220.02,0.07,0.89,0,92,0,1,4,1,2,1,2,0.78,0.81,1.0
random_graph_3_250_0.7_50_2.col,250,28091,0.01,112.36,0.9,170,249,224,237,206,244,0.1,0.89,0.2,0.2,0.2,0.2,0.2,0.0,0.0,0,50,0,0,0.91,0.9,0.96,0.03,0.0,166,224,215.23,197.32,220.02,0.07,0.89,0,92,1,1,4,1,2,1,2,0.78,0.81,2.0
random_graph_3_250_0.7_50_3.col,250,27367,0.01,109.47,0.88,150,248,218,223,201,243,0.11,0.89,0.17,0.19,0.18,0.18,0.18,0.0,0.0,0,47,0,0,0.89,0.88,0.93,0.03,0.0,145,217,202.66,186.3,213.72,0.09,0.9,0,81,0,1,4,1,2,1,2,0.68,0.73,1.0
random_graph_3_500_0.05_0_1.col,500,12652,0.04,25.3,0.1,16,66,50,52,43,58,0.2,0.91,0.02,0.08,0.06,0.05,0.07,0.0,0.0,5,42,0,1,0.76,0.72,0.79,0.08,0.09,16,51,39.58,33.15,44.44,0.2,0.92,0,42,1,2,7,4,5,4,5,0.33,0.89,7.0
random_graph_3_500_0.05_0_2.col,500,12652,0.04,25.3,0.1,16,66,50,52,43,58,0.2,0.91,0.02,0.08,0.06,0.05,0.07,0.0,0.0,2,42,0,1,0.76,0.72,0.79,0.08,0.09,16,51,39.58,33.15,44.44,0.2,0.92,0,42,0,2,7,4,5,4,5,0.33,0.89,3.0
random_graph_3_500_0.05_0_3.col,500,12652,0.04,25.3,0.1,16,66,50,52,43,58,0.2,0.91,0.02,0.08,0.06,0.05,0.07,0.0,0.0,5,42,0,1,0.76,0.72,0.79,0.08,0.09,16,51,39.58,33.15,44.44,0.2,0.92,0,42,1,2,7,4,5,4,5,0.33,0.89,7.0
random_graph_3_500_0.05_100_1.col,500,12100,0.04,24.2,0.1,22,70,48,50,43,55,0.18,0.9,0.03,0.07,0.05,0.05,0.05,0.0,0.0,2,37,0,0,0.74,0.72,0.77,0.08,0.0,21,49,36.33,31.71,41.15,0.17,0.94,0,40,0,1,7,4,6,3,6,0.5,0.84,3.0
random_graph_3_500_0.05_100_2.col,500,12100,0.04,24.2,0.1,22,70,48,50,43,55,0.18,0.9,0.03,0.07,0.05,0.05,0.05,0.0,0.0,3,37,0,0,0.74,0.72,0.77,0.08,0.0,21,49,36.33,31.71,41.15,0.17,0.94,0,40,1,1,7,4,6,3,6,0.5,0.84,5.0
random_graph_3_500_0.05_100_3.col,500,11939,0.04,23.88,0.1,22,69,47,49,42,54,0.19,0.91,0.03,0.06,0.04,0.04,0.05,0.0,0.0,1,28,0,0,0.73,0.71,0.76,0.08,0.0,21,48,35.53,30.1,40.24,0.18,0.95,0,37,0,1,8,4,5,2,6,0.54,0.82,2.0
random_graph_3_500_0.05_25_1.col,500,11719,0.04,23.44,0.09,21,67,46,48,41,53,0.19,0.91,0.02,0.04,0.03,0.03,0.04,0.0,0.0,1,20,0,0,0.72,0.69,0.75,0.08,0.0,20,47,33.69,29.29,38.75,0.18,0.95,0,29,1,1,7,4,6,2,6,0.49,0.84,3.0
random_graph_3_500_0.05_25_2.col,500,11719,0.04,23.44,0.09,21,67,46,48,41,53,0.19,0.91,0.02,0.04,0.03,0.03,0.04,0.0,0.0,0,20,0,0,0.72,0.69,0.75,0.08,0.0,20,47,33.69,29.29,38.75,0.18,0.95,0,29,0,1,7,4,6,2,6,0.49,0.84,1.0
random_graph_3_500_0.05_25_3.col,500,11170,0.04,22.34,0.09,19,68,44,46,39,51,0.21,0.92,0.02,0.04,0.03,0.03,0.03,0.0,0.0,1,18,0,0,0.69,0.66,0.72,0.09,0.0,17,44,31.31,26.26,35.38,0.2,0.95,0,25,1,1,7,4,5,2,6,0.57,0.97,2.0
random_graph_3_500_0.35_0_1.col,500,74025,0.01,148.05,0.59,159,368,296,302,246,357,0.2,0.92,0.0,0.0,0.0,0.0,0.0,0.0,0.0,2332,0,0,1,0.83,0.75,0.94,0.11,0.07,159,277,250.89,228.18,267.37,0.11,0.9,2,205,5,1,3,2,2,2,3,0.23,0.57,2341.0
random_graph_3_500_0.35_0_2.col,500,74025,0.01,148.05,0.59,159,368,296,302,246,357,0.2,0.92,0.32,0.39,0.36,0.36,0.38,0.0,0.0,55,196,0,1,0.83,0.75,0.94,0.11,0.07,159,277,250.89,228.18,267.37,0.11,0.9,2,205,4,1,3,2,2,2,3,0.23,0.57,63.0
random_graph_3_500_0.35_0_3.col,500,74025,0.01,148.05,0.59,159,368,296,302,246,357,0.2,0.92,0.32,0.39,0.36,0.36,0.38,0.0,0.0,88,196,0,1,0.83,0.75,0.94,0.11,0.07,159,277,250.89,228.18,267.37,0.11,0.9,4,205,7,1,3,2,2,2,3,0.23,0.57,100.0
random_graph_3_500_0.35_100_1.col,500,70262,0.01,140.52,0.56,163,350,281,289,231,335,0.2,0.95,0.16,0.18,0.17,0.17,0.17,0.0,0.0,9,88,0,0,0.82,0.75,0.93,0.11,0.0,161,264,237.34,211.97,251.89,0.11,0.95,2,144,4,1,6,2,3,2,3,0.53,0.8,16.0
random_graph_3_500_0.35_100_2.col,500,70262,0.01,140.52,0.56,163,350,281,289,231,335,0.2,0.95,0.16,0.18,0.17,0.17,0.17,0.0,0.0,14,88,0,0,0.82,0.75,0.93,0.11,0.0,161,264,237.34,211.97,251.89,0.11,0.95,3,144,7,1,6,2,3,2,3,0.53,0.8,26.0
random_graph_3_500_0.35_100_3.col,500,69265,0.01,138.53,0.56,156,350,277,285,228,328,0.2,0.96,0.13,0.15,0.15,0.14,0.15,0.0,0.0,6,75,0,0,0.81,0.74,0.91,0.11,0.0,153,260,230.42,206.29,245.54,0.11,0.96,2,119,4,1,5,2,2,2,3,0.47,0.82,14.0
random_graph_3_500_0.35_25_1.col,500,67964,0.01,135.93,0.54,155,343,271,280,223,324,0.2,0.96,0.05,0.05,0.05,0.05,0.05,0.0,0.0,0,25,0,0,0.79,0.72,0.89,0.11,0.0,148,251,220.98,198.21,236.38,0.11,0.95,2,48,4,1,6,3,3,3,5,0.49,0.94,7.0
random_graph_3_500_0.35_25_2.col,500,67964,0.01,135.93,0.54,155,343,271,280,223,324,0.2,0.96,0.05,0.05,0.05,0.05,0.05,0.0,0.0,1,25,0,0,0.79,0.72,0.89,0.11,0.0,148,251,220.98,198.21,236.38,0.11,0.95,3,48,7,1,6,3,3,3,5,0.49,0.94,12.0
random_graph_3_500_0.35_25_3.col,500,64875,0.01,129.75,0.52,134,347,259,263,214,314,0.22,0.96,0.05,0.05,0.05,0.05,0.05,0.0,0.0,0,25,0,0,0.77,0.69,0.86,0.11,0.0,127,240,199.87,179.54,219.1,0.13,0.95,2,48,4,1,4,2,3,2,4,0.51,0.95,7.0
random_graph_3_500_0.7_0_1.col,500,115099,0.0,230.2,0.92,346,499,460,485,425,499,0.1,0.69,0.69,0.74,0.72,0.72,0.72,0.0,0.0,100,369,0,1,0.93,0.92,0.98,0.03,0.09,346,460,452.98,414.05,460.24,0.07,0.7,8,369,11,1,2,1,1,1,2,0.48,0.94,120.0
random_graph_3_500_0.7_0_2.col,500,115099,0.0,230.2,0.92,346,499,460,485,425,499,0.1,0.69,0.69,0.74,0.72,0.72,0.72,0.0,0.0,61,369,0,1,0.93,0.92,0.98,0.03,0.09,346,460,452.98,414.05,460.24,0.07,0.7,4,369,7,1,2,1,1,1,2,0.48,0.94,74.0
random_graph_3_500_0.7_0_3.col,500,115099,0.0,230.2,0.92,346,499,460,485,425,499,0.1,0.69,0.69,0.74,0.72,0.72,0.72,0.0,0.0,101,369,0,1,0.93,0.92,0.98,0.03,0.09,346,460,452.98,414.05,460.24,0.07,0.7,7,369,11,1,2,1,1,1,2,0.48,0.94,120.0
random_graph_3_500_0.7_100_1.col,500,111500,0.0,223.0,0.89,321,499,446,464,401,493,0.12,0.89,0.19,0.2,0.19,0.19,0.19,0.0,0.0,5,98,0,0,0.92,0.89,0.97,0.04,0.0,317,445,427.37,388.43,440.62,0.08,0.87,4,180,6,1,6,2,2,1,3,0.49,0.72,18.0
random_graph_3_500_0.7_100_2.col,500,111500,0.0,223.0,0.89,321,499,446,464,401,493,0.12,0.89,0.19,0.2,0.19,0.19,0.19,0.0,0.0,9,98,0,0,0.92,0.89,0.97,0.04,0.0,317,445,427.37,388.43,440.62,0.08,0.87,7,180,11,1,6,2,2,1,3,0.49,0.72,30.0
random_graph_3_500_0.7_100_3.col,500,109976,0.0,219.95,0.88,309,499,439,450,401,489,0.12,0.91,0.17,0.18,0.18,0.18,0.18,0.0,0.0,7,91,0,0,0.91,0.88,0.95,0.04,0.0,301,439,410.83,380.12,432.6,0.09,0.91,5,159,7,1,6,2,2,1,3,0.52,0.73,20.0
random_graph_3_500_0.7_25_1.col,500,107931,0.0,215.86,0.87,307,493,431,449,391,475,0.12,0.91,0.05,0.05,0.05,0.05,0.05,0.0,0.0,0,25,0,0,0.89,0.86,0.93,0.04,0.0,293,426,399.97,365.27,410.15,0.08,0.9,7,49,10,1,5,2,3,2,4,0.7,0.97,19.0
random_graph_3_500_0.7_25_2.col,500,107931,0.0,215.86,0.87,307,493,431,449,391,475,0.12,0.91,0.05,0.05,0.05,0.05,0.05,0.0,0.0,0,25,0,0,0.89,0.86,0.93,0.04,0.0,293,426,399.97,365.27,410.15,0.08,0.9,4,49,7,1,5,2,3,2,4,0.7,0.97,12.0
random_graph_3_500_0.7_25_3.col,500,103032,0.0,206.06,0.83,254,494,412,412,371,470,0.15,0.91,0.05,0.05,0.05,0.05,0.05,0.0,0.0,0,25,0,0,0.85,0.82,0.89,0.04,0.0,240,406,359.86,327.42,389.16,0.11,0.92,7,48,10,1,7,3,3,2,4,0.5,0.88,19.0
random_graph_4_1000_0.1_0_1.col,1000,49950,0.02,49.95,0.1,74,133,99,100,93,106,0.1,0.91,0.0,0.01,0.0,0.0,0.0,0.0,0.0,0,5,0,0,0.1,0.1,0.1,0.04,0.0,7,13,9.98,9.27,10.71,0.11,0.77,1,27,13,3,5,4,4,4,5,0.17,0.92,15.0
random_graph_4_1000_0.1_0_2.col,1000,49950,0.02,49.95,0.1,74,133,99,100,93,106,0.1,0.91,0.0,0.01,0.0,0.0,0.0,0.0,0.0,0,5,0,0,0.1,0.1,0.1,0.04,0.0,7,13,9.98,9.27,10.71,0.11,0.77,0,27,8,3,5,4,4,4,5,0.17,0.92,10.0
random_graph_4_1000_0.1_0_3.col,1000,49950,0.02,49.95,0.1,74,133,99,100,93,106,0.1,0.91,0.0,0.01,0.0,0.0,0.0,0.0,0.0,0,5,0,0,0.1,0.1,0.1,0.04,0.0,7,13,9.98,9.27,10.71,0.11,0.77,1,27,23,3,5,4,4,4,5,0.17,0.92,25.0
random_graph_4_1000_0.1_100_1.col,1000,49449,0.02,49.45,0.1,72,129,98,99,92,105,0.1,0.91,0.0,0.01,0.0,0.0,0.0,0.0,0.0,0,5,0,0,0.1,0.1,0.1,0.04,0.0,6,13,9.81,9.08,10.53,0.11,0.72,0,28,8,4,6,4,5,4,5,0.15,0.79,9.0
random_graph_4_1000_0.1_100_2.col,1000,49449,0.02,49.45,0.1,72,129,98,99,92,105,0.1,0.91,0.0,0.01,0.0,0.0,0.0,0.0,0.0,0,5,0,0,0.1,0.1,0.1,0.04,0.0,6,13,9.81,9.08,10.53,0.11,0.72,0,28,13,4,6,4,5,4,5,0.15,0.79,15.0
random_graph_4_1000_0.1_100_3.col,1000,48788,0.02,48.79,0.1,69,130,97,97,91,105,0.1,0.92,0.0,0.01,0.0,0.0,0.0,0.0,0.0,0,5,0,0,0.1,0.09,0.1,0.04,0.0,6,13,9.5,8.81,10.25,0.11,0.73,0,26,10,3,5,3,3,3,4,0.19,0.75,11.0
random_graph_4_1000_0.1_50_1.col,1000,48942,0.02,48.94,0.1,70,127,97,98,91,104,0.1,0.91,0.0,0.01,0.0,0.0,0.0,0.0,0.0,0,5,0,0,0.1,0.09,0.1,0.05,0.0,6,13,9.57,8.86,10.25,0.11,0.71,0,26,8,4,7,5,5,5,6,0.19,0.93,9.0
random_graph_4_1000_0.1_50_2.col,1000,48942,0.02,48.94,0.1,70,127,97,98,91,104,0.1,0.91,0.0,0.01,0.0,0.0,0.0,0.0,0.0,0,5,0,0,0.1,0.09,0.1,0.05,0.0,6,13,9.57,8.86,10.25,0.11,0.71,0,26,12,4,7,5,5,5,6,0.19,0.93,15.0
random_graph_4_1000_0.1_50_3.col,1000,47842,0.02,47.84,0.1,67,130,95,96,89,103,0.11,0.91,0.0,0.01,0.0,0.0,0.0,0.0,0.0,0,5,0,0,0.1,0.09,0.1,0.05,0.0,6,12,9.14,8.53,9.96,0.12,0.78,0,27,7,3,6,4,4,4,5,0.17,0.74,9.0
random_graph_4_1000_0.5_0_1.col,1000,249750,0.0,249.75,0.5,452,550,499,499,489,510,0.03,0.93,0.01,0.01,0.01,0.01,0.01,0.0,0.0,2,12,0,0,0.5,0.5,0.5,0.0,0.0,226,274,249.61,244.59,255.02,0.03,0.91,27,125,62,2,5,2,3,2,3,0.3,0.64,93.0
random_graph_4_1000_0.5_0_2.col,1000,249750,0.0,249.75,0.5,452,550,499,499,489,510,0.03,0.93,0.01,0.01,0.01,0.01,0.01,0.0,0.0,2,12,0,0,0.5,0.5,0.5,0.0,0.0,226,274,249.61,244.59,255.02,0.03,0.91,27,125,63,2,5,2,3,2,3,0.3,0.64,95.0
random_graph_4_1000_0.5_0_3.col,1000,249750,0.0,249.75,0.5,452,550,499,499,489,510,0.03,0.93,0.01,0.01,0.01,0.01,0.01,0.0,0.0,1,12,0,0,0.5,0.5,0.5,0.0,0.0,226,274,249.61,244.59,255.02,0.03,0.91,17,125,39,2,5,2,3,2,3,0.3,0.64,59.0
random_graph_4_1000_0.5_100_1.col,1000,247248,0.0,247.25,0.49,451,538,494,494,483,505,0.03,0.93,0.01,0.01,0.01,0.01,0.01,0.0,0.0,2,13,0,0,0.49,0.49,0.5,0.0,0.0,222,266,244.76,239.05,250.13,0.03,0.91,27,123,62,2,5,2,3,2,3,0.4,0.83,93.0
random_graph_4_1000_0.5_100_2.col,1000,247248,0.0,247.25,0.49,451,538,494,494,483,505,0.03,0.93,0.01,0.01,0.01,0.01,0.01,0.0,0.0,1,13,0,0,0.49,0.49,0.5,0.0,0.0,222,266,244.76,239.05,250.13,0.03,0.91,18,123,41,2,5,2,3,2,3,0.4,0.83,62.0
random_graph_4_1000_0.5_100_3.col,1000,243943,0.0,243.94,0.49,410,548,487,490,477,503,0.04,0.92,0.01,0.01,0.01,0.01,0.01,0.0,0.0,2,12,0,0,0.49,0.49,0.49,0.0,0.0,201,267,239.26,232.89,245.3,0.04,0.89,26,117,62,2,5,2,3,2,3,0.3,0.63,92.0
random_graph_4_1000_0.5_50_1.col,1000,244713,0.0,244.71,0.49,438,549,489,489,479,500,0.03,0.93,0.01,0.01,0.01,0.01,0.01,0.0,0.0,2,12,0,0,0.49,0.49,0.49,0.0,0.0,214,267,239.52,234.3,244.99,0.03,0.9,27,122,63,2,4,2,2,2,3,0.31,0.78,94.0
random_graph_4_1000_0.5_50_2.col,1000,244713,0.0,244.71,0.49,438,549,489,489,479,500,0.03,0.93,0.01,0.01,0.01,0.01,0.01,0.0,0.0,1,12,0,0,0.0,0.0,0.0,0.0,0.0,0,0,0.0,0.0,0.0,0.0,0.0,2265,122,71,2,4,2,2,2,3,0.31,0.78,2339.0
random_graph_4_1000_0.5_50_3.col,1000,239214,0.0,239.21,0.48,378,547,478,483,467,497,0.06,0.93,0.01,0.01,0.01,0.01,0.01,0.0,0.0,2,12,0,0,0.48,0.48,0.48,0.01,0.0,183,262,231.22,223.55,237.89,0.05,0.91,41,113,60,2,3,2,2,2,2,0.15,0.46,105.0
random_graph_4_1000_0.9_0_1.col,1000,449550,0.0,449.55,0.9,865,930,899,900,893,906,0.01,0.9,0.04,0.05,0.05,0.04,0.05,0.0,0.0,17,53,0,0,0.9,0.9,0.9,0.0,0.0,778,836,809.67,803.74,815.23,0.01,0.89,72,324,100,2,5,2,3,2,3,0.33,0.68,193.0
random_graph_4_1000_0.9_0_2.col,1000,449550,0.0,449.55,0.9,865,930,899,900,893,906,0.01,0.9,0.04,0.05,0.05,0.04,0.05,0.0,0.0,11,53,0,0,0.9,0.9,0.9,0.0,0.0,778,836,809.67,803.74,815.23,0.01,0.89,47,324,61,2,5,2,3,2,3,0.33,0.68,122.0
random_graph_4_1000_0.9_0_3.col,1000,449550,0.0,449.55,0.9,865,930,899,900,893,906,0.01,0.9,0.04,0.05,0.05,0.04,0.05,0.0,0.0,17,53,0,0,0.9,0.9,0.9,0.0,0.0,778,836,809.67,803.74,815.23,0.01,0.89,72,324,98,2,5,2,3,2,3,0.33,0.68,190.0
random_graph_4_1000_0.9_100_1.col,1000,445047,0.0,445.05,0.89,850,920,890,890,883,897,0.01,0.9,0.04,0.05,0.04,0.04,0.04,0.0,0.0,16,46,0,0,0.89,0.89,0.89,0.0,0.0,757,819,793.04,787.21,799.36,0.01,0.9,71,302,99,1,3,2,2,2,2,0.19,0.43,189.0
random_graph_4_1000_0.9_100_2.col,1000,445047,0.0,445.05,0.89,850,920,890,890,883,897,0.01,0.9,0.04,0.05,0.04,0.04,0.04,0.0,0.0,12,46,0,0,0.89,0.89,0.89,0.0,0.0,757,819,793.04,787.21,799.36,0.01,0.9,45,302,61,1,3,2,2,2,2,0.19,0.43,121.0
random_graph_4_1000_0.9_100_3.col,1000,439098,0.0,439.1,0.88,783,925,878,886,872,896,0.03,0.91,0.03,0.04,0.04,0.04,0.04,0.0,0.0,14,45,0,0,0.88,0.88,0.88,0.0,0.0,693,813,778.77,766.16,787.11,0.03,0.9,70,244,97,1,9,2,3,2,3,0.5,0.51,185.0
random_graph_4_1000_0.9_50_1.col,1000,440483,0.0,440.48,0.88,838,918,880,881,873,889,0.01,0.91,0.03,0.04,0.04,0.04,0.04,0.0,0.0,8,42,0,0,0.88,0.88,0.88,0.0,0.0,738,809,776.89,769.72,783.44,0.01,0.9,85,169,95,1,4,2,2,2,3,0.3,0.63,2324.0
random_graph_4_1000_0.9_50_2.col,1000,440483,0.0,440.48,0.88,838,918,880,881,873,889,0.01,0.91,0.03,0.04,0.04,0.04,0.04,0.0,0.0,7,42,0,0,0.88,0.88,0.88,0.0,0.0,738,809,776.89,769.72,783.44,0.01,0.9,47,169,61,1,4,2,2,2,3,0.3,0.63,117.0
random_graph_4_1000_0.9_50_3.col,1000,430585,0.0,430.58,0.86,733,914,861,878,853,889,0.05,0.93,0.03,0.04,0.03,0.03,0.03,0.0,0.0,9,39,0,0,0.86,0.86,0.86,0.01,0.0,641,787,756.14,733.98,765.75,0.05,0.92,70,1000,2026,0,0,0,0,0,0,0.0,0.0,2109.0
random_graph_4_100_0.1_0_1.col,100,495,0.2,4.95,0.1,4,16,9,10,8,11,0.32,0.92,0.02,0.04,0.03,0.02,0.03,0.0,0.01,0,4,0,0,0.1,0.06,0.13,0.56,0.0,0,2,1.0,0.6,1.33,0.52,0.73,0,6,0,2,5,4,4,4,4,0.25,0.92,0.0
random_graph_4_100_0.1_0_2.col,100,495,0.2,4.95,0.1,4,16,9,10,8,11,0.32,0.92,0.02,0.04,0.03,0.02,0.03,0.0,0.01,0,4,0,0,0.1,0.06,0.13,0.56,0.0,0,2,1.0,0.6,1.33,0.52,0.73,0,6,0,2,5,4,4,4,4,0.25,0.92,0.0
random_graph_4_100_0.1_0_3.col,100,495,0.2,4.95,0.1,4,16,9,10,8,11,0.32,0.92,0.02,0.04,0.03,0.02,0.03,0.0,0.01,0,4,0,0,0.1,0.06,0.13,0.56,0.0,0,2,1.0,0.6,1.33,0.52,0.73,0,6,0,2,5,4,4,4,4,0.25,0.92,0.0
random_graph_4_100_0.1_10_1.col,100,447,0.22,4.47,0.09,4,17,8,9,7,11,0.36,0.91,0.02,0.04,0.02,0.02,0.03,0.0,0.01,0,4,0,0,0.08,0.04,0.11,0.62,0.0,0,1,0.67,0.33,1.11,0.65,0.9,0,6,0,1,6,4,4,4,5,0.39,0.96,0.0
random_graph_4_100_0.1_10_2.col,100,447,0.22,4.47,0.09,4,17,8,9,7,11,0.36,0.91,0.02,0.04,0.02,0.02,0.03,0.0,0.01,0,4,0,0,0.08,0.04,0.11,0.62,0.0,0,1,0.67,0.33,1.11,0.65,0.9,0,6,0,1,6,4,4,4,5,0.39,0.96,0.0
random_graph_4_100_0.1_10_3.col,100,420,0.24,4.2,0.08,2,19,8,8,7,10,0.36,0.89,0.02,0.03,0.03,0.02,0.03,0.0,0.01,0,3,0,1,0.09,0.05,0.13,1.06,0.08,0,2,0.8,0.4,1.1,0.61,0.71,0,5,0,2,5,3,4,3,5,0.39,0.96,0.0
random_graph_4_100_0.1_20_1.col,100,471,0.21,4.71,0.1,3,18,9,9,7,11,0.34,0.91,0.02,0.03,0.02,0.02,0.03,0.0,0.01,0,3,0,0,0.09,0.07,0.13,0.59,0.0,0,2,0.89,0.65,1.25,0.58,0.79,0,6,0,3,5,4,5,4,5,0.19,0.79,0.0
random_graph_4_100_0.1_20_2.col,100,471,0.21,4.71,0.1,3,18,9,9,7,11,0.34,0.91,0.02,0.03,0.02,0.02,0.03,0.0,0.01,0,3,0,0,0.09,0.07,0.13,0.59,0.0,0,2,0.89,0.65,1.25,0.58,0.79,0,6,0,3,5,4,5,4,5,0.19,0.79,0.0
random_graph_4_100_0.1_20_3.col,100,457,0.22,4.57,0.09,2,17,9,9,7,11,0.31,0.89,0.02,0.03,0.03,0.02,0.03,0.0,0.01,0,3,0,1,0.09,0.04,0.13,1.14,0.08,0,2,0.83,0.4,1.26,0.66,0.7,0,6,0,2,5,4,4,4,4,0.25,0.92,0.0
random_graph_4_100_0.5_0_1.col,100,2475,0.04,24.75,0.5,37,60,49,50,46,53,0.1,0.91,0.05,0.08,0.07,0.06,0.07,0.0,0.01,0,8,0,0,0.5,0.49,0.51,0.03,0.0,19,29,25.15,22.89,26.43,0.1,0.93,0,22,0,2,3,2,2,2,3,0.23,0.9,0.0
random_graph_4_100_0.5_0_2.col,100,2475,0.04,24.75,0.5,37,60,49,50,46,53,0.1,0.91,0.05,0.08,0.07,0.06,0.07,0.0,0.01,0,8,0,0,0.5,0.49,0.51,0.03,0.0,19,29,25.15,22.89,26.43,0.1,0.93,0,22,0,2,3,2,2,2,3,0.23,0.9,0.0
random_graph_4_100_0.5_0_3.col,100,2475,0.04,24.75,0.5,37,60,49,50,46,53,0.1,0.91,0.05,0.08,0.07,0.06,0.07,0.0,0.01,0,8,0,0,0.5,0.49,0.51,0.03,0.0,19,29,25.15,22.89,26.43,0.1,0.93,0,22,0,2,3,2,2,2,3,0.23,0.9,0.0
random_graph_4_100_0.5_10_1.col,100,2235,0.04,22.35,0.45,33,63,44,44,42,47,0.11,0.91,0.03,0.07,0.05,0.05,0.06,0.0,0.01,0,7,0,0,0.45,0.44,0.46,0.03,0.0,14,27,19.84,18.58,21.34,0.11,0.85,0,18,0,3,4,3,3,3,4,0.17,1.0,0.0
random_graph_4_100_0.5_10_2.col,100,2235,0.04,22.35,0.45,33,63,44,44,42,47,0.11,0.91,0.03,0.07,0.05,0.05,0.06,0.0,0.01,0,7,0,0,0.45,0.44,0.46,0.03,0.0,14,27,19.84,18.58,21.34,0.11,0.85,0,18,0,3,4,3,3,3,4,0.17,1.0,0.0
random_graph_4_100_0.5_10_3.col,100,2101,0.05,21.01,0.42,21,54,42,43,37,48,0.18,0.95,0.04,0.07,0.05,0.05,0.06,0.0,0.01,0,7,0,0,0.43,0.42,0.45,0.06,0.0,9,24,18.17,16.12,20.1,0.16,0.89,0,17,0,2,4,2,3,2,3,0.32,0.87,0.0
random_graph_4_100_0.5_20_1.col,100,2357,0.04,23.57,0.48,32,60,47,48,44,50,0.11,0.91,0.04,0.08,0.06,0.05,0.06,0.0,0.01,0,8,0,0,0.48,0.47,0.49,0.03,0.0,16,28,22.39,20.88,23.93,0.11,0.87,0,19,0,1,4,2,3,2,3,0.36,0.76,0.0
random_graph_4_100_0.5_20_2.col,100,2357,0.04,23.57,0.48,32,60,47,48,44,50,0.11,0.91,0.04,0.08,0.06,0.05,0.06,0.0,0.01,0,8,0,0,0.48,0.47,0.49,0.03,0.0,16,28,22.39,20.88,23.93,0.11,0.87,0,19,0,1,4,2,3,2,3,0.36,0.76,0.0
random_graph_4_100_0.5_20_3.col,100,2285,0.04,22.85,0.46,29,58,45,45,42,50,0.13,0.94,0.04,0.08,0.06,0.05,0.06,0.0,0.01,0,8,0,0,0.46,0.45,0.47,0.04,0.0,15,27,21.2,19.68,22.76,0.13,0.91,0,17,0,2,2,2,2,2,2,0.0,0.0,0.0
random_graph_4_100_0.9_0_1.col,100,4455,0.02,44.55,0.9,81,95,89,89,87,91,0.03,0.9,0.2,0.28,0.24,0.23,0.25,0.0,0.01,0,28,0,0,0.9,0.9,0.9,0.0,0.0,72,85,80.01,78.48,82.02,0.03,0.85,0,45,0,1,2,1,2,2,2,0.25,0.35,0.0
random_graph_4_100_0.9_0_2.col,100,4455,0.02,44.55,0.9,81,95,89,89,87,91,0.03,0.9,0.2,0.28,0.24,0.23,0.25,0.0,0.01,0,28,0,0,0.9,0.9,0.9,0.0,0.0,72,85,80.01,78.48,82.02,0.03,0.85,0,45,0,1,2,1,2,2,2,0.25,0.35,0.0
random_graph_4_100_0.9_0_3.col,100,4455,0.02,44.55,0.9,81,95,89,89,87,91,0.03,0.9,0.2,0.28,0.24,0.23,0.25,0.0,0.01,0,28,0,0,0.9,0.9,0.9,0.0,0.0,72,85,80.01,78.48,82.02,0.03,0.85,0,45,0,1,2,1,2,2,2,0.25,0.35,0.0
random_graph_4_100_0.9_10_1.col,100,4023,0.02,40.23,0.81,72,90,80,81,78,83,0.04,0.9,0.09,0.1,0.1,0.1,0.1,0.0,0.0,0,10,0,0,0.8,0.8,0.81,0.0,0.0,58,72,64.8,62.55,66.45,0.04,0.89,0,19,0,1,5,2,3,2,4,0.63,0.96,0.0
random_graph_4_100_0.9_10_2.col,100,4023,0.02,40.23,0.81,72,90,80,81,78,83,0.04,0.9,0.09,0.1,0.1,0.1,0.1,0.0,0.0,0,10,0,0,0.8,0.8,0.81,0.0,0.0,58,72,64.8,62.55,66.45,0.04,0.89,0,19,0,1,5,2,3,2,4,0.63,0.96,0.0
random_graph_4_100_0.9_10_3.col,100,3781,0.03,37.81,0.76,59,90,75,78,64,85,0.13,0.94,0.09,0.1,0.1,0.1,0.1,0.0,0.0,0,10,0,0,0.75,0.74,0.78,0.03,0.0,46,67,57.74,51.01,63.44,0.11,0.96,0,21,0,1,3,2,2,2,3,0.35,0.94,0.0
random_graph_4_100_0.9_20_1.col,100,4243,0.02,42.43,0.86,78,91,84,85,83,87,0.03,0.92,0.14,0.18,0.16,0.16,0.16,0.0,0.01,0,18,0,0,0.85,0.85,0.86,0.0,0.0,66,77,72.58,70.82,74.18,0.03,0.91,0,33,0,1,4,2,2,2,3,0.48,0.9,0.0
random_graph_4_100_0.9_20_2.col,100,4243,0.02,42.43,0.86,78,91,84,85,83,87,0.03,0.92,0.14,0.18,0.16,0.16,0.16,0.0,0.01,0,18,0,0,0.85,0.85,0.86,0.0,0.0,66,77,72.58,70.82,74.18,0.03,0.91,0,33,0,1,4,2,2,2,3,0.48,0.9,0.0
random_graph_4_100_0.9_20_3.col,100,4113,0.02,41.13,0.83,65,92,82,84,79,87,0.07,0.92,0.11,0.17,0.15,0.14,0.15,0.0,0.01,0,17,0,0,0.83,0.82,0.83,0.01,0.0,54,76,69.04,64.99,71.56,0.07,0.91,0,29,0,1,3,2,2,2,2,0.25,0.68,0.0
random_graph_4_250_0.1_0_1.col,250,3112,0.08,12.45,0.1,13,36,24,25,22,28,0.2,0.92,0.01,0.02,0.01,0.01,0.01,0.0,0.0,0,4,0,0,0.1,0.09,0.11,0.19,0.0,1,4,2.49,2.0,2.99,0.26,0.78,0,10,0,2,4,2,3,2,3,0.32,0.86,0.0
random_graph_4_250_0.1_0_2.col,250,3112,0.08,12.45,0.1,13,36,24,25,22,28,0.2,0.92,0.01,0.02,0.01,0.01,0.01,0.0,0.0,0,4,0,0,0.1,0.09,0.11,0.19,0.0,1,4,2.49,2.0,2.99,0.26,0.78,0,10,0,2,4,2,3,2,3,0.32,0.86,0.0
random_graph_4_250_0.1_0_3.col,250,3112,0.08,12.45,0.1,13,36,24,25,22,28,0.2,0.92,0.01,0.02,0.01,0.01,0.01,0.0,0.0,0,4,0,0,0.1,0.09,0.11,0.19,0.0,1,4,2.49,2.0,2.99,0.26,0.78,0,10,0,2,4,2,3,2,3,0.32,0.86,0.0
random_graph_4_250_0.1_25_1.col,250,2991,0.08,11.96,0.1,12,36,23,24,21,27,0.19,0.89,0.01,0.02,0.01,0.01,0.01,0.0,0.0,0,4,0,0,0.1,0.08,0.11,0.2,0.0,0,4,2.28,1.81,2.74,0.29,0.67,0,10,0,2,3,2,3,3,3,0.2,0.72,0.0
random_graph_4_250_0.1_25_2.col,250,2991,0.08,11.96,0.1,12,36,23,24,21,27,0.19,0.89,0.01,0.02,0.01,0.01,0.01,0.0,0.0,0,4,0,0,0.1,0.08,0.11,0.2,0.0,0,4,2.28,1.81,2.74,0.29,0.67,0,10,0,2,3,2,3,3,3,0.2,0.72,0.0
random_graph_4_250_0.1_25_3.col,250,2863,0.09,11.45,0.09,10,36,22,23,20,26,0.23,0.91,0.01,0.02,0.01,0.01,0.01,0.0,0.0,0,4,0,0,0.09,0.08,0.11,0.23,0.0,0,4,2.1,1.66,2.59,0.3,0.68,0,10,0,4,6,4,5,4,5,0.16,0.86,0.0
random_graph_4_250_0.1_50_1.col,250,3052,0.08,12.21,0.1,13,37,24,24,22,27,0.19,0.91,0.01,0.02,0.01,0.01,0.01,0.0,0.0,0,4,0,0,0.1,0.09,0.11,0.19,0.0,0,4,2.45,1.91,2.84,0.27,0.64,0,10,0,2,5,3,4,2,4,0.4,0.95,0.0
random_graph_4_250_0.1_50_2.col,250,3052,0.08,12.21,0.1,13,37,24,24,22,27,0.19,0.91,0.01,0.02,0.01,0.01,0.01,0.0,0.0,0,4,0,0,0.1,0.09,0.11,0.19,0.0,0,4,2.45,1.91,2.84,0.27,0.64,0,10,0,2,5,3,4,2,4,0.4,0.95,0.0
random_graph_4_250_0.1_50_3.col,250,2977,0.08,11.91,0.1,13,37,23,24,21,27,0.2,0.91,0.01,0.02,0.01,0.01,0.01,0.0,0.0,0,4,0,0,0.09,0.08,0.11,0.21,0.0,0,4,2.25,1.84,2.57,0.27,0.63,0,10,0,3,5,3,4,3,4,0.21,0.86,0.0
random_graph_4_250_0.5_0_1.col,250,15562,0.02,62.25,0.5,104,154,124,124,119,130,0.07,0.91,0.02,0.04,0.03,0.03,0.03,0.0,0.0,0,10,0,0,0.5,0.5,0.5,0.01,0.0,52,76,62.18,59.48,65.4,0.07,0.88,0,40,0,2,5,3,3,3,4,0.26,0.82,0.0
random_graph_4_250_0.5_0_2.col,250,15562,0.02,62.25,0.5,104,154,124,124,119,130,0.07,0.91,0.02,0.04,0.03,0.03,0.03,0.0,0.0,0,10,0,0,0.5,0.5,0.5,0.01,0.0,52,76,62.18,59.48,65.4,0.07,0.88,0,40,0,2,5,3,3,3,4,0.26,0.82,1.0
random_graph_4_250_0.5_0_3.col,250,15562,0.02,62.25,0.5,104,154,124,124,119,130,0.07,0.91,0.02,0.04,0.03,0.03,0.03,0.0,0.0,0,10,0,0,0.5,0.5,0.5,0.01,0.0,52,76,62.18,59.48,65.4,0.07,0.88,0,40,0,2,5,3,3,3,4,0.26,0.82,0.0
random_graph_4_250_0.5_25_1.col,250,14959,0.02,59.84,0.48,98,142,119,120,113,126,0.07,0.94,0.02,0.04,0.03,0.03,0.03,0.0,0.0,0,10,0,0,0.48,0.48,0.48,0.01,0.0,47,67,57.52,54.17,60.87,0.07,0.92,0,38,0,2,4,2,3,2,3,0.28,0.75,0.0
random_graph_4_250_0.5_25_2.col,250,14959,0.02,59.84,0.48,98,142,119,120,113,126,0.07,0.94,0.02,0.04,0.03,0.03,0.03,0.0,0.0,0,10,0,0,0.48,0.48,0.48,0.01,0.0,47,67,57.52,54.17,60.87,0.07,0.92,0,38,0,2,4,2,3,2,3,0.28,0.75,1.0
random_graph_4_250_0.5_25_3.col,250,14317,0.02,57.27,0.46,78,138,114,117,105,124,0.11,0.95,0.02,0.04,0.03,0.02,0.03,0.0,0.0,0,9,0,0,0.46,0.45,0.47,0.02,0.0,37,63,53.61,49.29,56.98,0.1,0.94,0,36,0,2,4,2,2,2,2,0.24,0.52,0.0
random_graph_4_250_0.5_50_1.col,250,15260,0.02,61.04,0.49,95,145,122,122,117,127,0.06,0.92,0.02,0.04,0.03,0.03,0.03,0.0,0.0,0,10,0,0,0.49,0.49,0.49,0.01,0.0,46,71,60.01,57.52,62.42,0.06,0.9,0,39,0,2,4,2,3,2,3,0.32,0.88,1.0
random_graph_4_250_0.5_50_2.col,250,15260,0.02,61.04,0.49,95,145,122,122,117,127,0.06,0.92,0.02,0.04,0.03,0.03,0.03,0.0,0.0,0,10,0,0,0.49,0.49,0.49,0.01,0.0,46,71,60.01,57.52,62.42,0.06,0.9,0,39,0,2,4,2,3,2,3,0.32,0.88,0.0
random_graph_4_250_0.5_50_3.col,250,14885,0.02,59.54,0.48,86,142,119,120,112,127,0.09,0.94,0.02,0.04,0.03,0.03,0.03,0.0,0.0,0,10,0,0,0.48,0.47,0.48,0.02,0.0,42,68,57.14,53.31,60.78,0.08,0.91,0,37,0,2,5,2,2,2,3,0.39,0.7,1.0
random_graph_4_250_0.9_0_1.col,250,28012,0.01,112.05,0.9,209,236,224,224,221,227,0.02,0.89,0.11,0.14,0.13,0.12,0.13,0.0,0.0,0,36,0,0,0.9,0.9,0.9,0.0,0.0,188,212,201.68,198.99,204.37,0.02,0.89,0,96,1,1,3,2,2,2,2,0.24,0.64,2.0
random_graph_4_250_0.9_0_2.col,250,28012,0.01,112.05,0.9,209,236,224,224,221,227,0.02,0.89,0.11,0.14,0.13,0.12,0.13,0.0,0.0,0,36,0,0,0.9,0.9,0.9,0.0,0.0,188,212,201.68,198.99,204.37,0.02,0.89,0,96,0,1,3,2,2,2,2,0.24,0.64,1.0
random_graph_4_250_0.9_0_3.col,250,28012,0.01,112.05,0.9,209,236,224,224,221,227,0.02,0.89,0.11,0.14,0.13,0.12,0.13,0.0,0.0,0,36,0,0,0.9,0.9,0.9,0.0,0.0,188,212,201.68,198.99,204.37,0.02,0.89,0,96,1,1,3,2,2,2,2,0.24,0.64,2.0
random_graph_4_250_0.9_25_1.col,250,26927,0.01,107.71,0.87,201,228,215,215,212,219,0.02,0.92,0.08,0.1,0.09,0.08,0.09,0.0,0.0,0,24,0,0,0.86,0.86,0.86,0.0,0.0,174,197,185.74,183.14,189.15,0.02,0.91,0,72,0,2,4,2,2,2,2,0.24,0.54,1.0
random_graph_4_250_0.9_25_2.col,250,26927,0.01,107.71,0.87,201,228,215,215,212,219,0.02,0.92,0.08,0.1,0.09,0.08,0.09,0.0,0.0,0,24,0,0,0.86,0.86,0.86,0.0,0.0,174,197,185.74,183.14,189.15,0.02,0.91,0,72,1,2,4,2,2,2,2,0.24,0.54,2.0
random_graph_4_250_0.9_25_3.col,250,25770,0.01,103.08,0.83,166,230,206,213,202,219,0.09,0.95,0.07,0.09,0.08,0.08,0.08,0.0,0.0,0,23,0,0,0.82,0.82,0.83,0.02,0.0,141,190,175.45,165.78,180.56,0.08,0.93,0,47,0,1,3,2,2,2,2,0.19,0.44,1.0
random_graph_4_250_0.9_50_1.col,250,27468,0.01,109.87,0.88,206,231,219,220,217,223,0.02,0.9,0.09,0.12,0.1,0.1,0.1,0.0,0.0,0,30,0,0,0.88,0.88,0.88,0.0,0.0,181,203,193.75,191.43,196.79,0.02,0.9,0,88,1,1,3,2,2,2,2,0.15,0.33,2.0
random_graph_4_250_0.9_50_2.col,250,27468,0.01,109.87,0.88,206,231,219,220,217,223,0.02,0.9,0.09,0.12,0.1,0.1,0.1,0.0,0.0,0,30,0,0,0.88,0.88,0.88,0.0,0.0,181,203,193.75,191.43,196.79,0.02,0.9,0,88,0,1,3,2,2,2,2,0.15,0.33,1.0
random_graph_4_250_0.9_50_3.col,250,26793,0.01,107.17,0.86,180,231,214,218,211,222,0.06,0.91,0.09,0.12,0.1,0.1,0.1,0.0,0.0,0,29,0,0,0.86,0.86,0.86,0.01,0.0,157,198,187.35,181.39,191.24,0.05,0.91,0,69,1,1,5,2,3,2,3,0.39,0.72,2.0
random_graph_4_500_0.1_0_1.col,500,12475,0.04,24.95,0.1,29,70,49,50,45,55,0.14,0.9,0.0,0.01,0.01,0.01,0.01,0.0,0.0,0,5,0,0,0.1,0.09,0.11,0.09,0.0,2,7,5.0,4.39,5.51,0.16,0.67,0,16,1,3,4,3,3,3,4,0.16,0.95,1.0
random_graph_4_500_0.1_0_2.col,500,12475,0.04,24.95,0.1,29,70,49,50,45,55,0.14,0.9,0.0,0.01,0.01,0.01,0.01,0.0,0.0,0,5,0,0,0.1,0.09,0.11,0.09,0.0,2,7,5.0,4.39,5.51,0.16,0.67,0,16,1,3,4,3,3,3,4,0.16,0.95,1.0
random_graph_4_500_0.1_0_3.col,500,12475,0.04,24.95,0.1,29,70,49,50,45,55,0.14,0.9,0.0,0.01,0.01,0.01,0.01,0.0,0.0,0,5,0,0,0.1,0.09,0.11,0.09,0.0,2,7,5.0,4.39,5.51,0.16,0.67,0,16,1,3,4,3,3,3,4,0.16,0.95,2.0
random_graph_4_500_0.1_100_1.col,500,12350,0.04,24.7,0.1,30,68,49,49,45,54,0.14,0.92,0.0,0.01,0.01,0.01,0.01,0.0,0.0,0,5,0,0,0.1,0.09,0.11,0.09,0.0,2,7,4.94,4.36,5.46,0.16,0.69,0,16,1,2,6,3,3,3,3,0.39,0.81,2.0
random_graph_4_500_0.1_100_2.col,500,12350,0.04,24.7,0.1,30,68,49,49,45,54,0.14,0.92,0.0,0.01,0.01,0.01,0.01,0.0,0.0,0,5,0,0,0.1,0.09,0.11,0.09,0.0,2,7,4.94,4.36,5.46,0.16,0.69,0,16,1,2,6,3,3,3,3,0.39,0.81,1.0
random_graph_4_500_0.1_100_3.col,500,12183,0.04,24.37,0.1,31,68,48,49,44,53,0.14,0.91,0.0,0.01,0.01,0.01,0.01,0.0,0.0,0,5,0,0,0.1,0.09,0.1,0.09,0.0,2,7,4.72,4.18,5.15,0.16,0.68,0,16,1,3,5,3,4,3,4,0.21,0.86,1.0
random_graph_4_500_0.1_25_1.col,500,11956,0.04,23.91,0.1,28,66,47,48,43,52,0.14,0.91,0.0,0.01,0.01,0.01,0.01,0.0,0.0,0,5,0,0,0.1,0.09,0.1,0.09,0.0,2,7,4.61,4.1,5.14,0.16,0.67,0,16,1,3,6,4,5,4,5,0.21,0.87,1.0
random_graph_4_500_0.1_25_2.col,500,11956,0.04,23.91,0.1,28,66,47,48,43,52,0.14,0.91,0.0,0.01,0.01,0.01,0.01,0.0,0.0,0,5,0,0,0.1,0.09,0.1,0.09,0.0,2,7,4.61,4.1,5.14,0.16,0.67,0,16,0,3,6,4,5,4,5,0.21,0.87,1.0
random_graph_4_500_0.1_25_3.col,500,11417,0.04,22.83,0.09,25,69,45,45,41,51,0.17,0.92,0.0,0.01,0.01,0.01,0.01,0.0,0.0,0,5,0,0,0.09,0.08,0.1,0.11,0.0,2,6,4.11,3.65,4.76,0.19,0.77,0,15,1,5,7,5,6,5,6,0.14,0.92,1.0
random_graph_4_500_0.5_0_1.col,500,62375,0.01,124.75,0.5,215,287,249,249,242,258,0.05,0.94,0.01,0.02,0.02,0.02,0.02,0.0,0.0,0,11,0,0,0.5,0.5,0.5,0.0,0.0,107,143,124.67,121.0,128.69,0.05,0.91,1,71,4,2,6,3,4,3,4,0.29,0.77,6.0
random_graph_4_500_0.5_0_2.col,500,62375,0.01,124.75,0.5,215,287,249,249,242,258,0.05,0.94,0.01,0.02,0.02,0.02,0.02,0.0,0.0,0,11,0,0,0.5,0.5,0.5,0.0,0.0,107,143,124.67,121.0,128.69,0.05,0.91,3,71,7,2,6,3,4,3,4,0.29,0.77,10.0
random_graph_4_500_0.5_0_3.col,500,62375,0.01,124.75,0.5,215,287,249,249,242,258,0.05,0.94,0.01,0.02,0.02,0.02,0.02,0.0,0.0,0,11,0,0,0.5,0.5,0.5,0.0,0.0,107,143,124.67,121.0,128.69,0.05,0.91,3,71,7,2,6,3,4,3,4,0.29,0.77,10.0
random_graph_4_500_0.5_100_1.col,500,61754,0.01,123.51,0.5,213,283,247,247,239,254,0.05,0.91,0.01,0.02,0.02,0.02,0.02,0.0,0.0,0,12,0,0,0.5,0.49,0.5,0.01,0.0,105,139,122.21,118.29,125.88,0.05,0.89,2,70,6,2,5,3,3,3,4,0.2,0.65,10.0
random_graph_4_500_0.5_100_2.col,500,61754,0.01,123.51,0.5,213,283,247,247,239,254,0.05,0.91,0.01,0.02,0.02,0.02,0.02,0.0,0.0,0,12,0,0,0.5,0.49,0.5,0.01,0.0,105,139,122.21,118.29,125.88,0.05,0.89,3,70,7,2,5,3,3,3,4,0.2,0.65,11.0
random_graph_4_500_0.5_100_3.col,500,60918,0.01,121.84,0.49,196,281,243,244,236,253,0.05,0.93,0.01,0.02,0.02,0.02,0.02,0.0,0.0,0,11,0,0,0.49,0.49,0.49,0.01,0.0,96,137,119.14,114.95,122.74,0.05,0.89,1,68,4,2,6,3,4,3,4,0.3,0.8,6.0
random_graph_4_500_0.5_25_1.col,500,59781,0.01,119.56,0.48,208,272,239,239,231,247,0.05,0.92,0.01,0.02,0.02,0.02,0.02,0.0,0.0,0,12,0,0,0.48,0.48,0.48,0.01,0.0,99,130,114.5,110.65,117.83,0.05,0.89,1,65,4,2,4,2,3,2,3,0.27,0.72,6.0
random_graph_4_500_0.5_25_2.col,500,59781,0.01,119.56,0.48,208,272,239,239,231,247,0.05,0.92,0.01,0.02,0.02,0.02,0.02,0.0,0.0,0,12,0,0,0.48,0.48,0.48,0.01,0.0,99,130,114.5,110.65,117.83,0.05,0.89,2,65,6,2,4,2,3,2,3,0.27,0.72,10.0
random_graph_4_500_0.5_25_3.col,500,57088,0.01,114.18,0.46,167,271,228,234,215,246,0.1,0.94,0.01,0.02,0.02,0.01,0.02,0.0,0.0,0,11,0,0,0.46,0.45,0.46,0.02,0.0,78,126,106.2,98.36,111.68,0.09,0.93,1,58,4,2,6,3,3,3,4,0.26,0.69,6.0
random_graph_4_500_0.9_0_1.col,500,112275,0.0,224.55,0.9,425,467,449,450,445,453,0.01,0.89,0.07,0.09,0.08,0.08,0.08,0.0,0.0,3,45,0,0,0.9,0.9,0.9,0.0,0.0,382,420,404.72,400.42,407.83,0.01,0.88,7,179,11,1,4,2,2,2,3,0.27,0.54,23.0
random_graph_4_500_0.9_0_2.col,500,112275,0.0,224.55,0.9,425,467,449,450,445,453,0.01,0.89,0.07,0.09,0.08,0.08,0.08,0.0,0.0,1,45,0,0,0.9,0.9,0.9,0.0,0.0,382,420,404.72,400.42,407.83,0.01,0.88,4,179,7,1,4,2,2,2,3,0.27,0.54,14.0
random_graph_4_500_0.9_0_3.col,500,112275,0.0,224.55,0.9,425,467,449,450,445,453,0.01,0.89,0.07,0.09,0.08,0.08,0.08,0.0,0.0,3,45,0,0,0.9,0.9,0.9,0.0,0.0,382,420,404.72,400.42,407.83,0.01,0.88,8,179,11,1,4,2,2,2,3,0.27,0.54,24.0
random_graph_4_500_0.9_100_1.col,500,111157,0.0,222.31,0.89,420,463,444,445,440,449,0.02,0.9,0.06,0.08,0.07,0.07,0.07,0.0,0.0,1,40,0,0,0.89,0.89,0.89,0.0,0.0,374,412,396.57,392.06,400.3,0.02,0.9,4,171,7,2,3,2,2,2,2,0.08,0.16,14.0
random_graph_4_500_0.9_100_2.col,500,111157,0.0,222.31,0.89,420,463,444,445,440,449,0.02,0.9,0.06,0.08,0.07,0.07,0.07,0.0,0.0,2,40,0,0,0.89,0.89,0.89,0.0,0.0,374,412,396.57,392.06,400.3,0.02,0.9,7,171,11,2,3,2,2,2,2,0.08,0.16,22.0
random_graph_4_500_0.9_100_3.col,500,109652,0.0,219.3,0.88,393,462,438,442,434,448,0.03,0.91,0.05,0.07,0.06,0.06,0.07,0.0,0.0,1,37,0,0,0.88,0.88,0.88,0.0,0.0,348,406,388.27,381.22,393.65,0.03,0.9,4,141,7,1,5,2,2,2,3,0.34,0.61,13.0
random_graph_4_500_0.9_25_1.col,500,107606,0.0,215.21,0.86,406,453,430,431,425,436,0.02,0.92,0.04,0.05,0.05,0.04,0.05,0.0,0.0,0,25,0,0,0.86,0.86,0.86,0.0,0.0,349,390,370.75,366.07,374.99,0.02,0.91,4,63,6,1,4,2,2,2,3,0.3,0.66,12.0
random_graph_4_500_0.9_25_2.col,500,107606,0.0,215.21,0.86,406,453,430,431,425,436,0.02,0.92,0.04,0.05,0.05,0.04,0.05,0.0,0.0,0,25,0,0,0.86,0.86,0.86,0.0,0.0,349,390,370.75,366.07,374.99,0.02,0.91,8,63,11,1,4,2,2,2,3,0.3,0.66,21.0
random_graph_4_500_0.9_25_3.col,500,102759,0.0,205.52,0.82,331,455,411,427,407,437,0.09,0.94,0.04,0.05,0.04,0.04,0.05,0.0,0.0,0,25,0,0,0.82,0.82,0.82,0.02,0.0,281,374,349.43,332.4,358.37,0.08,0.94,4,56,6,1,6,3,3,2,4,0.38,0.79,12.0
