ind,instance,balance-hard,balance-hard-std,balance-hard-entropy,balance-soft-std,balance-soft-entropy,nhard_len_stats.ave,nhards,nsofts,ncls,nvars,VG-mean,VG-max,VG-min,VG-entropy,VCG_C-entropy,VCG_C-max,VCG_C-mean,VCG_C-std,VCG_V-entropy,VCG_V-min,VCG_V-std,Horn-fraction,Horn-V-mean,Horn-V-max
0,min-fill/MinFill_R3_miles1000.wcnf.gz,0.597545532,0.205779767,1.959644709,0.0,0.0,3.87,1157254,4522,1161776,122896,65.86964588,1108,1,3.102246595,1.268698445,9,3.857807357,1.527110353,3.0163674960000004,1,86.03201274,0.587883551,17.23796543,492
1,pseudoBoolean/primes-dimacs-cnf/normalized-par32-2.opb.msat.wcnf.gz,0.214533405,0.448985064,0.592926673,0.0,0.0,2.29,11344,6352,17696,6352,6.965680101,158,1,1.727397612,1.070526255,3,1.825610307,0.830852624,1.657369848,2,6.255590288,0.582730561,2.0,2
2,SeanSafarpour/rsdecoder-problem.dimacs_38.filtered.wcnf.gz,0.0,0.0,0.0,0.182596091,1.301172774,0.0,0,3865513,3865513,1198007,6.110462627,1497,2,1.5435665019999998,0.70722787,4,2.571394534,0.503331995,1.907581223,2,28.20345002,0.67145732,5.167364631,999
3,close_solutions/SAT04__industrial__velev__pipe-sat-1-1__12pipe_bug6_q0.used-as.sat04-725.cnf.wcnf.7.wcnf.gz,0.6497401429999999,0.204166583,0.859007973,0.17547339399999998,0.140952374,2.97,4671353,138795,4810148,138795,163.66264630000003,13241,3,3.908015176,0.6783370240000001,352,2.914005349,8.670960881000001,3.663682436,3,443.7383059,0.960475852,69.90333946,7131
4,extension-enforcement/extension-enforcement_non-strict_stb_200_0.05_3_10_0.wcnf.gz,0.639719626,0.209527358,1.056103663,0.215862779,0.195552778,2.74,148390,39900,188290,76190,105.5511222,968,2,0.938021094,1.069453853,201,2.371342079,6.3574444560000005,0.25002931300000003,2,38.70852070000001,0.998990918,5.359102244,779
5,railway-transport/we.wcnf.gz,0.415176643,0.152956962,1.384158696,0.0,0.0,3.72,6939377,18170,6957547,280446,111.9373783,673,6,4.934686949,0.907479796,5,3.715699944,0.664481667,4.688093703,3,53.49207643,0.127692993,7.926228222000001,223
6,maxcut/dimacs_mod/MANN_a27.clq.wcnf.gz,0.0,0.0,0.0,0.5,0.693147181,0.0,0,1690,1690,42,41.23809524,42,32,0.931381978,0.0,2,2.0,0.0,0.931381978,62,3.231084848,0.5,40.23809524,41
7,des/cnf.19.p.7.wcnf.gz,0.6233508170000001,0.29917035,1.224833703,0.0,0.0,2.31,524436,6360,530796,117382,10.39547801,26,3,2.290906031,0.8284128470000001,7,2.292134831,0.8400883029999999,2.116274031,4,6.696041827999999,0.781901145,6.918590585,26
8,des/cnf.19.p.9.wcnf.gz,0.623342842,0.299157923,1.224771849,0.0,0.0,2.31,577210,7000,584210,129190,10.39594396,26,3,2.290755865,0.828313752,7,2.292155218,0.8400594709999999,2.116204662,4,6.696209659,0.7819089029999999,6.919010759,26
9,extension-enforcement/extension-enforcement_non-strict_stb_200_0.1_2_10_1.wcnf.gz,0.639719626,0.209527358,1.056103663,0.300433929,0.325798272,2.74,148390,39900,188290,76190,105.5511222,968,2,0.938021094,1.069453853,201,2.371342079,6.3574444560000005,0.25002931300000003,2,38.70852070000001,0.998990918,5.359102244,779
10,SeanSafarpour/rsdecoder1_blackbox_KESblock-problem.dimacs_30.filtered.wcnf.gz,0.0,0.0,0.0,0.184393728,1.320402102,0.0,0,1106376,1106376,339892,6.066344604,885,1,1.651613058,0.7303828529999999,4,2.566664497,0.5144648860000001,1.892656901,1,27.33028514,0.669235414,5.193740953,591
11,MaximumCommonSub-GraphExtraction/solved/g4_n58e71_n61e85_n100e127_n104e131.wcnf.gz,0.986761757,0.06995841900000001,0.095761818,0.0,0.0,2.6,253873,71,253944,4351,121.8117674,200,2,4.51023255,0.6895356140000001,41,2.596529156,0.8452129820000001,4.4949144510000005,5,275.589738,0.999169108,150.4966674,3254
12,optic/gen_mult_3_6_9999.wcnf.gz,0.0,0.0,0.0,0.0,0.0,34.49,11375,1044,12419,1044,489.0402299,829,1,5.855550944,4.058325909,109,31.67114905,17.81712077,6.229196813,2,276.5194651,0.08470891400000001,1.007662835,2
13,min-fill/MinFill_R0_myciel7.wcnf.gz,0.591363467,0.19418631,1.853808022,0.0,0.0,4.22,4691355,15785,4707140,328138,101.7893935,1901,10,3.0422303060000004,1.053526422,10,4.209769627,1.436077723,3.080448193,5,150.5671233,0.514695335,25.58067033,760
14,optic/gen_mult_5_5_399.wcnf.gz,0.0,0.0,0.0,0.0,0.0,30.25,103585,14256,117841,14256,861.4810606000002,7580,1,7.185465838,4.100878047,171,26.71397052,25.22093162,6.215111747999999,2,243.5029602,0.121052944,1.000631313,2
15,scheduling/cnf_small.wcnf.gz,0.5026595739999999,0.28142588,1.5247959780000002,0.481997881,0.657362158,2.52,46798,267,47065,12617,19.46841563,567,2,1.386423089,0.744882002,25,2.514203761,1.698530212,1.132567952,3,23.61768922,0.7306915970000001,6.0462867560000015,145
16,atcoss/sugar/atcoss_sugar_10.wcnf.gz,0.5602639429999999,0.27337944,2.120824844,0.0,0.0,3.41,423578,300,423878,43861,29.37833155,610,2,3.19699684,1.436425473,11,3.404720226,1.396666701,3.292523415,2,90.82866416,0.707059578,21.73552815,514
17,bcp/hipp-yRa1/simp/simp-ibd_50.08.wcnf.gz,0.299153877,0.236533686,1.307135638,0.0,0.0,2.57,44904,98,45002,2952,48.06165312,135,3,4.514067709,0.729963584,47,2.570641305,0.953567718,3.831799218,1,31.03420221,0.301742145,11.25033875,46
18,railway-transport/pesp_5min.wcnf.gz,0.399528471,0.153999309,1.554746477,0.0,0.0,3.83,1249995,4416,1254411,34756,151.6663022,940,2,4.867895352,1.068378429,5,3.822004909,0.7358380609999999,5.0185244,3,96.97256307,0.110715706,10.113074,143
19,maxclique/structured/brock800_1.clq.wcnf.gz,0.0,0.0,0.0,0.5,0.693147181,0.0,0,1022,1022,40,26.55,34,21,2.195273549,0.0,2,2.0,0.0,2.195273549,40,5.195190083,0.5,25.55,33
20,gen-hyper-tw/GenHyperTW_b01.wcnf.gz,0.531597907,0.183458438,1.3676393269999998,0.0,0.0,3.45,170567,45,170612,55117,23.66262678,369,1,2.106718582,1.226284767,8,3.449728038,1.741557127,2.101401363,2,26.21480965,0.654684313,4.750439973,184
21,MaximumCommonSub-GraphExtraction/solved/g5_n24e23_n28e29_n32e33_n32e33_n38e39.wcnf.gz,0.983681828,0.076203908,0.109186765,0.0,0.0,2.51,122851,23,122874,2519,100.3425963,211,67,2.534381007,0.701629318,33,2.511808845,0.8488641729999999,2.531683468,67,241.6486795,0.999039667,121.4775705,2635
22,ramsey/ram_k3_n14.ra0.wcnf.gz,0.0,0.0,0.0,0.442216639,0.579915171,0.0,0,1365,1365,91,91.0,91,91,0.0,0.579915171,6,5.2,1.326649916,0.0,78,0.0,0.7333333329999999,66.0,66
23,MaxSATQueriesinInterpretableClassifiers/MLIC_maxsat_benchmarks/credit_train_1_CNF_4_1.wcnf.gz,0.844152951,0.167279905,0.130590602,0.0,0.0,2.3,1558859,27439,1586298,111547,39.89054838,19470,2,0.723822348,0.235226598,19,2.278471006,2.100259437,0.7223272340000001,2,425.7556623,0.971685648,27.39049011,15370
24,maxcut/dimacs_mod/san400_0.7_2.clq.wcnf.gz,0.0,0.0,0.0,0.5,0.693147181,0.0,0,1126,1126,40,29.15,34,23,2.268097886,0.0,2,2.0,0.0,2.268097886,44,5.487257967000001,0.5,28.15,33
25,MaxSATQueriesinInterpretableClassifiers/wcnf_gz/adult_train_5_CNF_3_1.wcnf.gz,0.814749823,0.220859295,0.202684552,0.0,0.0,2.33,844347,29737,874084,96481,25.87872224,28190,2,0.830531957,0.378657205,13,2.283313732,1.728085851,0.82922106,2,393.8233157,0.950326284,16.91102911,21683
26,bcp/msp/normalized-par32-4-c.wcnf.gz,0.145906305,0.400135092,0.5006521420000001,0.0,0.0,2.74,6659,2666,9325,2666,12.92348087,178,6,0.970511438,1.0046753309999998,3,2.24536193,0.8700320109999999,0.928045531,4,9.551670754,0.428847185,2.0,2
27,SeanSafarpour/wb_4m8s4.dimacs.filtered.wcnf.gz,0.0,0.0,0.0,0.179180593,1.256496751,0.0,0,1759150,1759150,462440,7.389888418,461,1,1.668814574,0.643945012,3,2.706449137,0.480947779,1.836378706,1,24.85302903,0.615564335,5.959108209,561
28,uaq/uaq-ppr-nr200-nc66-n5-k2-rpp6-ppr6-plb100.wcnf.gz,0.484466673,0.293768531,1.686588985,0.0,0.0,2.36,4411,150,4561,2046,8.000977517,86,1,1.674995082,1.4534261730000002,12,2.312431484,1.584828942,1.76853004,1,7.91233385,0.829423372,3.279569892,29
29,extension-enforcement/extension-enforcement_non-strict_stb_200_0.05_1_10_1.wcnf.gz,0.639719626,0.209527358,1.056103663,0.217115032,0.197332819,2.74,148390,39900,188290,76190,105.5511222,968,2,0.938021094,1.069453853,201,2.371342079,6.3574444560000005,0.25002931300000003,2,38.70852070000001,0.998990918,5.359102244,779
30,des/cnf.18.p.6.wcnf.gz,0.623360576,0.299185013,1.224908512,0.0,0.0,2.31,471662,5720,477382,105574,10.39488889,26,3,2.290575875,0.8285244959999999,7,2.292109883,0.840121091,2.116153604,4,6.695873193,0.781893745,6.918104836,26
31,ramsey/ram_k3_n18.ra0.wcnf.gz,0.0,0.0,0.0,0.4076824570000001,0.514653165,0.0,0,3876,3876,153,153.0,153,153,0.0,0.514653165,6,5.3684210530000005,1.223047372,0.0,136,0.0,0.7894736840000001,120.0,120
32,reversi/rev66-24.wcnf.gz,0.578092674,0.233483831,1.164096894,0.5,0.693147181,2.55,125640,72,125712,20832,42.18317972,144,3,3.320433435,0.702030797,47,2.55364643,2.420102639,2.322996987,4,20.53383155,0.910271096,11.39400922,103
33,maxcut/dimacs_mod/brock800_1.clq.wcnf.gz,0.0,0.0,0.0,0.0,0.0,2.0,112095,800,112895,800,281.2375,323,240,3.913177492,0.042135083,2,1.992913769,0.083880963,3.913177492,240,12.85296051,0.007086231,1.0,1
34,maxcut/dimacs_mod/san200_0.7_1.clq.wcnf.gz,0.0,0.0,0.0,0.5,0.693147181,0.0,0,1116,1116,40,28.9,34,23,2.241935479,0.0,2,2.0,0.0,2.241935479,44,4.995998398999999,0.5,27.9,33
35,MaxSATQueriesinInterpretableClassifiers/MLIC_maxsat_benchmarks/tictactoe_train_1_DNF_5_1.wcnf.gz,0.734901665,0.263326526,0.266283548,0.0,0.0,2.52,27388,996,28384,3811,26.61532406,441,6,0.93154256,0.451441157,10,2.464205186,1.869921085,0.93154256,2,53.43035746,0.927670519,13.55707163,334
36,ramsey/ram_k3_n13.ra0.wcnf.gz,0.0,0.0,0.0,0.451753951,0.5982695889999999,0.0,0,1001,1001,78,78.0,78,78,0.0,0.5982695889999999,6,5.1428571430000005,1.355261854,0.0,66,0.0,0.7142857140000001,55.0,55
37,des/cnf.19.p.10.wcnf.gz,0.623342359,0.299148505,1.224746567,0.0,0.0,2.31,593705,7200,600905,132880,10.39586093,26,3,2.290701726,0.828176425,7,2.292159326,0.8400217329999999,2.116146046,4,6.696201086,0.78193558,6.91949127,26
38,optic/gen_add_4_carry_33.wcnf.gz,0.0,0.0,0.0,0.0,0.0,12.18,35157,676,35833,676,262.8609467,667,1,4.350674462,3.121206939,39,11.97036252,7.656133089,5.8009168,2,498.16426439999987,0.018893199,1.00147929,2
39,mbd/b14_C-mbd14-0310.wcnf.gz,0.423315755,0.426522929,1.324347884,0.0,0.0,2.47,29368,1851,31219,11949,6.6307640810000015,145,3,2.0072579,1.097077098,7,2.385726641,0.758248571,1.620628811,3,8.649566405,0.464813095,3.074985354,83
40,min-fill/MinFill_R4_miles500.wcnf.gz,0.589612906,0.203093172,1.95232614,0.0,0.0,3.97,956911,4711,961622,93220,68.04765072,964,1,2.97357668,1.219373977,9,3.954437398,1.4952686519999998,2.945020392,1,90.20552001,0.560208689,18.35680112,428
41,aes/mul_8_13.wcnf.gz,0.0,0.0,0.0,0.0,0.0,81.32,65280,15312,80592,15312,1389.417973,5089,829,4.644531067,2.547104372,92,66.05777248,31.69833799,1.301059252,129,412.1829,0.189994044,1.0,1
42,gen-hyper-tw/GenHyperTW_par8-2-c.wcnf.gz,0.540858235,0.137264997,1.076318085,0.0,0.0,2.98,968669,206,968875,479096,13.118510699999998,604,3,1.097558334,1.081242817,30,2.974709844,1.586225482,1.329587622,2,19.08052012,0.8163880790000001,3.844143971,268
43,maxcut/bipartite/maxcut-140-630-0.8-7.wcnf.gz,0.0,0.0,0.0,0.5,0.693147181,0.0,0,1258,1258,140,9.985714286,19,4,2.384418046,0.0,2,2.0,0.0,2.384418046,6,5.5599882539999985,0.5,8.985714286,18
44,atcoss/sugar/atcoss_sugar_04.wcnf.gz,0.546781169,0.29793838300000003,2.304161203,0.0,0.0,3.77,758790,300,759090,53119,37.460965,612,3,3.257824794,1.58056468,11,3.769186789,1.464266832,3.4796952080000003,2,158.0012719,0.648473831,32.84406709,520
45,MaximumCommonSub-GraphExtraction/solved/g3_n43e49_n72e77_n81e85.wcnf.gz,0.983213198,0.078916883,0.116243411,0.0,0.0,2.56,97139,49,97188,2083,98.15026404,345,23,2.856981105,0.7024033909999999,38,2.56137589,0.883585228,2.895151512,25,188.0879619,0.998713833,118.44695149999998,1737
46,maxclique/structured/MANN_a81.clq.wcnf.gz,0.0,0.0,0.0,0.0,0.0,2.0,6480,3321,9801,3321,4.902439024,41,4,0.114665282,0.640265046,2,1.661157025,0.473316399,0.114665282,4,5.707525532999999,0.338842975,1.0,1
47,pseudoBoolean/primes-dimacs-cnf/normalized-par32-3.opb.msat.wcnf.gz,0.213105348,0.448417114,0.591832174,0.0,0.0,2.29,11391,6352,17743,6352,7.037783375,170,1,1.725249619,1.071289983,3,1.831370118,0.833669115,1.655635942,2,6.395586276,0.581017866,2.0,2
48,bcp/msp/normalized-ii16a2.wcnf.gz,0.057045187,0.245430952,0.238856402,0.0,0.0,2.26,24883,3204,28087,3204,19.91573034,146,2,1.28403267,0.473634101,16,2.113789298,1.719459118,1.397846538,2,27.61699731,0.17111119,2.0,2
49,SeanSafarpour/wb_4m8s1.dimacs.filtered.wcnf.gz,0.0,0.0,0.0,0.179180593,1.256496751,0.0,0,1759150,1759150,463080,7.3810572689999985,461,2,1.6548019,0.643945012,3,2.706449137,0.480947779,1.828751929,2,24.81028956,0.615564335,5.950872419,561
50,min-fill/MinFill_R0_mulsol.i.2.wcnf.gz,0.5900305570000001,0.196457806,1.899673436,0.0,0.0,4.08,3282220,10993,3293213,269188,87.96623921,1721,10,3.129242676,1.149108501,10,4.073855836,1.513653575,3.105461042,5,124.7369941,0.532669463,21.25273043,688
51,xai-mindset2/ecoli.wcnf.gz,0.332971223,0.238656852,0.780571584,0.0,0.0,5.48,310872,6426,317298,37653,141.3007463,863,3,2.776557558,0.4768344020000001,358,5.387380318,34.09738964,2.661913837,1,118.3024191,0.947002502,16.19175099,358
52,optic/gen_mult_5_5_9999.wcnf.gz,0.0,0.0,0.0,0.0,0.0,40.81,85475,14256,99731,14256,898.5549944,7787,1,7.186802403,4.168939645,171,35.11808766,24.66662549,6.314647194,2,267.565888,0.143034764,1.000631313,2
53,maxclique/structured/p_hat700-1.clq.wcnf.gz,0.0,0.0,0.0,0.0,0.0,2.0,183651,700,184351,700,525.7171429,625,414,5.159567753999999,0.02495311,2,1.996202896,0.061503548,5.159567753999999,414,52.99722357,0.003797104,1.0,1
54,pseudoBoolean/garden/normalized-g100x100.opb.msat.wcnf.gz,0.0,0.0,0.0,0.0,0.0,4.96,10000,10000,20000,10000,12.8004,13,6,0.337551849,0.777600609,5,2.98,1.984943324,0.168906857,4,0.197989899,0.5,1.0,1
55,optic/gen_mult_4_7_991.wcnf.gz,0.0,0.0,0.0,0.0,0.0,188.34,12609,20294,32903,20294,2458.313492,7842,1,7.774767607999999,2.840186973,643,72.79169073,102.0792516,3.689766141,2,77.14557373,0.616934626,1.000246378,2
56,xai-mindset2/postoperative-patient-data.wcnf.gz,0.5222653279999999,0.312725939,1.225698155,0.0,0.0,3.09,30678,792,31470,6412,18.41235184,107,3,2.618105446,0.85684581,23,3.039339053,4.124782681,2.690479547,1,23.14220684,0.8754369240000001,8.799750468,65
57,min-fill/MinFill_R0_miles1500.wcnf.gz,0.600185657,0.216575612,1.960202523,0.0,0.0,3.62,1016490,2930,1019420,130944,52.16575024,1144,9,3.1690187360000004,1.3589044540000002,9,3.61266995,1.578748441,2.990542884,5,74.37233175,0.656669479,15.00908785,508
58,MaximumCommonSub-GraphExtraction/solved/g8_n39e38_n43e43_n58e57_n67e69_n67e68_n67e69_n67e68_n82e119.wcnf.gz,0.984881658,0.072502143,0.101171806,0.0,0.0,2.5,412960,38,412998,7790,109.436457,463,26,3.572931727,0.699568137,44,2.495029032,0.891627568,3.542501226,33,385.08459,0.999278447,131.2410783,7793
59,pseudoBoolean/primes-dimacs-cnf/normalized-par32-4.opb.msat.wcnf.gz,0.212527708,0.4483446820000001,0.591692626,0.0,0.0,2.3,11397,6352,17749,6352,7.053526448,178,1,1.71994743,1.070798847,3,1.832103217,0.835425691,1.650428604,2,6.458908406,0.581384867,2.0,2
60,MaximumCommonSub-GraphExtraction/solved/g2_n44e43_n57e61.wcnf.gz,0.97918905,0.084105636,0.129290373,0.0,0.0,2.35,50351,43,50394,1231,86.36311942,119,11,1.632030757,0.6448000939999999,44,2.346509505,1.002173007,1.649662636,12,57.48263293,0.998293448,94.99268887,386
61,MaxSATQueriesinInterpretableClassifiers/wcnf_gz/adult_train_4_CNF_3_1.wcnf.gz,0.814749823,0.220859295,0.202684552,0.0,0.0,2.33,844347,29737,874084,96481,25.87735409,28182,2,0.830531957,0.378657205,13,2.283313732,1.728085851,0.829631198,2,393.6468737,0.950326284,16.91102911,21682
62,reversi/rev66-16.wcnf.gz,0.578133762,0.233538496,1.164232316,0.5,0.693147181,2.55,83784,72,83856,13912,42.11385854,144,3,3.327681952,0.705381568,47,2.552757107,2.419695258,2.33455081,4,20.44882456,0.910322458,11.37780334,103
63,uaq/uaq-ppr-nr200-nc66-n5-k2-rpp6-ppr13-plb100.wcnf.gz,0.4505445320000001,0.272550539,1.606123418,0.0,0.0,2.48,5414,150,5564,2046,14.82209189,146,1,1.940069325,1.422601539,21,2.436376707,2.231662126,1.853162734,1,10.78332811,0.8601725379999999,4.26001955,34
64,maxclique/structured/p_hat1000-1.clq.wcnf.gz,0.0,0.0,0.0,0.0,0.0,2.0,377247,1000,378247,1000,755.4939999999998,895,592,5.432351791,0.01833253,2,1.997356225,0.05134964,5.432351791,592,73.28935778,0.002643775,1.0,1
65,extension-enforcement/extension-enforcement_non-strict_stb_200_0.05_3_10_1.wcnf.gz,0.639719626,0.209527358,1.056103663,0.215862779,0.195552778,2.74,148390,39900,188290,76190,105.5511222,968,2,0.938021094,1.069453853,201,2.371342079,6.3574444560000005,0.25002931300000003,2,38.70852070000001,0.998990918,5.359102244,779
66,MaxSATQueriesinInterpretableClassifiers/MLIC_maxsat_benchmarks/credit_train_0_DNF_3_1.wcnf.gz,0.345386614,0.381127959,0.465832124,0.0,0.0,4.77,391541,27329,418870,45245,67.53349541,19393,2,1.059357201,0.7251212909999999,19,4.523436866,6.1055199170000005,1.057114754,2,578.6932396000002,0.8351445559999999,14.85921096,4389
67,maxcut/dimacs_mod/hamming10-2.clq.wcnf.gz,0.0,0.0,0.0,0.5,0.693147181,0.0,0,1640,1640,41,41.0,41,41,0.0,0.0,2,2.0,0.0,0.0,80,0.0,0.5,40.0,40
68,scheduling/cnf_10_center.wcnf.gz,0.500296786,0.270384845,1.5132264569999998,0.458728323,0.611778388,2.5,702017,1571,703588,182404,19.88822614,1762,2,1.3128063490000002,0.70217713,217,2.497261181,1.884391143,0.830469094,1,31.54760327,0.741648522,6.3128659460000005,367
69,MaximumCommonSub-GraphExtraction/solved/g2_n68e88_n77e106.wcnf.gz,0.982213507,0.082241048,0.124161949,0.0,0.0,2.53,68951,88,69039,1531,94.32070542,148,2,3.607700385,0.7136775059999999,29,2.527412042,0.8177363040000001,3.629337324,3,90.88280556,0.998232883,112.8837361,778
70,optic/gen_mult_4_5_9999.wcnf.gz,0.0,0.0,0.0,0.0,0.0,39.03,29522,4754,34276,4754,760.9124947,3135,1,6.7954127510000015,4.119246686,176,33.75726456,22.62482165,6.249481452,2,193.1238408,0.138901856,1.001472444,2
71,pseudoBoolean/primes-dimacs-cnf/normalized-par32-5.opb.msat.wcnf.gz,0.212138552,0.448199868,0.5914136489999999,0.0,0.0,2.3,11409,6352,17761,6352,7.0724181360000005,170,1,1.728517927,1.070920901,3,1.83356793,0.836233496,1.657683906,2,6.484792899,0.580992061,2.0,2
72,MaximumCommonSub-GraphExtraction/solved/g2_n44e59_n74e84.wcnf.gz,0.977670687,0.092918806,0.15132279099999998,0.0,0.0,2.54,31153,59,31212,870,76.34482759,160,2,2.960812945,0.720642012,30,2.54155453,0.866471153,2.895722535,3,72.66998833,0.997565039,90.08390805,840
73,scheduling/cnf_10.wcnf.gz,0.499967046,0.276726076,1.574956676,0.0,0.0,2.53,1056214,1725,1057939,259443,24.11365502,3333,2,2.424613367,0.8083656929999999,217,2.524152149,2.074125422,1.254868188,1,37.17477733,0.7278302440000001,6.6061871010000015,4608
74,close_solutions/SAT04__industrial__velev__pipe-sat-1-1__12pipe_bug6_q0.used-as.sat04-725.cnf.wcnf.10.wcnf.gz,0.6497401429999999,0.204166583,0.859007973,0.17547339399999998,0.140952374,2.97,4671353,138795,4810148,138795,163.66264630000003,13241,3,3.907839305,0.6783370240000001,352,2.914005349,8.670960881000001,3.663555792,3,443.7383087,0.960475852,69.90333946,7131
75,fault-diagnosis/s38584_nan_explicit_7_0.wcnf.gz,0.3873547120000001,0.17032999899999998,1.060225983,0.0,0.0,2.7,952481,49770,1002251,150217,101.9579874,5828,1,3.720263452,0.860757725,316,2.613776389,5.2481112780000005,2.559354316,1,74.09990417,0.801026888,10.88557886,5073
76,extension-enforcement/extension-enforcement_non-strict_stb_200_0.05_4_10_2.wcnf.gz,0.639719626,0.209527358,1.056103663,0.216176679,0.195998513,2.74,148390,39900,188290,76190,105.5511222,968,2,0.938021094,1.069453853,201,2.371342079,6.3574444560000005,0.25002931300000003,2,38.70852070000001,0.998990918,5.359102244,779
77,bcp/hipp-yRa1/su/SU-100kb__simp-genos.haps.21.wcnf.gz,0.333666589,0.238646687,1.312141185,0.0,0.0,2.59,33228,174,33402,6460,49.56563467,180,4,4.318200285,0.7741342520000001,85,2.580504161,2.595589016,2.443346949,1,28.12460996,0.345727801,4.789628483,70
78,des/cnf.20.p.9.wcnf.gz,0.6233427429999999,0.299156437,1.224767102,0.0,0.0,2.31,580509,7040,587549,129928,10.39594237,26,3,2.290578925,0.8282934590000001,7,2.292156058,0.8400537779999999,2.116137129,4,6.696228595,0.781912657,6.919085955,26
79,MaxSATQueriesinInterpretableClassifiers/MLIC_maxsat_benchmarks/toms_test_0_DNF_2_1.wcnf.gz,0.48283827,0.16036551300000002,0.12204988,0.0,0.0,4.03,179066,4639,183705,6455,296.9033308,3002,3,3.12639869,0.249390465,97,3.956174301,13.56353791,2.908340435,2,304.337582,0.974252198,54.7344694,611
80,MaxSATQueriesinInterpretableClassifiers/wcnf_gz/heart_train_4_CNF_3_1.wcnf.gz,0.584237579,0.327156884,0.370670711,0.0,0.0,3.01,4660,365,5025,737,30.32428765,261,2,1.621242783,0.663469357,12,2.860298507,2.87524793,1.636968246,2,37.71262196,0.8869651740000001,11.59972863,107
81,SeanSafarpour/rsdecoder4.dimacs.filtered.wcnf.gz,0.0,0.0,0.0,0.201777472,1.274970613,0.0,0,933978,933978,237783,7.498160087,605,1,1.841994918,0.605172344,4,2.736554822,0.455404554,1.946450268,1,28.83582689,0.568567996,5.665152681,595
82,reversi/rev66-12.wcnf.gz,0.578174841,0.233593085,1.164366891,0.5,0.693147181,2.55,62856,72,62928,10452,42.04477612,144,3,3.3340436980000003,0.708534439,47,2.551868802,2.419287948,2.344957986,4,20.36373118,0.91037376,11.36165327,103
83,gen-hyper-tw/GenHyperTW_flat30-1.wcnf.gz,0.542724269,0.128594706,1.028643452,0.0,0.0,2.96,2191365,300,2191665,1119405,12.36799282,802,3,0.96468157,1.060137442,10,2.96309655,1.499281805,1.185930661,2,21.02873048,0.8188021440000001,3.727364091,356
84,close_solutions/SAT11__application__fuhs__AProVE11__AProVE11-09.cnf.wcnf.4.wcnf.gz,0.50898939,0.206753213,1.377842451,0.484969946,0.66323951,2.6,234694,68779,303473,68779,9.641678419,2497,4,1.969520703,1.163898995,383,2.239075634,1.111916474,2.098403742,3,17.74049975,0.7217116509999999,6.23102982,2497
85,bcp/msp/normalized-par32-5.wcnf.gz,0.18657659,0.424149872,0.545532942,0.0,0.0,2.52,13501,6352,19853,6352,9.307304786,170,3,1.832110964,1.096606067,3,2.034805823,0.8292780409999999,1.6347191580000002,3,6.419073568,0.487029668,2.022197733,3
86,mbd/b21_C-mbd14-0322.wcnf.gz,0.421514915,0.431599582,1.283638598,0.0,0.0,2.47,60054,3619,63673,24168,6.679576299,198,3,2.011686689,1.09264666,7,2.390259608,0.755459963,1.602723789,3,8.723789782999999,0.455829001,3.069885799,98
87,reversi/rev66-22.wcnf.gz,0.578100145,0.233493775,1.16412158,0.5,0.693147181,2.55,115176,72,115248,19102,42.17055806,144,3,3.321832017,0.7026582259999999,47,2.553484659,2.420028564,2.325202352,4,20.51838206,0.910280439,11.39105853,103
88,maxclique/structured/hamming10-4.clq.wcnf.gz,0.0,0.0,0.0,0.0,0.0,2.0,89600,1024,90624,1024,176.0,176,176,0.0,0.061890751,2,1.988700565,0.105696536,0.0,176,0.0,0.011299435,1.0,1
89,min-fill/MinFill_R0_queen7_7.wcnf.gz,0.576510384,0.224780764,1.959532206,0.0,0.0,3.47,109816,700,110516,16758,37.87504475,385,8,2.74515277,1.391425734,8,3.457055992,1.492271365,2.6220302980000003,5,42.74645878,0.658646712,12.03407328,192
90,MaximumCommonSub-GraphExtraction/solved/g2_n35e34_n70e73.wcnf.gz,0.9769429,0.093628183,0.152330891,0.0,0.0,2.52,26325,34,26359,766,73.12793734,83,19,1.891561879,0.712215587,24,2.518722258,0.845034246,1.978200429,20,66.09877443,0.997420236,85.58746736,391
91,treewidth-computation/TWComp_1dj7_N73.wcnf.gz,0.57301172,0.156763475,1.4226856140000002,0.0,0.0,3.29,907327,72,907399,105922,34.06436812,361,6,0.525214864,0.981046456,74,3.293392433,0.921319945,0.988637251,3,98.09850736,0.587842834,15.81815865,286
92,maxclique/structured/p_hat1000-3.clq.wcnf.gz,0.0,0.0,0.0,0.0,0.0,2.0,127754,1000,128754,1000,256.508,418,105,5.451638762999999,0.045466627,2,1.992233251,0.087786255,5.451638762999999,105,74.00872878,0.007766749,1.0,1
93,maxcut/dimacs_mod/p_hat300-3.clq.wcnf.gz,0.0,0.0,0.0,0.5,0.693147181,0.0,0,1270,1270,43,30.53488372,39,22,2.656527827,0.0,2,2.0,0.0,2.656527827,42,8.779986091,0.5,29.53488372,38
94,maxclique/structured/sanr400_0.7.clq.wcnf.gz,0.0,0.0,0.0,0.0,0.0,2.0,23931,400,24331,400,120.655,148,90,3.5708743060000003,0.083839984,2,1.983560067,0.127159983,3.5708743060000003,90,9.428201048,0.016439933,1.0,1
95,xai-mindset2/diabetes.wcnf.gz,0.502927854,0.126313489,0.268613175,0.0,0.0,3.89,2065282,10032,2075314,61620,478.8469328,3016,3,2.7105098130000003,0.15167307800000002,1255,3.878132177,48.1841392,2.603863531,1,363.0666294,0.987273251,66.74336254,1254
96,MaxSATQueriesinInterpretableClassifiers/wcnf_gz/tictactoe_train_3_CNF_2_1.wcnf.gz,0.469613019,0.40683989,0.513085322,0.0,0.0,3.37,6807,916,7723,1514,23.53764861,428,3,1.287892564,0.911158956,10,3.086494885,2.882349754,1.287892564,2,54.20974285,0.81548621,7.714663144,172
97,atcoss/sugar/atcoss_sugar_18.wcnf.gz,0.522612575,0.308427281,2.214703522,0.0,0.0,3.46,823600,300,823900,53441,51.69938811,610,2,3.68874049,1.305688877,11,3.457088239,1.206905453,3.794449028,2,133.2924161,0.608123559,30.92109055,736
98,MaximumCommonSub-GraphExtraction/solved/g6_n39e38_n43e43_n61e61_n67e69_n67e68_n82e119.wcnf.gz,0.985010375,0.072357251,0.101057783,0.0,0.0,2.5,297088,38,297126,5567,110.138854,329,19,3.68161479,0.700460022,44,2.499562475,0.8900187909999999,3.639392111,24,325.4978227,0.999259573,132.3714748,5490
99,treewidth-computation/TWComp_queen5_5_N25.wcnf.gz,0.575035623,0.164617206,1.464260305,0.0,0.0,3.16,38832,24,38856,7274,20.98845202,121,6,0.7881915290000001,1.0644477,26,3.161390776,0.930088052,1.137789249,3,40.01692793,0.640107062,10.11754193,94
100,maxclique/structured/MANN_a45.clq.wcnf.gz,0.0,0.0,0.0,0.0,0.0,2.0,1980,1035,3015,1035,4.826086957,23,4,0.178844913,0.643189472,2,1.656716418,0.474805186,0.178844913,4,3.87469128,0.34328358200000003,1.0,1
101,ramsey/ram_k4_n18.ra0.wcnf.gz,0.0,0.0,0.0,0.5,0.693147181,0.0,0,6120,6120,153,153.0,153,153,0.0,0.0,6,6.0,0.0,0.0,240,0.0,0.5,120.0,120
102,min-fill/MinFill_R1_games120.wcnf.gz,0.5884281020000001,0.202242511,1.945166721,0.0,0.0,4.01,963522,5021,968543,90752,68.71722937,946,1,2.855710768,1.198232141,9,3.991486181,1.479696925,2.711789224,1,93.51316866,0.552526837,18.97601155,420
103,set-covering/crafted/scpcyc/scpcyc09_maxsat.wcnf.gz,0.0,0.0,0.0,0.471404521,0.6365141679999999,0.0,0,6912,6912,2304,25.0,25,25,0.0,0.6365141679999999,4,3.0,1.4142135619999998,0.0,9,0.0,0.333333333,1.0,1
104,extension-enforcement/extension-enforcement_non-strict_stb_150_0.05_2_8_3.wcnf.gz,0.6398252179999999,0.210216258,1.058917589,0.218331043,0.199066071,2.74,83070,22436,105506,42742,80.53156146,724,2,0.960195468,1.071810881,151,2.368775236,5.507972392,0.266645985,2,33.38156384,0.998654105,5.34551495,583
105,maxcut/bipartite/maxcut-140-630-0.8-17.wcnf.gz,0.0,0.0,0.0,0.5,0.693147181,0.0,0,1258,1258,140,9.985714286,17,4,2.391239918,0.0,2,2.0,0.0,2.391239918,6,5.66183067,0.5,8.985714286,16
106,atcoss/sugar/atcoss_sugar_02.wcnf.gz,0.574159496,0.276431331,2.1014892830000003,0.0,0.0,3.43,377202,300,377502,40788,27.99431205,610,2,3.252305676,1.467908171,11,3.42461232,1.462926181,3.230463588,2,85.31162228,0.724314043,21.67532117,514
107,SeanSafarpour/mem_ctrl-problem.dimacs_27.filtered.wcnf.gz,0.0,0.0,0.0,0.155627072,1.2190153259999998,0.0,0,15983633,15983633,4426259,6.897772363,5734,1,1.37789929,0.681988835,4,2.60238514,0.492095758,1.651865397,1,110.73525,0.660002454,5.759379196,14868
108,maxclique/structured/p_hat500-2.clq.wcnf.gz,0.0,0.0,0.0,0.0,0.0,2.0,61804,500,62304,500,248.216,383,111,5.236475938,0.046715696,2,1.991974833,0.089223111,5.236475938,111,73.22658905,0.008025167,1.0,1
109,maxclique/structured/brock800_4.clq.wcnf.gz,0.0,0.0,0.0,0.0,0.0,2.0,111957,800,112757,800,280.8925,319,235,3.97372749,0.042177942,2,1.992905097,0.08393191,3.97372749,235,13.42519809,0.007094903000000001,1.0,1
110,scheduling/cnf_12.wcnf.gz,0.500247287,0.278589328,1.580598374,0.0,0.0,2.53,1169238,2041,1171279,289958,23.49680299,2312,2,2.504076426,0.819360671,265,2.527466983,2.105100901,1.353412955,1,35.42254564,0.725550445,6.542892419,4600
111,gen-hyper-tw/GenHyperTW_2bitcomp_5.wcnf.gz,0.54203989,0.129211449,1.031525475,0.0,0.0,2.98,2413090,310,2413400,1225430,12.71479399,847,3,0.959721817,1.066019471,17,2.977131847,1.523780163,1.190924663,2,21.55393633,0.815701914,3.735892707,376
112,des/cnf.20.p.4.wcnf.gz,0.6233632179999999,0.29921312,1.224986985,0.0,0.0,2.31,438672,5320,443992,98194,10.39505469,26,3,2.291202084,0.828921985,7,2.292095353,0.840230537,2.116535377,4,6.695857325,0.7818181409999999,6.916705705,26
113,pseudoBoolean/primes-dimacs-cnf/normalized-par32-1.opb.msat.wcnf.gz,0.213886977,0.448380896,0.591762395,0.0,0.0,2.3,11394,6352,17746,6352,7.02802267,162,1,1.7181796319999998,1.072510084,3,1.831736729,0.830758232,1.6470366,2,6.294869007999999,0.579623577,2.0,2
114,maxclique/structured/brock400_2.clq.wcnf.gz,0.0,0.0,0.0,0.5,0.693147181,0.0,0,1188,1188,40,30.7,36,24,2.1647311680000003,0.0,2,2.0,0.0,2.1647311680000003,46,5.141984053,0.5,29.7,35
115,fault-diagnosis/s38584_nan_explicit_2_0.wcnf.gz,0.382419501,0.16338609199999998,0.994172576,0.0,0.0,2.73,1115040,49770,1164810,155804,111.5234012,7315,1,3.743218725,0.806568547,316,2.655412471,5.377360334,2.689188535,1,81.26256454,0.824867575,12.54721317,6424
116,ramsey/ram_k4_n20.ra0.wcnf.gz,0.0,0.0,0.0,0.5,0.693147181,0.0,0,9690,9690,190,190.0,190,190,0.0,0.0,6,6.0,0.0,0.0,306,0.0,0.5,153.0,153
117,xai-mindset2/australian.wcnf.gz,0.503247665,0.132138537,0.290240862,0.0,0.0,3.88,1733728,9304,1743032,57004,443.7608589,2716,3,2.683802304,0.164197817,1164,3.865756911,46.21550057,2.580224431,1,326.690139,0.986010584,60.54076907,1163
118,treewidth-computation/TWComp_1c75_N69.wcnf.gz,0.573090316,0.156954979,1.424332964,0.0,0.0,3.29,768167,68,768235,91700,33.29827699,341,6,0.531085864,0.984915099,70,3.2885965880000003,0.921938562,0.99603293,3,93.90317989,0.589819521,15.48544166,270
119,optic/gen_add_6_carry_991.wcnf.gz,0.0,0.0,0.0,0.0,0.0,34.59,136281,6484,142765,6484,1061.080814,3573,1,2.527096247,3.860904408,127,33.06439954,17.85362524,2.837537242,2,896.5584911000002,0.045424299,1.000154226,2
120,des/cnf.17.p.9.wcnf.gz,0.623345343,0.299169144,1.224866546,0.0,0.0,2.31,504632,6120,510752,112954,10.39506348,26,3,2.290896206,0.82836116,7,2.292133952,0.840082351,2.116206931,4,6.696049036000002,0.781915685,6.918488942000001,26
121,gen-hyper-tw/GenHyperTW_uf20-01.wcnf.gz,0.5476499,0.125098302,0.8892760679999999,0.0,0.0,2.47,75501,91,75592,46941,8.083445176,134,3,1.133175242,0.808476058,20,2.471809186,1.1576330890000002,1.274775388,2,5.140677022,0.954876177,3.56470889,76
122,set-covering/crafted/scpclr/scpclr13_maxsat.wcnf.gz,0.0,0.0,0.0,0.355741799,0.420357853,0.0,0,4810,4810,715,715.0,715,715,0.0,1.537808789,495,76.10810811,63.65968803,0.0,512,0.0,0.148648649,1.0,1
123,uaq/uaq-ppr-nr200-nc66-n5-k2-rpp6-ppr7-plb100.wcnf.gz,0.4804757000000001,0.291642611,1.693145049,0.0,0.0,2.37,4505,150,4655,2046,8.624633431,91,1,1.724638665,1.465147609,16,2.326315789,1.652997558,1.799088012,1,8.115419623,0.8328678840000001,3.3714565000000003,28
124,atcoss/mesat/atcoss_mesat_18.wcnf.gz,0.555144395,0.207741385,1.3439289840000002,0.0,0.0,3.46,1605163,301,1605464,366276,17.20000764,2821,1,2.107023091,0.8386467609999999,4,3.462611432,0.914555071,1.578949621,1,361.7390339,0.479458275,6.313482183,49343
125,treewidth-computation/TWComp_1dp_N76.wcnf.gz,0.572962924,0.156538364,1.421154412,0.0,0.0,3.3,1023384,75,1023459,118369,34.39222263,376,6,0.516754381,0.97922609,77,3.29543245,0.921089785,0.981399093,3,100.8192008,0.587043545,15.95964315,298
126,uaq/uaq-ppr-nr200-nc66-n5-k2-rpp6-ppr14-plb100.wcnf.gz,0.445643628,0.268817879,1.577958313,0.0,0.0,2.49,5609,150,5759,2046,15.93841642,151,1,1.954243759,1.402293391,21,2.4554610180000003,2.34060638,1.857505674,1,11.32413636,0.864907102,4.450635386,32
127,SeanSafarpour/rsdecoder6.dimacs.filtered.wcnf.gz,0.0,0.0,0.0,0.201680147,1.274388207,0.0,0,936006,936006,238290,7.500700827,605,2,1.834190442,0.604509495,4,2.737125617,0.455075825,1.93786213,2,28.80439375,0.568419433,5.665701456,595
128,aes/mul_8_11.wcnf.gz,0.0,0.0,0.0,0.0,0.0,82.32,65280,15008,80288,15008,1370.47548,4937,837,4.566947532,2.541779281,90,67.12036668,31.89125385,1.32741375,129,409.2244304,0.186927063,1.0,1
129,MaximumCommonSub-GraphExtraction/solved/g3_n52e77_n57e74_n58e75.wcnf.gz,0.973247961,0.102936508,0.177392677,0.0,0.0,2.53,45132,77,45209,1500,64.79466667,103,11,3.755361827,0.728202215,17,2.523546197,0.7821243990000001,3.739904234,13,67.73884141,0.99654936,74.93733333,509
130,set-covering/crafted/scpclr/scpclr11_maxsat.wcnf.gz,0.0,0.0,0.0,0.429434558,0.555536597,0.0,0,1353,1353,330,330.0,330,330,0.0,1.481111921,210,31.2195122,32.85928031,0.0,128,0.0,0.243902439,1.0,1
131,atcoss/sugar/atcoss_sugar_03.wcnf.gz,0.579946364,0.271369081,2.094858013,0.0,0.0,3.38,381597,300,381897,39860,29.83763171,610,3,3.288594278,1.4181710790000002,11,3.382055895,1.3980512530000002,3.270186078,2,81.75285479,0.725177207,22.31241846,514
132,gen-hyper-tw/GenHyperTW_dubois24.wcnf.gz,0.536247473,0.149031718,1.16504513,0.0,0.0,3.18,865614,151,865765,380347,15.84113717,640,3,1.29114396,1.144216035,9,3.180935935,1.657439773,1.482149689,2,23.93583179,0.754383695,3.997862478,284
133,optic/gen_mult_4_5_33.wcnf.gz,0.0,0.0,0.0,0.0,0.0,43.19,58807,4754,63561,4754,1173.258309,3500,1,7.126759906,4.436782546,190,40.03618571,29.0873153,6.878675575,2,479.6583192,0.074872957,1.001051746,2
134,mbd/b14_C-mbd14-0277.wcnf.gz,0.423591128,0.426738353,1.324892803,0.0,0.0,2.47,29368,1851,31219,11949,6.6307640810000015,145,3,2.0072579,1.097077098,7,2.385726641,0.758248571,1.620628811,3,8.649566405,0.464813095,3.074985354,83
135,MaximumCommonSub-GraphExtraction/solved/g4_n24e34_n47e56_n92e122_n98e129.wcnf.gz,0.988121478,0.06733876700000001,0.08963501,0.0,0.0,2.69,124827,34,124861,1984,131.4768145,190,6,3.055988483,0.6393879379999999,37,2.6891183,0.800672791,3.151793683,9,313.417703,0.999255172,168.1854839,2693
136,treewidth-computation/TWComp_queen6_6_N36.wcnf.gz,0.57413929,0.160237649,1.445740211,0.0,0.0,3.21,114245,35,114280,18629,24.22808524,176,6,0.658091183,1.038682232,37,3.208102905,0.929191055,1.07491639,3,54.15191496,0.622287364,11.53078533,138
137,atcoss/sugar/atcoss_sugar_05.wcnf.gz,0.547961905,0.297957776,2.310007411,0.0,0.0,3.78,754789,300,755089,53465,37.26679136,612,3,3.4608485,1.584041071,11,3.774319319,1.469045241,3.438419005,2,157.4792946,0.648518254,32.50571402,520
138,ramsey/ram_k3_n10.ra0.wcnf.gz,0.0,0.0,0.0,0.481045693,0.655481774,0.0,0,330,330,45,45.0,45,45,0.0,0.655481774,6,4.909090909,1.443137079,0.0,36,0.0,0.636363636,28.0,28
139,extension-enforcement/extension-enforcement_non-strict_stb_200_0.05_1_10_0.wcnf.gz,0.639719626,0.209527358,1.056103663,0.217115032,0.197332819,2.74,148390,39900,188290,76190,105.5511222,968,2,0.938021094,1.069453853,201,2.371342079,6.3574444560000005,0.25002931300000003,2,38.70852070000001,0.998990918,5.359102244,779
140,min-fill/MinFill_R0_queen6_6.wcnf.gz,0.572334923,0.231149104,1.90880058,0.0,0.0,3.3,52800,340,53140,9036,30.99822931,281,8,2.755366034,1.400506651,8,3.280955965,1.4759094680000002,2.615172023,5,33.53005599,0.697308995,10.88258079,140
141,uaq/uaq-ppr-nr200-nc66-n5-k2-rpp6-ppr12-plb100.wcnf.gz,0.455950059,0.276460835,1.632658458,0.0,0.0,2.46,5217,150,5367,2046,13.48778104,131,1,1.912307294,1.440637065,20,2.415688467,2.113052193,1.839982,1,10.14828899,0.85504006,4.06744868,27
142,atcoss/sugar/atcoss_sugar_15.wcnf.gz,0.541762979,0.290900373,2.229441678,0.0,0.0,3.61,743965,300,744265,55429,38.16404770000001,612,2,3.4245380510000003,1.4885829780000002,11,3.610688397,1.387489908,3.5557657610000004,2,141.96728180000005,0.649262024,29.47188295,520
143,ramsey/ram_k3_n17.ra0.wcnf.gz,0.0,0.0,0.0,0.41573971,0.5297061989999999,0.0,0,3060,3060,136,136.0,136,136,0.0,0.5297061989999999,6,5.333333333,1.247219129,0.0,120,0.0,0.7777777779999999,105.0,105
144,xai-mindset2/bupa.wcnf.gz,0.506967969,0.191255968,0.536679447,0.0,0.0,3.74,400721,3936,404657,27115,128.406454,864,3,2.735316614,0.311342047,329,3.711266579,23.19003227,2.677215489,1,142.19087040000005,0.96816316,29.15758805,328
145,reversi/rev66-20.wcnf.gz,0.57810911,0.233505706,1.164151166,0.5,0.693147181,2.55,104712,72,104784,17372,42.15542252,144,3,3.323459239,0.703399577,47,2.553290579,2.419939678,2.327782441,4,20.49983897,0.910291648,11.38752015,103
146,close_solutions/SAT11__application__jarvisalo__smtqfbv-aigs__smtlib-qfbv-aigs-bin_libsmbsharemodes_vc5759-tseitin.cnf.wcnf.9.wcnf.gz,0.5714266929999999,0.369409503,1.418088417,0.474645214,0.6428750879999999,2.33,456351,164758,621109,164758,6.2314060620000005,2308,1,1.140822703,1.046183954,5,1.979647695,0.71398742,1.132423261,2,16.8743706,0.8074556959999999,5.28533971,2307
147,optic/gen_mult_4_5_991.wcnf.gz,0.0,0.0,0.0,0.0,0.0,46.46,2889,4754,7643,4754,370.0218763,1525,1,6.141423878,2.318021909,176,18.18317415,25.63378896,3.038406563,2,19.83280855,0.622661259,1.001051746,2
148,SeanSafarpour/spi2.dimacs.filtered.wcnf.gz,0.0,0.0,0.0,0.189372153,1.303227271,0.0,0,515813,515813,124251,7.787357847999999,254,2,1.946875486,0.649888741,4,2.711949873,0.470952746,1.867652033,2,26.90733455,0.602918112,6.30002173,331
149,MaxSATQueriesinInterpretableClassifiers/MLIC_maxsat_benchmarks/tictactoe_train_0_CNF_2_1.wcnf.gz,0.468840136,0.407152912,0.513667651,0.0,0.0,3.37,6788,915,7703,1511,23.554599600000003,433,3,1.28998013,0.911981067,10,3.0893158510000003,2.885511775,1.28998013,2,54.25844432,0.81513696,7.705493051,172
150,des/cnf.20.p.10.wcnf.gz,0.62334122,0.299140373,1.22470032,0.0,0.0,2.31,636592,7720,644312,142474,10.39615649,26,3,2.290475522,0.828101419,7,2.292169011,0.839997432,2.116015401,4,6.696283582,0.7819441509999999,6.919887137000001,26
151,gen-hyper-tw/GenHyperTW_flat30-99.wcnf.gz,0.542774471,0.128617433,1.029408308,0.0,0.0,2.96,2191365,300,2191665,1119405,12.36675466,802,3,0.964576434,1.058457981,10,2.96309655,1.499035278,1.186536702,2,21.02859858,0.8188021440000001,3.727364091,356
152,gen-hyper-tw/GenHyperTW_dubois23.wcnf.gz,0.5365604429999999,0.149767881,1.168184248,0.0,0.0,3.17,776658,142,776800,342244,15.64499012,613,3,1.322461016,1.143078063,9,3.166081359,1.649703306,1.5024833169999998,2,23.30522178,0.7577793509999999,4.003190706,272
153,ramsey/ram_k3_n12.ra0.wcnf.gz,0.0,0.0,0.0,0.461538462,0.61724177,0.0,0,715,715,66,66.0,66,66,0.0,0.61724177,6,5.076923077,1.384615385,0.0,55,0.0,0.692307692,45.0,45
154,scheduling/cnf_12_center.wcnf.gz,0.50083772,0.273279002,1.5175920530000002,0.474224418,0.642048294,2.51,767081,1707,768788,201204,20.22212282,1702,2,1.376457371,0.709795216,265,2.503659006,2.009534106,0.946309897,1,29.73887084,0.738139773,6.239816306,362
155,fault-diagnosis/s38584_nan_explicit_5_0.wcnf.gz,0.385478785,0.166024511,1.016792606,0.0,0.0,2.72,1061494,49770,1111264,157161,105.1877438,6781,1,3.724086425,0.815856343,326,2.638778904,6.684363836,2.552657027,1,78.46842046,0.8159006320000001,11.75273128,5946
156,des/cnf.17.p.10.wcnf.gz,0.623345214,0.299166366,1.22485957,0.0,0.0,2.31,507931,6160,514091,113692,10.39503219,26,3,2.290964465,0.8283198490000001,7,2.29213505,0.8400710659999999,2.116238947,4,6.6960113,0.781923823,6.918631037999999,26
157,SeanSafarpour/rsdecoder-problem.dimacs_41.filtered.wcnf.gz,0.0,0.0,0.0,0.182589713,1.301136384,0.0,0,3829036,3829036,1186705,6.11009223,1497,2,1.543636492,0.707273541,4,2.571283738,0.503352855,1.907609807,2,28.19523377,0.671511315,5.16751678,999
158,SeanSafarpour/wb_4m8s-problem.dimacs_47.filtered.wcnf.gz,0.0,0.0,0.0,0.173571267,1.286471097,0.0,0,8517027,8517027,2691008,5.969518485,753,1,1.856150421,0.725805157,3,2.551620066,0.5130533860000001,1.968877711,1,20.42302287,0.6936733909999999,5.246281319,721
159,uaq/uaq-ppr-nr200-nc66-n5-k2-rpp4-ppr12-plb100.wcnf.gz,0.456266625,0.276581153,1.642239139,0.0,0.0,2.46,5206,150,5356,2046,13.4516129,134,1,1.954651796,1.449496783,22,2.414488424,2.11955209,1.831400559,1,10.11738701,0.854742345,4.056695992,30
160,SeanSafarpour/wb_4m8s-problem.dimacs_49.filtered.wcnf.gz,0.0,0.0,0.0,0.173567793,1.28645841,0.0,0,8812799,8812799,2781876,5.974137596,753,1,1.860091451,0.7257887540000001,3,2.551621681,0.5130448910000001,1.973826298,1,20.45248218,0.693674847,5.251171152,721
161,extension-enforcement/extension-enforcement_non-strict_stb_150_0.1_2_8_2.wcnf.gz,0.6398252179999999,0.210216258,1.058917589,0.30020195,0.325415818,2.74,83070,22436,105506,42742,80.53156146,724,2,0.960195468,1.071810881,151,2.368775236,5.507972392,0.266645985,2,33.38156384,0.998654105,5.34551495,583
162,SeanSafarpour/SM_AS_TOP_buggy1.dimacs.filtered.wcnf.gz,0.0,0.0,0.0,0.176240743,1.225724845,0.0,0,694438,694438,145899,8.097540079,1025,1,1.76703341,0.58017183,4,2.758434878,0.440513149,1.4857163759999998,2,64.68869661,0.590928204,7.351229275,1355
163,xai-mindset2/liver-disorder.wcnf.gz,0.506967969,0.191255968,0.536679447,0.0,0.0,3.74,400721,3936,404657,27115,128.406454,864,3,2.7353473910000003,0.311342047,329,3.711266579,23.19003227,2.677215489,1,142.19087040000005,0.96816316,29.15758805,328
164,fault-diagnosis/s38584_nan_explicit_10_0.wcnf.gz,0.377444619,0.151644099,0.884358986,0.0,0.0,2.76,1359615,49770,1409385,169465,124.8359307,7858,1,3.66571557,0.703260089,1276,2.701324337,19.42775751,2.536990003,1,103.694107,0.8469183370000001,14.33954504,6900
165,aes/mul_8_9.wcnf.gz,0.0,0.0,0.0,0.0,0.0,54.71,65280,7840,73120,7840,800.4489796,3669,395,4.273023103,2.522335127,64,48.95448578,17.03423335,1.438749812,129,610.227565,0.107221007,1.0,1
166,treewidth-computation/TWComp_myciel5_N47.wcnf.gz,0.5739147179999999,0.15760475699999998,1.431599656,0.0,0.0,3.24,249803,46,249849,36283,27.31667723,231,6,0.6184782839999999,1.017441959,48,3.242498469,0.926803553,1.02941047,3,67.64088982,0.609476124,12.86938787,182
167,xai-mindset2/hepatitis.wcnf.gz,0.512739381,0.227569905,0.748353678,0.0,0.0,3.58,151491,2888,154379,17490,140.1365352,852,3,2.727057835,0.440031772,362,3.53577883,22.80851069,2.612513738,1,78.22290725,0.95288867,17.05580332,361
168,ramsey/ram_k4_n19.ra0.wcnf.gz,0.0,0.0,0.0,0.5,0.693147181,0.0,0,7752,7752,171,171.0,171,171,0.0,0.0,6,6.0,0.0,0.0,272,0.0,0.5,136.0,136
169,min-fill/MinFill_R0_queen8_8.wcnf.gz,0.580082807,0.218567934,1.980395075,0.0,0.0,3.64,211624,1288,212912,28608,45.90212528,505,8,2.730841473,1.354671163,8,3.627038401,1.488262021,2.629447757,5,53.4579218,0.621491508,13.40209032,252
170,optic/gen_mult_5_5_991.wcnf.gz,0.0,0.0,0.0,0.0,0.0,54.01,10704,14256,24960,14256,537.6317339999998,4751,1,6.647645388,2.633685367,185,23.73349359,30.65071866,4.006401491,2,46.90041945,0.5713541670000001,1.00035073,2
171,gen-hyper-tw/GenHyperTW_dubois30.wcnf.gz,0.532850276,0.149760722,1.19040823,0.0,0.0,3.34,1398189,178,1398367,573523,18.48961768,802,3,1.271281367,1.167855351,9,3.344454639,1.736109185,1.481746442,2,29.59612189,0.71028421,4.035632398,356
172,des/cnf.14.p.10.wcnf.gz,0.6233496070000001,0.299193087,1.225031343,0.0,0.0,2.31,415559,5040,420599,93028,10.39373092,26,3,2.291478488,0.82852703,7,2.292097699,0.840143477,2.116397185,4,6.695699932,0.7819086590000001,6.917347465,26
173,extension-enforcement/extension-enforcement_non-strict_stb_200_0.05_4_10_1.wcnf.gz,0.639719626,0.209527358,1.056103663,0.215915135,0.19562710100000005,2.74,148390,39900,188290,76190,105.5511222,968,2,0.938021094,1.069453853,201,2.371342079,6.3574444560000005,0.25002931300000003,2,38.70852070000001,0.998990918,5.359102244,779
174,maxcut/bipartite/maxcut-140-630-0.7-31.wcnf.gz,0.0,0.0,0.0,0.5,0.693147181,0.0,0,1260,1260,140,10.0,18,5,2.257062503,0.0,2,2.0,0.0,2.257062503,8,4.991421212,0.5,9.0,17
175,xai-mindset2/shuttleM.wcnf.gz,0.469001726,0.070086206,0.052498396,0.0,0.0,4.24,22317681,6910,22324591,76107,716.2526574,12868,3,2.63296884,0.039169674,692,4.2408812330000005,39.22680475,2.41471178,1,4340.178010000001,0.995329142,584.0751179,11487
176,optic/gen_mult_4_6_9999.wcnf.gz,0.0,0.0,0.0,0.0,0.0,74.5,159850,11561,171411,11561,2802.137099,7961,1,7.866449154,4.971243098,322,69.54313317,46.15073276,7.624159255,2,814.8287164,0.06749275099999999,1.000691982,2
177,min-fill/MinFill_R0_queen11_11.wcnf.gz,0.587556834,0.203565091,1.953288456,0.0,0.0,3.97,1203840,5280,1209120,117007,71.85182938,1081,9,2.883843025,1.218894093,9,3.955240175,1.494956896,2.732717105,5,92.69625033,0.5575575629999999,18.26018956,480
178,treewidth-computation/TWComp_eil51.tsp_N51.wcnf.gz,0.573887936,0.15695984300000002,1.427264256,0.0,0.0,3.25,316949,50,316999,44165,28.50168686,251,6,0.602692114,1.010014571,52,3.2537736710000003,0.925693159,1.010956635,3,72.59004953,0.605235348,13.38702593,198
179,MaximumCommonSub-GraphExtraction/solved/g6_n14e13_n14e21_n14e13_n14e13_n14e20_n18e28.wcnf.gz,0.925663562,0.15137766800000002,0.321184485,0.0,0.0,2.09,10955,13,10968,851,27.31022327,91,12,1.958054685,0.14231212699999998,17,2.086250912,0.922923411,1.758113399,11,6.487300695,0.993982495,25.83313749,78
180,gen-hyper-tw/GenHyperTW_par8-4-c.wcnf.gz,0.541070567,0.136921755,1.07206092,0.0,0.0,2.96,945213,205,945418,470143,12.99766879,595,3,1.098496022,1.077027635,33,2.9629105860000005,1.581965279,1.327417998,2,18.73734685,0.819735821,3.837655777,264
181,min-fill/MinFill_R3_miles750.wcnf.gz,0.592573915,0.20350665,1.954103059,0.0,0.0,3.95,1144940,5028,1149968,113181,69.57412463,1063,1,3.04097287,1.228500042,9,3.937620873,1.5013001380000002,2.993968111,1,91.17460302,0.566073143,18.2116433,472
182,reversi/rev66-30.wcnf.gz,0.578076237,0.233461943,1.164042482,0.5,0.693147181,2.55,157032,72,157104,26022,42.21097533,144,3,3.31720212,0.700615303,47,2.554002444,2.420265612,2.317944216,4,20.56781068,0.910250535,11.40050726,103
183,MaximumCommonSub-GraphExtraction/solved/g10_n13e12_n13e12_n14e13_n14e13_n14e13_n14e13_n14e13_n15e13_n15e14_n15e14.wcnf.gz,0.922318026,0.153522406,0.32619565300000003,0.0,0.0,2.08,17809,12,17821,1438,25.86369958,119,2,1.225724102,0.075243592,15,2.076707255,0.938611225,1.146195847,2,9.58865777,0.99388362,24.6759388,119
184,set-covering/crafted/scpcyc/scpcyc06_maxsat.wcnf.gz,0.0,0.0,0.0,0.496903995,0.686961577,0.0,0,432,432,192,16.0,16,16,0.0,0.686961577,4,2.666666667,1.490711985,0.0,6,0.0,0.444444444,1.0,1
185,optic/gen_mult_3_5_9999.wcnf.gz,0.0,0.0,0.0,0.0,0.0,24.61,6101,768,6869,768,303.7916667,556,1,5.426325127999999,3.62930723,75,21.97146601,12.20448862,5.620017845,2,129.7439078,0.112534576,1.006510417,2
186,atcoss/mesat/atcoss_mesat_10.wcnf.gz,0.5671988720000001,0.209799649,1.251319321,0.0,0.0,3.25,1078379,301,1078680,333864,12.44542089,2821,1,1.947106492,1.001396615,4,3.2475646160000005,1.004570433,1.4826480219999998,1,306.7365236,0.528484815,4.650615221,49343
187,treewidth-computation/TWComp_queen7_7_N49.wcnf.gz,0.5735510629999999,0.158392182,1.435358625,0.0,0.0,3.25,281488,48,281536,39542,28.23230995,241,6,0.618808345,1.012998971,50,3.249825955,0.926297472,1.037589435,3,70.61461902,0.605492726,13.26910627,190
188,xai-mindset2/hungarian.wcnf.gz,0.508062518,0.199652322,0.5832257710000001,0.0,0.0,3.71,354983,3960,358943,26903,127.03077720000002,856,3,2.729720589,0.338121723,331,3.67691249,22.97089719,2.652535987,1,125.0411066,0.964866288,26.0054269,330
189,hs-timetabling/GreeceWesternGreeceUniversityInstance4.xml.wcnf.gz,0.777305418,0.246446602,1.222274625,0.058066299,0.022623932000000003,2.4,553566,3547,557113,69783,16.96188183,50,3,2.677661783,0.6921802459999999,36,2.39500604,1.5236451480000002,2.497911498,2,17.38403471,0.946562008,16.98569852,62
190,mbd/b14_C-mbd14-0337.wcnf.gz,0.423701276,0.426824188,1.325109994,0.0,0.0,2.47,29368,1851,31219,11949,6.6307640810000015,145,3,2.0072579,1.097077098,7,2.385726641,0.758248571,1.620628811,3,8.649566405,0.464813095,3.074985354,83
191,MaxSATQueriesinInterpretableClassifiers/MLIC_maxsat_benchmarks/wdbc_train_0_DNF_5_1.wcnf.gz,0.5268022179999999,0.24723655100000005,0.241583651,0.0,0.0,3.55,27445,951,28396,1901,91.3419253,583,6,2.197126438,0.401517063,28,3.46284688,6.01743547,2.185617399,2,73.73755376,0.936786871,27.48605997,182
192,MaxSATQueriesinInterpretableClassifiers/wcnf_gz/credit_train_1_CNF_5_1.wcnf.gz,0.845143827,0.159687046,0.121222114,0.0,0.0,2.3,1943317,27549,1970866,132684,42.66131561,19470,2,0.657390379,0.210603696,19,2.286259441,2.116905442,0.656096913,2,436.3934262,0.974180386,28.7329972,15370
193,maxcut/dimacs_mod/brock400_2.clq.wcnf.gz,0.0,0.0,0.0,0.0,0.0,2.0,20014,400,20414,400,101.07,126,72,3.435619436,0.096456351,2,1.980405604,0.138601788,3.435619436,72,8.087341961,0.019594396,1.0,1
194,fault-diagnosis/s38584_nan_explicit_9_0.wcnf.gz,0.388458629,0.171700811,1.065342735,0.0,0.0,2.69,910439,49770,960209,147615,100.7723809,5870,1,3.709835079,0.864235649,316,2.600476563,5.473604532,2.49464204,1,72.87072793,0.795971502,10.54318328,5103
195,causal-discovery/causal_n7_i4_N500_uai14_constant_int.wcnf.gz,0.505193334,0.111572577,0.931976601,0.440473677,0.576575907,2.44,145238,672,145910,40290,10.36664185,110,3,2.299038908,0.820735625,6,2.410664108,0.89791833,1.741119899,3,10.24586961,0.917620451,7.473914122999999,137
196,xai-mindset2/heart-h.wcnf.gz,0.508062518,0.199652322,0.5832257710000001,0.0,0.0,3.71,354983,3960,358943,26903,127.03077720000002,856,3,2.72944557,0.338121723,331,3.67691249,22.97089719,2.652535987,1,125.0411066,0.964866288,26.0054269,330
197,extension-enforcement/extension-enforcement_non-strict_stb_200_0.05_1_10_2.wcnf.gz,0.639719626,0.209527358,1.056103663,0.217218985,0.197480808,2.74,148390,39900,188290,76190,105.5511222,968,2,0.938021094,1.069453853,201,2.371342079,6.3574444560000005,0.25002931300000003,2,38.70852070000001,0.998990918,5.359102244,779
198,maxclique/structured/brock400_3.clq.wcnf.gz,0.0,0.0,0.0,0.0,0.0,2.0,20119,400,20519,400,101.595,125,78,3.486343502,0.096063765,2,1.980505873,0.138253775,3.486343502,78,8.242328251,0.019494127,1.0,1
199,gen-hyper-tw/GenHyperTW_aim-50-1_6-no-3.wcnf.gz,0.534488124,0.164388684,1.252770568,0.0,0.0,3.19,263850,76,263926,109701,16.61001267,393,3,1.664339945,1.162822351,8,3.190576146,1.622123463,1.733844402,2,20.90571537,0.738563082,4.14286105,196
200,uaq/uaq-ppr-nr200-nc66-n5-k2-rpp4-ppr14-plb100.wcnf.gz,0.445740039,0.268883752,1.578686926,0.0,0.0,2.49,5605,150,5755,2046,15.94916911,151,1,1.970501179,1.4028625680000002,22,2.455082537,2.335133349,1.847917788,1,11.28803539,0.8648132059999999,4.446725318,32
201,aes-key-recovery/AES2-70-62.wcnf.gz,0.507464441,0.197542835,1.180350745,0.0,0.0,5.48,372240,188,372428,21368,18.27817297,151,3,2.68209294,0.59227955,8,5.482584553,1.299494614,2.831281373,4,60.85470106,0.297778363,22.81926245,283
202,reversi/rev66-14.wcnf.gz,0.578151368,0.233561901,1.164290093,0.5,0.693147181,2.55,73320,72,73392,12182,42.08422262,144,3,3.3305017460000004,0.706753428,47,2.552376281,2.419520687,2.339131347,4,20.41236668,0.910344452,11.37087506,103
203,close_solutions/SAT04__industrial__velev__pipe-sat-1-1__12pipe_bug4_q0.used-as.sat04-723.cnf.wcnf.8.wcnf.gz,0.649796333,0.203961256,0.857661612,0.305414472,0.334039575,2.97,4675041,138563,4813604,138563,163.9106616,13364,3,3.92037972,0.677492843,352,2.914169508,8.704086594,3.671218037,3,444.8590676,0.960609971,70.07656445,7251
204,atcoss/mesat/atcoss_mesat_04.wcnf.gz,0.56344824,0.213564357,1.314050895,0.0,0.0,3.29,1514824,301,1515125,450890,13.24497771,3744,1,1.981963466,0.983369084,4,3.293680059,0.988945927,1.410502088,1,380.9790258,0.513838792,4.804012065,75754
205,reversi/rev66-18.wcnf.gz,0.5781200670000001,0.233520283,1.16418727,0.5,0.693147181,2.55,94248,72,94320,15642,42.13693901,144,3,3.3253789730000003,0.704290098,47,2.553053435,2.419831044,2.330846256,4,20.4771697,0.910305344,11.38319908,103
206,reversi/rev66-28.wcnf.gz,0.578080933,0.233468198,1.164058043,0.5,0.693147181,2.55,146568,72,146640,24292,42.2030298,144,3,3.318148794,0.701025082,47,2.553900709,2.420219047,2.3194183999999995,4,20.55810373,0.91025641,11.39864976,103
207,uaq/uaq-ppr-nr200-nc66-n5-k2-rpp4-ppr9-plb100.wcnf.gz,0.4755225770000001,0.28825458800000003,1.729413137,0.0,0.0,2.39,4629,150,4779,2046,9.870967742000001,94,1,1.897001651,1.507031716,18,2.343795773,1.801405112,1.796948549,1,8.490641689,0.8372044359999999,3.492668622,24
208,atcoss/mesat/atcoss_mesat_02.wcnf.gz,0.5666799339999999,0.211358738,1.260207781,0.0,0.0,3.23,1020982,301,1021283,322127,12.20403443,2712,1,1.94076357,1.0110580059999998,4,3.232863956,1.008975485,1.479804545,1,292.3134309,0.532201163,4.568486963,46203
209,gen-hyper-tw/GenHyperTW_uf20-050.wcnf.gz,0.547593646,0.125265795,0.887049502,0.0,0.0,2.46,75314,91,75405,46941,8.025457488999999,134,3,1.142536655,0.7987534759999999,23,2.462475963,1.147633307,1.267813789,2,5.092465866,0.957244215,3.56470889,76
210,logic-synthesis/normalized-test4.pi.opb.msat.wcnf.gz,0.0,0.0,0.0,0.0,0.0,76.07,1437,6139,7576,6139,513.5678449,1410,29,6.49642446,1.385427284,172,15.23983633,32.14203648,3.4355237510000003,2,7.809234403,0.81032207,1.0,1
211,gen-hyper-tw/GenHyperTW_par8-5-c.wcnf.gz,0.540572937,0.135610192,1.070477499,0.0,0.0,3.0,1251354,241,1251595,615316,13.61376268,667,3,0.963054605,1.084862836,48,2.999726749,1.631872644,1.280042451,2,20.21776581,0.811497329,3.84865825,296
212,reversi/rev66-26.wcnf.gz,0.578086352,0.233475414,1.164075983,0.5,0.693147181,2.55,136104,72,136176,22562,42.19386579,144,3,3.319217175,0.701492434,47,2.553783339,2.420165319,2.321088193,4,20.54690203,0.910263189,11.3965074,103
213,maxclique/structured/brock800_3.clq.wcnf.gz,0.0,0.0,0.0,0.0,0.0,2.0,112267,800,113067,800,281.6675,326,242,3.961709954,0.042081796,2,1.992924549,0.083817593,3.961709954,242,13.59676225,0.007075451,1.0,1
214,gen-hyper-tw/GenHyperTW_dubois20.wcnf.gz,0.5338642229999999,0.154438412,1.193850398,0.0,0.0,3.22,473664,120,473784,203310,16.44406079,473,3,1.218400961,1.150439542,9,3.2163433130000003,1.645393513,1.505912536,2,22.40900551,0.7413504890000001,4.036004132,236
215,min-fill/MinFill_R0_myciel6.wcnf.gz,0.585928373,0.207137883,1.964789914,0.0,0.0,3.91,698520,3710,702230,72105,62.62304972,847,9,2.925318415,1.251270048,9,3.893653077,1.51608158,2.921817777,5,81.77412112,0.5797302879999999,17.70293322,376
216,set-covering/crafted/scpcyc/scpcyc11_maxsat.wcnf.gz,0.0,0.0,0.0,0.451753951,0.5982695889999999,0.0,0,39424,39424,11264,31.0,31,31,0.0,0.5982695889999999,4,3.142857143,1.355261854,0.0,11,0.0,0.28571428600000004,1.0,1
217,uaq/uaq-ppr-nr200-nc66-n5-k2-rpp4-ppr7-plb100.wcnf.gz,0.490262659,0.295806074,1.76495037,0.0,0.0,2.34,4283,150,4433,2046,7.588465297999999,72,1,1.839572438,1.52142399,18,2.292578389,1.573345961,1.773567348,1,7.512934626,0.8244980829999999,3.154447703,26
218,optic/gen_mult_4_5_399.wcnf.gz,0.0,0.0,0.0,0.0,0.0,29.58,38087,4754,42841,4754,744.4291122999998,3124,1,6.792033769,4.112126663,176,26.40813706,23.07351662,6.216300658,2,191.2469702,0.11113186,1.001472444,2
219,ramsey/ram_k3_n15.ra0.wcnf.gz,0.0,0.0,0.0,0.433012702,0.562335145,0.0,0,1820,1820,105,105.0,105,105,0.0,0.562335145,6,5.25,1.299038106,0.0,91,0.0,0.75,78.0,78
220,ramsey/ram_k3_n16.ra0.wcnf.gz,0.0,0.0,0.0,0.424182503,0.545594574,0.0,0,2380,2380,120,120.0,120,120,0.0,0.545594574,6,5.294117647,1.272547509,0.0,105,0.0,0.764705882,91.0,91
221,xai-mindset2/cleveland-nominal.wcnf.gz,0.387923279,0.3625812570000001,1.307119903,0.0,0.0,3.88,62792,1768,64560,11577,19.50980392,112,4,2.498068418,1.011912868,18,3.797939901,4.681218118,2.593053997,3,34.10635446,0.8040117720000001,9.14580634,80
222,bcp/fir/normalized-fir08_area_opers.wcnf.gz,0.528702051,0.098822347,0.686056755,0.0,0.0,2.57,469077,101248,570325,203287,75.22215882,9092,1,2.326630368,1.030807333,1023,2.291886205,4.98478212,1.111242075,2,47.08189308,0.996517775,5.922356077999999,7676
223,aes/mul_8_14.wcnf.gz,0.0,0.0,0.0,0.0,0.0,78.31,65280,14300,79580,14300,1323.627133,6009,799,4.642501257,2.516265561,93,64.41452626,29.88951121,1.324192452,129,432.3601543,0.17969339,1.0,1
224,uaq/uaq-ppr-nr200-nc66-n5-k2-rpp6-ppr8-plb100.wcnf.gz,0.47672933,0.28957602600000004,1.692166368,0.0,0.0,2.38,4598,150,4748,2046,9.277614858,96,1,1.744785079,1.46930081,16,2.339511373,1.715845406,1.818736107,1,8.383734888,0.8361415329999999,3.462365591,28
225,des/cnf.16.p.8.wcnf.gz,0.623354056,0.29917834600000004,1.224921922,0.0,0.0,2.31,465054,5640,470694,104098,10.39451286,26,3,2.291264294,0.828404804,7,2.292113348,0.8400959729999999,2.116305694,4,6.6958158060000015,0.7819198890000001,6.918259717000001,26
226,uaq/uaq-ppr-nr200-nc66-n5-k2-rpp6-ppr10-plb100.wcnf.gz,0.466553624,0.283504654,1.6741453819999998,0.0,0.0,2.42,4877,150,5027,2046,11.17790811,112,1,1.845404591,1.465917158,18,2.376168689,1.902730389,1.847660917,1,9.127516622,0.845235727,3.735092864,30
227,ramsey/ram_k3_n11.ra0.wcnf.gz,0.0,0.0,0.0,0.471404521,0.6365141679999999,0.0,0,495,495,55,55.0,55,55,0.0,0.6365141679999999,6,5.0,1.4142135619999998,0.0,45,0.0,0.666666667,36.0,36
228,optic/gen_cvc-add7to3_9999.wcnf.gz,0.0,0.0,0.0,0.0,0.0,16.15,9737,1220,10957,1220,188.4163934,534,1,1.104206487,2.489334829,35,14.46353929,7.0628586460000005,1.303773354,2,187.5574941,0.111526878,1.001639344,2
229,extension-enforcement/extension-enforcement_non-strict_stb_200_0.05_4_10_4.wcnf.gz,0.639719626,0.209527358,1.056103663,0.216228941,0.196072755,2.74,148390,39900,188290,76190,105.5511222,968,2,0.938021094,1.069453853,201,2.371342079,6.3574444560000005,0.25002931300000003,2,38.70852070000001,0.998990918,5.359102244,779
230,des/cnf.20.p.8.wcnf.gz,0.623355171,0.2991645,1.224782291,0.0,0.0,2.31,557436,6760,564196,124762,10.39584168,26,3,2.290982455,0.828364661,7,2.292139611,0.840067184,2.116429513,4,6.696046311,0.781905579,6.919029833,26
231,xai-mindset2/cleveland.wcnf.gz,0.33674423600000003,0.240225536,0.7993819609999999,0.0,0.0,5.4,327600,7128,334728,41362,156.4075238,963,3,2.809802854,0.486356756,397,5.308617743,35.48991503,2.659758069,1,111.77675759999998,0.946030807,15.54117306,397
232,maxclique/structured/sanr400_0.5.clq.wcnf.gz,0.0,0.0,0.0,0.0,0.0,2.0,39816,400,40216,400,200.08,239,167,3.657747434,0.055754585,2,1.99005371,0.099233872,3.657747434,167,10.51468497,0.00994629,1.0,1
233,mbd/b21_C-mbd14-0218.wcnf.gz,0.421447609,0.431546408,1.283506656,0.0,0.0,2.47,60054,3619,63673,24168,6.679576299,198,3,2.011686689,1.09264666,7,2.390259608,0.755459963,1.602723789,3,8.723789782999999,0.455829001,3.069885799,98
234,uaq/uaq-ppr-nr200-nc66-n5-k2-rpp6-ppr9-plb100.wcnf.gz,0.47165493,0.286641031,1.685683096,0.0,0.0,2.4,4732,150,4882,2046,10.1886608,99,1,1.806805052,1.470002629,17,2.357640311,1.804879817,1.845927639,1,8.797083016,0.840639082,3.593352884,28
235,MaximumCommonSub-GraphExtraction/solved/g3_n43e49_n45e51_n47e60.wcnf.gz,0.96835292,0.112976284,0.205176227,0.0,0.0,2.54,26412,49,26461,1055,55.1478673,81,3,3.334666112,0.733061576,18,2.535845206,0.7939353570000001,3.241407503,5,53.02812087,0.995653981,62.49763033,360
236,gen-hyper-tw/GenHyperTW_grid3d_5.wcnf.gz,0.525062111,0.181764616,1.380471719,0.0,0.0,3.62,333261,62,333323,100988,28.02631996,497,3,1.90642446,1.234949187,8,3.619207195,1.7999079880000002,2.053389934,2,31.82552292,0.618235165,4.796045075,248
237,railway-transport/pesp_18Min.wcnf.gz,0.38775343,0.147263327,1.579696185,0.0,0.0,3.95,2595539,11670,2607209,41287,265.1556907,2338,2,4.773088051,1.079081842,5,3.941265545,0.733419563,5.4952683439999985,2,198.6576056,0.08138588,13.33022501,281
238,MaxSATQueriesinInterpretableClassifiers/wcnf_gz/ionosphere_train_2_DNF_3_1.wcnf.gz,0.7643034590000001,0.16014471800000002,0.121780295,0.0,0.0,2.55,20539,747,21286,1353,86.29046563,426,4,2.666905567,0.286324027,34,2.493516866,4.017172836,2.590211823,2,47.68480967,0.974584234,30.11308204,203
239,maxclique/structured/brock200_1.clq.wcnf.gz,0.0,0.0,0.0,0.5,0.693147181,0.0,0,1132,1132,40,29.3,35,24,2.226276035,0.0,2,2.0,0.0,2.226276035,46,5.3888774339999985,0.5,28.3,34
240,extension-enforcement/extension-enforcement_non-strict_stb_150_0.05_2_8_4.wcnf.gz,0.6398252179999999,0.210216258,1.058917589,0.218239192,0.198934989,2.74,83070,22436,105506,42742,80.53156146,724,2,0.960195468,1.071810881,151,2.368775236,5.507972392,0.266645985,2,33.38156384,0.998654105,5.34551495,583
241,SeanSafarpour/SM_MAIN_MEM_buggy1.dimacs.filtered.wcnf.gz,0.0,0.0,0.0,0.190459245,1.285560102,0.0,0,3812147,3812147,870975,7.866922702,3427,1,1.898604372,0.600288439,4,2.739995336,0.451066623,1.746690298,1,76.83252718,0.582781042,6.585969747,3604
242,fault-diagnosis/s38584_nan_explicit_14_0.wcnf.gz,0.385048436,0.166979854,1.011742715,0.0,0.0,2.71,955301,49770,1005071,146219,105.9899124,6080,1,3.729700241,0.819163621,324,2.62153022,6.647363294,2.451163733,1,76.7350612,0.8071847659999999,11.27622949,5290
243,bcp/syn/normalized-C499.b.wcnf.gz,0.017693737,0.027430584,3.205727527,0.0,0.0,56.04,19026,5039,24065,5039,733.1024012999999,1914,67,6.594904578,3.06462873,360,44.51660087,36.62680634,4.973900769,3,236.2421627,0.209391232,1.0,1
244,close_solutions/SAT11__application__manthey__traffic__traffic_3_uc_sat.cnf.wcnf.8.wcnf.gz,0.500013271,0.108795096,0.805481749,0.499123808,0.691395309,3.47,1312353,142205,1454558,142205,52.78741957,999,5,4.49842453,1.145406064,4,3.231982499,1.018195936,3.845570636,5,36.32777754,0.325069196,6.6872965089999985,292
245,min-fill/MinFill_R0_queen8_12.wcnf.gz,0.5852252410000001,0.208640167,1.97487661,0.0,0.0,3.82,661656,3192,664848,73632,59.95534549999999,856,9,2.918906952,1.291700446,9,3.806584362,1.5412607719999998,2.784224548,5,75.03296513,0.589531743,16.08736691,380
246,close_solutions/SAT11__application__fuhs__AProVE11__AProVE11-09.cnf.wcnf.2.wcnf.gz,0.5089894189999999,0.206755528,1.3778542480000002,0.484969946,0.66323951,2.6,234694,68779,303473,68779,9.641591183,2497,4,1.969501619,1.16390095,383,2.239069044,1.111917891,2.098354556,3,17.74050447,0.721714947,6.231044359,2497
247,aes-key-recovery/AES1-76-36.wcnf.gz,0.507464441,0.197542835,1.180350745,0.0,0.0,5.48,372240,163,372403,21368,18.27817297,151,3,2.68209294,0.591805017,8,5.482885476,1.299019096,2.828930226,4,60.85284029999999,0.297731221,22.81809247,283
248,xai-mindset2/colic.wcnf.gz,0.514809559,0.185360269,0.517188554,0.0,0.0,3.69,636466,5810,642276,40724,156.7062666,1062,3,2.839519703,0.296122034,416,3.667807921,25.77856077,2.743696025,1,150.1259787,0.970353867,30.8698065,415
249,close_solutions/SAT04__industrial__velev__pipe-sat-1-1__12pipe_bug4_q0.used-as.sat04-723.cnf.wcnf.1.wcnf.gz,0.649796545,0.203960916,0.8576604409999999,0.305414472,0.334039575,2.97,4675041,138563,4813604,138563,163.91053169999995,13364,3,3.920316516,0.677491002,352,2.914168885,8.704086552,3.671163272,3,444.8590707,0.960610179,70.07657888,7251
250,mbd/b14_C-mbd14-0388.wcnf.gz,0.423412136,0.426598464,1.324538922,0.0,0.0,2.47,29368,1851,31219,11949,6.6307640810000015,145,3,2.0072579,1.097077098,7,2.385726641,0.758248571,1.620628811,3,8.649566405,0.464813095,3.074985354,83
251,maxcut/dimacs_mod/brock200_1.clq.wcnf.gz,0.0,0.0,0.0,0.0,0.0,2.0,5066,200,5266,200,51.66,70,35,3.074812586,0.161468824,2,1.962020509,0.19114667,3.074812586,35,5.856142075,0.037979491,1.0,1
252,bcp/hipp-yRa1/su/SU3__simp-genos.haps.80.wcnf.gz,0.291916025,0.224828672,1.264461616,0.0,0.0,2.56,196034,180,196214,8107,66.60922659,263,4,4.954578627,0.708030594,71,2.559124222,0.7719247220000001,4.599579575,1,52.74884625,0.27102041600000004,15.46786728,107
253,uaq/uaq-plb-nr250-nc83-n5-k2-rpp3-ppr5-plb90.wcnf.gz,0.6327765360000001,0.302975649,1.08350742,0.0,0.0,1.87,4071,210,4281,2050,5.624390244,56,1,1.3992468669999998,1.009805357,11,1.825040878,1.194861264,1.256742211,1,5.780030465,0.929922915,3.005853659,30
254,atcoss/mesat/atcoss_mesat_15.wcnf.gz,0.564756751,0.211758396,1.303467291,0.0,0.0,3.31,1600126,301,1600427,465243,13.56699402,3896,1,1.992888467,0.970930067,4,3.310860789,0.9827332,1.4190425080000002,1,397.30308439999993,0.511096726,4.933516463,80872
255,set-covering/crafted/scpcyc/scpcyc10_maxsat.wcnf.gz,0.0,0.0,0.0,0.461538462,0.61724177,0.0,0,16640,16640,5120,28.0,28,28,0.0,0.61724177,4,3.076923077,1.384615385,0.0,10,0.0,0.307692308,1.0,1
256,aes-key-recovery/AES1-76-38.wcnf.gz,0.507464441,0.197542835,1.180350745,0.0,0.0,5.48,372240,158,372398,21368,18.27817297,151,3,2.68209294,0.591708915,8,5.482945666,1.298923956,2.82825022,4,60.85485463,0.297721792,22.81785848,283
257,close_solutions/SAT04__industrial__velev__pipe-sat-1-1__12pipe_bug6_q0.used-as.sat04-725.cnf.wcnf.3.wcnf.gz,0.64974019,0.204166583,0.859007973,0.17547339399999998,0.140952374,2.97,4671353,138795,4810148,138795,163.66260309999996,13241,3,3.907814156,0.678335554,352,2.914005141,8.670960867,3.66357472,3,443.73831,0.960475852,69.90333946,7131
258,extension-enforcement/extension-enforcement_non-strict_stb_200_0.05_2_10_2.wcnf.gz,0.639719626,0.209527358,1.056103663,0.221327779,0.203357238,2.74,148390,39900,188290,76190,105.5511222,968,2,0.938021094,1.069453853,201,2.371342079,6.3574444560000005,0.25002931300000003,2,38.70852070000001,0.998990918,5.359102244,779
259,uaq/uaq-ppr-nr200-nc66-n5-k2-rpp6-ppr11-plb100.wcnf.gz,0.461187958,0.280068776,1.654808711,0.0,0.0,2.44,5042,150,5192,2046,12.30791789,125,1,1.877567729,1.45470357,20,2.395993837,2.00114743,1.852118881,1,9.698607048,0.850154083,3.896383187,33
260,uaq/uaq-ppr-nr200-nc66-n5-k2-rpp6-ppr5-plb100.wcnf.gz,0.487174466,0.295157308,1.676223548,0.0,0.0,2.35,4350,150,4500,2046,7.597262952,80,1,1.645102956,1.439789184,11,2.303111111,1.5407470369999998,1.731559855,1,7.75407766,0.8271111109999999,3.219941349,29
261,fault-diagnosis/s38584_nan_explicit_6_0.wcnf.gz,0.38572938,0.168531475,1.042750435,0.0,0.0,2.7,964175,49770,1013945,148746,104.3927097,6239,1,3.718496954,0.8478766179999999,316,2.618703184,5.494343662,2.56452629,1,75.6279381,0.806462875,11.18621005,5435
262,extension-enforcement/extension-enforcement_non-strict_stb_200_0.05_4_10_3.wcnf.gz,0.639719626,0.209527358,1.056103663,0.215967475,0.19570141,2.74,148390,39900,188290,76190,105.5511222,968,2,0.938021094,1.069453853,201,2.371342079,6.3574444560000005,0.25002931300000003,2,38.70852070000001,0.998990918,5.359102244,779
263,gen-hyper-tw/GenHyperTW_aim-50-2_0-no-3.wcnf.gz,0.536935232,0.156506874,1.172855528,0.0,0.0,3.06,302624,98,302722,137473,14.42860053,393,3,1.412589347,1.120494294,8,3.0576238260000004,1.5478792890000002,1.596900356,2,18.28017176,0.7810730640000001,4.009863755,196
264,gen-hyper-tw/GenHyperTW_dubois28.wcnf.gz,0.534013306,0.149461799,1.18248215,0.0,0.0,3.29,1206528,170,1206698,506480,17.57412336,748,3,1.269530603,1.16097475,9,3.2899200960000003,1.711463664,1.47578324,2,27.66607913,0.725074542,4.025031591,332
265,gen-hyper-tw/GenHyperTW_grid4d_3.wcnf.gz,0.529592062,0.189852199,1.360823752,0.0,0.0,3.25,118609,40,118649,42065,19.71598716,321,3,2.130822492,1.231286878,9,3.245075812,1.665323839,2.100972641,2,21.31666799,0.713566907,4.711589207,160
266,maxcut/dimacs_mod/keller5.clq.wcnf.gz,0.0,0.0,0.0,0.5,0.693147181,0.0,0,1230,1230,41,31.0,36,26,2.187284377,0.0,2,2.0,0.0,2.187284377,50,4.653873288,0.5,30.0,35
267,ramsey/ram_k3_n20.ra0.wcnf.gz,0.0,0.0,0.0,0.392676726,0.486912709,0.0,0,5985,5985,190,190.0,190,190,0.0,0.486912709,6,5.428571429,1.178030179,0.0,171,0.0,0.80952381,153.0,153
268,optic/gen_mult_4_6_991.wcnf.gz,0.0,0.0,0.0,0.0,0.0,105.15,6322,11561,17883,11561,1116.624427,4010,1,7.081646588,2.464498648,316,37.81792764,56.18741017,3.094215855,2,36.71198625,0.646759492,1.000432489,2
269,close_solutions/SAT11__application__manthey__traffic__traffic_3_uc_sat.cnf.wcnf.9.wcnf.gz,0.50001338,0.108794999,0.8054803,0.499123808,0.691395309,3.47,1312353,142205,1454558,142205,52.78739144,999,5,4.4984101910000005,1.145406338,4,3.231981812,1.01819643,3.845556917,5,36.32777551,0.325069884,6.687310573,292
270,aes-key-recovery/AES2-72-67.wcnf.gz,0.507464441,0.197542835,1.180350745,0.0,0.0,5.48,372240,181,372421,21368,18.27817297,151,3,2.68209294,0.5921476410000001,8,5.482668808,1.2993615,2.8303758130000003,4,60.85498514,0.297765164,22.81893486,283
271,ramsey/ram_k3_n19.ra0.wcnf.gz,0.0,0.0,0.0,0.4,0.500402424,0.0,0,4845,4845,171,171.0,171,171,0.0,0.500402424,6,5.4,1.2,0.0,153,0.0,0.8,136.0,136
272,aes-key-recovery/AES1-74-32.wcnf.gz,0.507464441,0.197542835,1.180350745,0.0,0.0,5.48,372240,182,372422,21368,18.27817297,151,3,2.68209294,0.59216653,8,5.482656771,1.299380518,2.830161618,4,60.85682842,0.297767049,22.81898165,283
273,maxclique/structured/p_hat700-3.clq.wcnf.gz,0.0,0.0,0.0,0.0,0.0,2.0,61640,700,62340,700,177.11428569999995,292,73,5.135252494,0.061574429000000014,2,1.988771254,0.105369165,5.135252494,73,53.32941907,0.011228746,1.0,1
274,causal-discovery/causal_n7_i4_N1000_uai14_constant_int.wcnf.gz,0.505193334,0.111572577,0.931976601,0.440473677,0.576575907,2.44,145238,672,145910,40290,10.36664185,110,3,2.299038908,0.820735625,6,2.410664108,0.89791833,1.741119899,3,10.24586961,0.917620451,7.473914122999999,137
275,close_solutions/SAT11__application__manthey__traffic__traffic_r_sat.cnf.wcnf.4.wcnf.gz,0.500003661,0.065685432,0.437936074,0.463457281,0.620978934,3.82,3362667,98651,3461318,98651,163.40277340000003,1464,6,5.820257347,0.60848973,5,3.737315381,0.666063891,5.5091393260000014,4,178.3225802,0.114179339,8.736029032000001,695
276,maxclique/structured/sanr200_0.9.clq.wcnf.gz,0.0,0.0,0.0,0.0,0.0,2.0,2037,200,2237,200,21.37,34,11,2.842842505,0.301160098,2,1.910594546,0.285328089,2.842842505,11,4.4612890510000005,0.08940545400000001,1.0,1
277,MaxSATQueriesinInterpretableClassifiers/MLIC_maxsat_benchmarks/toms_train_1_DNF_2_1.wcnf.gz,0.482773049,0.16038166,0.122069604,0.0,0.0,4.03,1610617,27180,1637797,43514,255.1106311,20720,3,1.455888551,0.21722458600000005,97,3.98294233,13.62247729,1.452609793,2,1101.123312,0.974018148,72.69632762,5590
278,MaximumCommonSub-GraphExtraction/solved/g2_n38e52_n41e47.wcnf.gz,0.967655843,0.117778997,0.21964685,0.0,0.0,2.58,12184,52,12236,495,54.35353535,77,2,2.880989362,0.7438245659999999,14,2.576495587,0.7383950220000001,2.9556015610000004,3,31.67339925,0.99419745,62.52525253,169
279,extension-enforcement/extension-enforcement_non-strict_stb_200_0.05_3_10_4.wcnf.gz,0.639719626,0.209527358,1.056103663,0.215758021,0.195404092,2.74,148390,39900,188290,76190,105.5511222,968,2,0.938021094,1.069453853,201,2.371342079,6.3574444560000005,0.25002931300000003,2,38.70852070000001,0.998990918,5.359102244,779
280,optic/gen_square_5_9999.wcnf.gz,0.0,0.0,0.0,0.0,0.0,83.38,76883,1742,78625,1742,1226.292767,1616,1,6.157195174,4.988895371,235,81.5507027,38.85959662,7.0243619310000005,2,2688.554236,0.022244833,1.00401837,2
281,fault-diagnosis/s38584_nan_explicit_8_0.wcnf.gz,0.384123293,0.166762488,1.016961981,0.0,0.0,2.71,1017955,49770,1067725,150835,107.3211854,6642,1,3.714967301,0.82337894,350,2.633854223,6.771717685,2.562074478,1,78.65214913,0.815321361,11.73670567,5766
282,causal-discovery/causal_n7_i6_N500_uai14_harddeps_int.wcnf.gz,0.5045364999999999,0.11509673,0.950431793,0.0,0.0,2.44,145700,210,145910,40290,10.36664185,110,3,2.299038908,0.820735625,6,2.410664108,0.89791833,1.741119899,3,10.24586961,0.917620451,7.473914122999999,137
283,set-covering/crafted/scpcyc/scpcyc07_maxsat.wcnf.gz,0.0,0.0,0.0,0.489897949,0.673011667,0.0,0,1120,1120,448,19.0,19,19,0.0,0.673011667,4,2.8,1.469693846,0.0,7,0.0,0.4,1.0,1
284,atcoss/mesat/atcoss_mesat_03.wcnf.gz,0.565576978,0.214992673,1.278312683,0.0,0.0,3.2,969354,301,969655,321140,11.58857196,2712,1,1.923286106,1.035653998,4,3.194640362,1.018894138,1.459047611,1,283.1497695,0.541710196,4.362558386,46203
285,MaxSATQueriesinInterpretableClassifiers/wcnf_gz/parkinsons_train_8_DNF_3_1.wcnf.gz,0.831092596,0.168658485,0.132315937,0.0,0.0,2.34,9043,330,9373,729,43.51028807,210,4,1.906936421,0.29965647300000003,23,2.288914969,2.493812213,1.893373306,2,31.03793448,0.971727302,24.53497942,133
286,set-covering/crafted/scpclr/scpclr12_maxsat.wcnf.gz,0.0,0.0,0.0,0.395991601,0.493007238,0.0,0,2542,2542,495,495.0,495,495,0.0,1.642307577,330,49.85051141,46.817914,0.0,256,0.0,0.19472856,1.0,1
287,min-fill/MinFill_R0_queen9_9.wcnf.gz,0.583315754,0.21279707,1.979671914,0.0,0.0,3.71,429552,2184,431736,52407,52.75858187,721,9,2.893592199,1.3345530559999998,9,3.694202012,1.5660243719999998,2.717598727,5,64.39091544,0.615711917,14.85154655,320
288,close_solutions/SAT11__application__fuhs__AProVE11__AProVE11-09.cnf.wcnf.3.wcnf.gz,0.508990194,0.206752913,1.377841555,0.484969946,0.66323951,2.6,234694,68779,303473,68779,9.641765655,2497,4,1.969636901,1.1639085340000002,383,2.23907893,1.11192021,2.098507824,3,17.74049206,0.7217116509999999,6.23102982,2497
289,min-fill/MinFill_R0_mulsol.i.5.wcnf.gz,0.589918288,0.196074668,1.896445041,0.0,0.0,4.1,3439871,11427,3451298,278608,89.26981278,1751,10,3.128218195,1.141702302,10,4.0852716860000005,1.5077627059999998,3.101677729,5,126.9555011,0.5297349,21.47951602,700
290,railway-transport/d4.wcnf.gz,0.390935798,0.151285198,1.497092511,0.0,0.0,3.84,13806021,50400,13856421,307678,196.3520239,780,6,4.769443347,0.954718901,5,3.834277336,0.65908902,5.005962017,4,49.09217943,0.089455134,10.37473268,220
291,xai-mindset2/heart-statlog.wcnf.gz,0.5076437570000001,0.194576867,0.553618905,0.0,0.0,3.73,248024,3048,251072,18664,154.8793399,919,3,2.741912273,0.323900272,382,3.692446788,24.8811092,2.645147181,1,123.4828862,0.967308183,26.2605015,381
292,set-covering/crafted/scpcyc/scpcyc08_maxsat.wcnf.gz,0.0,0.0,0.0,0.481045693,0.655481774,0.0,0,2816,2816,1024,22.0,22,22,0.0,0.655481774,4,2.909090909,1.443137079,0.0,8,0.0,0.363636364,1.0,1
293,atcoss/mesat/atcoss_mesat_05.wcnf.gz,0.562569832,0.21607092100000005,1.328143145,0.0,0.0,3.27,1463272,301,1463573,450157,12.80258887,3744,1,1.96798938,1.000715934,4,3.2706322130000003,0.996529952,1.392985301,1,376.0688389,0.51930037,4.653785235,75754
294,close_solutions/SAT11__application__fuhs__AProVE11__AProVE11-10.cnf.wcnf.3.wcnf.gz,0.502723075,0.205258867,1.268118989,0.499934531,0.6930162459999999,2.63,1008604,289828,1298432,289828,7.763832342000001,5242,4,1.659297121,1.162346705,348,2.267488786,0.899976443,1.900780885,3,22.51501676,0.681900939,5.893347089,5222
295,MaxSATQueriesinInterpretableClassifiers/wcnf_gz/compas_train_1_DNF_5_1.wcnf.gz,0.561174149,0.374304519,0.453490445,0.0,0.0,2.96,123120,6584,129704,21209,26.62261304,6255,6,0.8666545659999999,0.6962818820000001,8,2.86378215,2.147439093,0.8666545659999999,2,209.04054230000003,0.840058903,9.964354755,2740
296,reversi/rev66-32.wcnf.gz,0.578072127,0.233456469,1.164028858,0.5,0.693147181,2.55,167496,72,167568,27752,42.21793024,144,3,3.316356894,0.700252878,47,2.554091473,2.420306356,2.316632286,4,20.57630338,0.910245393,11.40213318,103
