instance,balance-hard,balance-hard-max,balance-hard-mean,balance-hard-min,balance-hard-std,balance-soft,balance-soft-max,balance-soft-mean,balance-soft-min,balance-soft-std,ncls,nhard_len_stats.ave,nhard_len_stats.max,nhard_len_stats.min,nhard_len_stats.stddev,nhards,nsoft_len_stats.ave,nsoft_len_stats.max,nsoft_len_stats.min,nsoft_len_stats.stddev,nsoft_wts,nsofts,nvars,soft_wt_stats.ave,soft_wt_stats.max,soft_wt_stats.min,soft_wt_stats.stddev
abstraction-refinement/downcast-antlr.wcnf.gz,0.622490235,0.75,0.589412131,0,0.107709039,0.043108338,1,0.043108338,0,0.203100983,13561252,2.65,4,1,0.82,13557726,1,1,1,0,2,3526,6536173,103.6,2381,1,483.38
abstraction-refinement/downcast-avrora.wcnf.gz,0.626992071,0.75,0.605581073,0,0.091930861,0.052871622,1,0.052871622,0,0.223777151,9582818,2.68,4,1,0.64,9576898,1,1,1,0,2,5920,4151667,274.72,5178,1,1158.49
abstraction-refinement/downcast-hsqldb.wcnf.gz,0.628481028,0.75,0.607160183,0,0.091723575,0.114110201,1,0.114110201,0,0.317945063,20587286,2.69,4,1,0.64,20581914,1,1,1,0,2,5372,8136184,492.59,4309,1,1369.71
abstraction-refinement/downcast-pmd.wcnf.gz,0.621648149,0.75,0.597409032,0,0.09592789,0.08358209,1,0.08358209,0,0.276760047,19525850,2.64,4,1,0.68,19520825,1,1,1,0,2,5025,9046260,350.79,4186,1,1158.24
abstraction-refinement/downcast-xalan.wcnf.gz,0.621033776,0.75,0.595708512,0,0.097466084,0.079279279,1,0.079279279,0,0.270174157,10653407,2.64,4,1,0.7,10648412,1,1,1,0,2,4995,5070489,325.25,4091,1,1105.01
abstraction-refinement/polysite-avrora.wcnf.gz,0.63907616,0.75,0.619144418,0,0.089509781,0.033628012,1,0.033628012,0,0.180269711,9938257,2.77,4,1,0.63,9932488,1,1,1,0,2,5769,4196519,175.09,5178,1,933.26
abstraction-refinement/polysite-bloat.wcnf.gz,0.651614804,0.75,0.62808832,0,0.095872629,0.173404611,1,0.173404611,0,0.378596687,26881291,2.87,4,1,0.72,26875305,1,1,1,0,2,5986,11704973,734.33,4230,1,1601.09
abstraction-refinement/polysite-hsqldb.wcnf.gz,0.652009659,0.75,0.633207443,0,0.086971214,0.086802629,1,0.086802629,0,0.281545614,22435229,2.87,4,1,0.64,22429296,1,1,1,0,2,5933,8622751,374.95,4309,1,1212.9
abstraction-refinement/polysite-pmd.wcnf.gz,0.650893554,0.75,0.630180091,0,0.090776206,0.096433289,1,0.096433289,0,0.295184536,17329447,2.86,4,1,0.67,17324148,1,1,1,0,2,5299,7352227,404.57,4186,1,1235.35
abstraction-refinement/polysite-xalan.wcnf.gz,0.647037503,0.75,0.622506724,0,0.097547722,0.16021916,1,0.16021916,0,0.366809188,12681081,2.83,4,1,0.73,12675058,1,1,1,0,2,6023,6422659,656.3,4091,1,1500.25
af-synthesis/af-synthesis_stb_50_120_5.wcnf.gz,0.555821543,1,0.951755154,0,0.213024776,0.705882353,1,0.705882353,0,0.4556451,264998,3.45,1361,2,16.29,264828,1,1,1,0,9,170,19227,5.14,9,1,2.61
af-synthesis/af-synthesis_stb_50_120_7.wcnf.gz,0.556070361,1,0.952428629,0,0.21158638,0.705882353,1,0.705882353,0,0.4556451,267774,3.45,1291,2,16.39,267604,1,1,1,0,9,170,19183,5.15,9,1,2.6
af-synthesis/af-synthesis_stb_50_140_0.wcnf.gz,0.559684937,1,0.95254547,0,0.211445991,0.736842105,1,0.736842105,0,0.440347382,302170,3.42,1093,2,16.25,301980,1,1,1,0,9,190,20765,5.1,9,1,2.59
af-synthesis/af-synthesis_stb_50_140_1.wcnf.gz,0.559480103,1,0.950977698,0,0.214721849,0.736842105,1,0.736842105,0,0.440347382,295132,3.42,1291,2,15.82,294942,1,1,1,0,9,190,20862,5.04,9,1,2.51
af-synthesis/af-synthesis_stb_50_140_7.wcnf.gz,0.557187157,1,0.955524667,0,0.205080748,0.736842105,1,0.736842105,0,0.440347382,315996,3.45,1661,2,17.87,315806,1,1,1,0,9,190,20518,5.01,9,1,2.52
af-synthesis/af-synthesis_stb_50_160_4.wcnf.gz,0.562131653,1,0.953141167,0,0.210310046,0.761904762,1,0.761904762,0,0.42591771,339034,3.41,1507,2,16.48,338824,1,1,1,0,9,210,22316,5.17,9,1,2.65
af-synthesis/af-synthesis_stb_50_160_6.wcnf.gz,0.560978484,1,0.955177821,0,0.205955357,0.761904762,1,0.761904762,0,0.42591771,349792,3.42,1583,2,17.26,349582,1,1,1,0,9,210,22142,4.96,9,1,2.57
af-synthesis/af-synthesis_stb_50_180_2.wcnf.gz,0.564350959,1,0.953979724,0,0.208591737,0.782608696,1,0.782608696,0,0.412470999,378070,3.4,1661,2,16.8,377840,1,1,1,0,9,230,23829,4.99,9,1,2.53
af-synthesis/af-synthesis_stb_50_200_1.wcnf.gz,0.563282507,1,0.957249598,0,0.201515433,0.8,1,0.8,0,0.4,434236,3.41,1507,2,18.06,433986,1,1,1,0,9,250,25029,5.2,9,1,2.48
af-synthesis/af-synthesis_stb_50_200_6.wcnf.gz,0.566298232,1,0.95414266,0,0.208301921,0.8,1,0.8,0,0.4,414040,3.38,1223,2,16.31,413790,1,1,1,0,9,250,25385,4.6,9,1,2.52
af-synthesis/af-synthesis_stb_50_40_0.wcnf.gz,0.523422008,1,0.944366178,0,0.226602096,0.444444444,1,0.444444444,0,0.496903995,117910,3.66,1583,2,16.13,117820,1,1,1,0,9,90,13034,5.1,9,1,2.78
af-synthesis/af-synthesis_stb_50_40_9.wcnf.gz,0.521311247,1,0.941511945,0,0.231980807,0.444444444,1,0.444444444,0,0.496903995,113514,3.67,1741,2,15.35,113424,1,1,1,0,9,90,13091,5.61,9,1,2.61
af-synthesis/af-synthesis_stb_50_60_2.wcnf.gz,0.53558315,1,0.945762825,0,0.224384682,0.545454545,1,0.545454545,0,0.497929598,150968,3.57,1093,2,15.35,150858,1,1,1,0,9,110,14625,5.49,9,1,2.55
af-synthesis/af-synthesis_stb_50_80_2.wcnf.gz,0.544944727,1,0.947874957,0,0.220483263,0.615384615,1,0.615384615,0,0.486504255,187136,3.51,1361,2,15.83,187006,1,1,1,0,9,130,16175,5.31,9,1,2.59
af-synthesis/af-synthesis_stb_50_80_3.wcnf.gz,0.544486422,1,0.948308788,0,0.219617248,0.615384615,1,0.615384615,0,0.486504255,188272,3.52,1361,2,16,188142,1,1,1,0,9,130,16151,5.41,9,1,2.57
af-synthesis/af-synthesis_stb_50_80_7.wcnf.gz,0.545508378,1,0.94961807,0,0.217049514,0.615384615,1,0.615384615,0,0.486504255,191856,3.51,1361,2,16.23,191726,1,1,1,0,9,130,16127,5.16,9,1,2.63
BTBNSL/Rounded_BTWBNSL_adult15N_TWBound_3.wcnf.gz,0.54240484,1,0.579671071,0,0.228862199,1,1,1,1,0,65788,2.72,194,1,2.66,64638,1,1,1,0,1150,1150,15095,2663751843,7945359847,1472642,1742315510
BTBNSL/Rounded_BTWBNSL_alarm_100_1_3.scores_TWBound_4.wcnf.gz,0.537819312,1,0.546189782,0,0.226133236,1,1,1,1,0,167622,2.94,75,1,1.5,166715,1,1,1,0,900,907,35806,4691897.51,12101968,403731,2671957.18
BTBNSL/Rounded_BTWBNSL_Flag.BIC_TWBound_2.wcnf.gz,0.536526089,1,0.550554928,0,0.230726972,1,1,1,1,0,80371,2.91,58,1,1.36,79670,1,1,1,0,688,701,18068,10433914.82,13706325,3057667,2754959.29
BTBNSL/Rounded_BTWBNSL_hailfinder_1000_1_3.scores_TWBound_3.wcnf.gz,0.517256697,1,0.523216285,0,0.180604292,1,1,1,1,0,366759,3.14,84,1,0.96,365998,1,1,1,0,624,761,39274,98403898.2,237498490,733180,51382221.76
BTBNSL/Rounded_BTWBNSL_hailfinder_10000_1_3.scores_TWBound_2.wcnf.gz,0.524839234,1,0.535448312,0,0.190670575,1,1,1,1,0,459165,3.08,175,1,1.37,456905,1,1,1,0,1928,2260,53868,1099808200,2331819300,795632,445065409.1
BTBNSL/Rounded_BTWBNSL_hailfinder_10000_1_3.scores_TWBound_4.wcnf.gz,0.543706886,1,0.556657193,0,0.216593551,1,1,1,1,0,568813,2.95,435,1,2.33,565045,1,1,1,0,3098,3768,110096,1020815496,2331819300,767997,468569726.6
BTBNSL/Rounded_BTWBNSL_Horse.BIC_TWBound_2.wcnf.gz,0.532668769,1,0.544469377,0,0.233133976,1,1,1,1,0,64172,2.94,47,1,1.26,63712,1,1,1,0,454,460,14732,18228842.68,21076938,857451,3114461.67
BTBNSL/Rounded_BTWBNSL_Horse.BIC_TWBound_3.wcnf.gz,0.529465688,1,0.541766335,0,0.23476431,1,1,1,1,0,68184,2.92,58,1,1.3,67694,1,1,1,0,484,490,16166,18182832.17,21076938,857451,3039732.02
BTBNSL/Rounded_BTWBNSL_Housing_TWBound_4.wcnf.gz,0.542001325,1,0.583539707,0,0.224161151,1,1,1,1,0,113176,2.71,270,1,4.1,111447,1,1,1,0,1696,1729,24632,24030290.24,35407203,6164468,5490105.18
BTBNSL/Rounded_BTWBNSL_insurance_100_1_3.scores_TWBound_2.wcnf.gz,0.524951161,1,0.535053826,0,0.200675747,1,1,1,1,0,49891,3.03,27,1,0.91,49625,1,1,1,0,266,266,7869,6943201.87,14007830,287620,3184934.92
BTBNSL/Rounded_BTWBNSL_insurance_100_1_3.scores_TWBound_3.wcnf.gz,0.526011745,1,0.536111404,0,0.199005114,1,1,1,1,0,52277,3.01,28,1,0.93,51998,1,1,1,0,279,279,8927,6832430.39,14007830,287620,3187147.38
BTBNSL/Rounded_BTWBNSL_insurance_1000_1_3.scores_TWBound_2.wcnf.gz,0.538151759,1,0.55298787,0,0.231483298,1,1,1,1,0,72492,2.89,75,1,1.38,71790,1,1,1,0,702,702,16477,66775927.89,136779280,931796,32376882.52
BTBNSL/Rounded_BTWBNSL_insurance_1000_1_3.scores_TWBound_3.wcnf.gz,0.536372582,1,0.552350202,0,0.232276258,1,1,1,1,0,80070,2.87,95,1,1.45,79296,1,1,1,0,774,774,18538,65440936.1,136779280,931796,32430232.4
BTBNSL/Rounded_BTWBNSL_Voting_TWBound_4.wcnf.gz,0.540507818,1,0.556787353,0,0.237528082,1,1,1,1,0,31231,2.81,57,1,1.42,30839,1,1,1,0,392,392,7648,27547309.78,42535928,7600328,6094705.96
causal-discovery/causal_Alarm_7_1000.wcnf.gz,0.505193334,1,0.514986207,0.166666667,0.111572577,0.525297619,1,0.525297619,0,0.49935962,145910,2.44,6,1,0.91,145238,1,1,1,0,664,672,40290,15886.09,114886,5,20626.13
causal-discovery/causal_alarm_9_1000.wcnf.gz,0.505630308,1,0.515184614,0.166666667,0.111293095,0.708984375,1,0.708984375,0,0.454230702,1181793,2.44,6,1,0.91,1177185,1,1,1,0,4406,4608,326886,38346.4,431495,6,60524.33
causal-discovery/causal_alarm_9_10000.wcnf.gz,0.505630308,1,0.515184614,0.166666667,0.111293095,0.678602431,1,0.678602431,0,0.467013032,1181793,2.44,6,1,0.91,1177185,1,1,1,0,4566,4608,326886,339710.4,4304892,29,660121.64
causal-discovery/causal_asia_7_1000.wcnf.gz,0.505193334,1,0.514986207,0.166666667,0.111572577,0.430059524,1,0.430059524,0,0.495084164,145910,2.44,6,1,0.91,145238,1,1,1,0,494,672,40290,18241.82,208195,6,38298.32
causal-discovery/causal_Autos_8_159.wcnf.gz,0.505441372,1,0.515091372,0.166666667,0.111392614,0.70703125,1,0.70703125,0,0.455124226,426813,2.44,6,1,0.91,425021,1,1,1,0,1654,1792,117952,6401.08,57091,6,9529.54
causal-discovery/causal_carpo_9_10000.wcnf.gz,0.505630308,1,0.515184614,0.166666667,0.111293095,0.694878472,1,0.694878472,0,0.460458881,1181793,2.44,6,1,0.91,1177185,1,1,1,0,4241,4608,326886,42198.06,426724,2,88525.91
causal-discovery/causal_hailfinder_8_10000.wcnf.gz,0.505441372,1,0.515091372,0.166666667,0.111392614,0.869419643,1,0.869419643,0,0.336940837,426813,2.44,6,1,0.91,425021,1,1,1,0,1168,1792,117952,1579687.15,13344733,6989,2310061.97
causal-discovery/causal_Heart_10_212.wcnf.gz,0.505777752,1,0.5152631,0.166666667,0.111231808,0.86796875,1,0.86796875,0,0.338524739,3138850,2.44,6,1,0.9,3127330,1,1,1,0,8991,11520,868916,10868.92,71844,2,9829.31
causal-discovery/causal_insurance_8_10000.wcnf.gz,0.505441372,1,0.515091372,0.166666667,0.111392614,0.690848214,1,0.690848214,0,0.462143873,426813,2.44,6,1,0.91,425021,1,1,1,0,1790,1792,117952,700467.08,4024543,65,800327.07
causal-discovery/causal_insurance_9_100.wcnf.gz,0.505630308,1,0.515184614,0.166666667,0.111293095,0.836371528,1,0.836371528,0,0.369938097,1181793,2.44,6,1,0.91,1177185,1,1,1,0,4224,4608,326886,12657.46,50825,2,9500.87
causal-discovery/causal_Letter_7_20000.wcnf.gz,0.505193334,1,0.514986207,0.166666667,0.111572577,0.078869048,1,0.078869048,0,0.269534267,145910,2.44,6,1,0.91,145238,1,1,1,0,672,672,40290,765011.94,7357895,80,1340470.58
causal-discovery/causal_Link_10_1000.wcnf.gz,0.505777752,1,0.5152631,0.166666667,0.111231808,0.861284722,1,0.861284722,0,0.345649171,3138850,2.44,6,1,0.9,3127330,1,1,1,0,9409,11520,868916,17004.14,154418,3,19484.17
causal-discovery/causal_LungCancer_8_27.wcnf.gz,0.505441372,1,0.515091372,0.166666667,0.111392614,0.832589286,1,0.832589286,0,0.373342158,426813,2.44,6,1,0.91,425021,1,1,1,0,1257,1792,117952,1101.18,4534,1,756.58
causal-discovery/causal_Pigs_6_10000.wcnf.gz,0.505441372,1,0.515091372,0.166666667,0.111392614,0.705915179,1,0.705915179,0,0.455630266,426813,2.44,6,1,0.91,425021,1,1,1,0,1789,1792,117952,662726.4,2582387,1394,705277.89
causal-discovery/causal_Water_10_1000.wcnf.gz,0.505777752,1,0.5152631,0.166666667,0.111231808,0.882986111,1,0.882986111,0,0.321436835,3138850,2.44,6,1,0.9,3127330,1,1,1,0,11007,11520,868916,65918.06,512615,13,69077.25
causal-discovery/causal_Wdbc_8_569.wcnf.gz,0.505441372,1,0.515091372,0.166666667,0.111392614,0.490513393,1,0.490513393,0,0.499909996,426813,2.44,6,1,0.91,425021,1,1,1,0,1702,1792,117952,25862.5,343919,17,48931.17
correlation-clustering/Rounded_CorrelationClustering_Ecoli_BINARY_N280_D0.200.wcnf.gz,0.529413852,1,0.508702096,0,0.261958592,0.912985185,1,0.912985185,0,0.281856767,701108,2.96,10,1,1.12,686191,1,1,1,0,2602,14917,151690,30021.76,50000,20003,6118.36
correlation-clustering/Rounded_CorrelationClustering_Ionosphere_BINARY_N240_D0.200.wcnf.gz,0.528929995,1,0.509498541,0,0.262000086,0.827058162,1,0.827058162,0,0.378196984,298964,2.95,9,1,1.03,291846,1,1,1,0,5876,7118,65982,28628.01,50000,20004,6382.63
correlation-clustering/Rounded_CorrelationClustering_Ionosphere_BINARY_N260_D0.200.wcnf.gz,0.529415456,1,0.508707045,0,0.261961913,0.851487496,1,0.851487496,0,0.355607284,396548,2.96,10,1,1.12,388111,1,1,1,0,6779,8437,86710,28879.01,50000,20004,6536.63
correlation-clustering/Rounded_CorrelationClustering_Ionosphere_BINARY_N280_D0.200.wcnf.gz,0.52941476,1,0.508704898,0,0.261960472,0.877068103,1,0.877068103,0,0.328359019,488621,2.96,10,1,1.12,478225,1,1,1,0,8077,10396,106480,29105.68,50000,20000,6544.56
correlation-clustering/Rounded_CorrelationClustering_Ionosphere_BINARY_N300_D0.200.wcnf.gz,0.5294143,1,0.508703477,0,0.261959518,0.890507978,1,0.890507978,0,0.312255535,577357,2.96,10,1,1.12,565073,1,1,1,0,9272,12284,125540,29420.55,50000,20000,6619.91
correlation-clustering/Rounded_CorrelationClustering_Protein1_UNARY_N150.wcnf.gz,0.578052766,1,0.574134646,0,0.115026538,0.001318211,1,0.165270373,0,0.371424389,593816,2.37,150,1,2.39,592503,125.37,150,1,55.34,447,1313,209318,46920.69,50000,162,8634.36
correlation-clustering/Rounded_CorrelationClustering_Protein1_UNARY_N170.wcnf.gz,0.578475399,1,0.572579393,0,0.110408121,0.001218122,1,0.171728327,0,0.377144148,905534,2.37,170,1,2.34,903723,140.98,170,1,63.74,624,1811,312772,46615.62,50000,162,9051.24
correlation-clustering/Rounded_CorrelationClustering_Protein1_UNARY_N290.wcnf.gz,0.578988357,1,0.569945131,0,0.102515871,0.000746355,1,0.178040245,0,0.38254662,3760945,2.38,290,1,2.57,3756373,238.55,290,1,110.56,1310,4572,1258255,47026.16,50000,162,8569.4
correlation-clustering/Rounded_CorrelationClustering_Protein2_BINARY_N340.wcnf.gz,0.529416028,1,0.508708812,0,0.261963099,0.174835706,1,0.174835706,0,0.379826516,343297,2.96,10,1,1.12,335993,1,1,1,0,1857,7304,76100,47226.13,50000,80,8181.74
correlation-clustering/Rounded_CorrelationClustering_Protein2_BINARY_N380.wcnf.gz,0.529415374,1,0.508706793,0,0.261961744,0.178952248,1,0.178952248,0,0.383312329,405525,2.96,10,1,1.12,396897,1,1,1,0,2149,8628,89700,47169.75,50000,80,8287.45
correlation-clustering/Rounded_CorrelationClustering_Protein2_BINARY_N400.wcnf.gz,0.52941509,1,0.508705917,0,0.261961156,0.178769757,1,0.178769757,0,0.383159406,440117,2.96,10,1,1.12,430753,1,1,1,0,2288,9364,97240,47172.83,50000,80,8276.08
correlation-clustering/Rounded_CorrelationClustering_Protein2_UNARY_N160.wcnf.gz,0.578990848,1,0.572939046,0,0.110183765,0.001395729,1,0.182758621,0,0.386468507,811183,2.37,160,1,2.26,809443,130.94,160,1,61.45,565,1740,278719,46941.54,50000,258,8613.11
correlation-clustering/Rounded_CorrelationClustering_Protein2_UNARY_N180.wcnf.gz,0.578763925,1,0.571073555,0,0.106044622,0.001179484,1,0.175297114,0,0.380221035,1222219,2.37,180,1,2.2,1219863,148.62,180,1,68.06,780,2356,414594,46805.27,50000,258,8867.59
correlation-clustering/Rounded_CorrelationClustering_Protein2_UNARY_N220.wcnf.gz,0.578671831,1,0.570013815,0,0.103490186,0.000942444,1,0.171865443,0,0.377263453,2058293,2.37,220,1,2.3,2055023,182.36,220,1,82.62,995,3270,692683,46989.35,50000,80,8663.18
correlation-clustering/Rounded_CorrelationClustering_Protein2_UNARY_N240.wcnf.gz,0.578399504,1,0.569153026,0,0.101858063,0.000823638,1,0.16516129,0,0.371326054,2658278,2.37,240,1,2.3,2654403,200.53,240,1,88.75,1094,3875,891761,47105.6,50000,80,8494.03
correlation-clustering/Rounded_CorrelationClustering_Protein3_UNARY_N220.wcnf.gz,0.579607963,1,0.571121533,0,0.104180769,0.001078839,1,0.191985089,0,0.393861415,1999942,2.38,220,1,2.33,1996723,177.96,220,1,86.26,1023,3219,669199,46896.43,50000,18,8739.06
correlation-clustering/Rounded_CorrelationClustering_Protein3_UNARY_N240.wcnf.gz,0.579186849,1,0.570181131,0,0.102710091,0.000928073,1,0.182301355,0,0.386092698,2555446,2.38,240,1,2.35,2551683,196.43,240,1,92.28,1102,3763,853887,47059.92,50000,18,8551.09
correlation-clustering/Rounded_CorrelationClustering_Protein3_UNARY_N280.wcnf.gz,0.579046413,1,0.569168271,0,0.100344802,0.000772822,1,0.178008382,0,0.3825198,3948534,2.38,280,1,2.38,3943523,230.34,280,1,106.72,1378,5011,1310453,47107.84,50000,18,8507.79
correlation-clustering/Rounded_CorrelationClustering_Protein4_BINARY_N400.wcnf.gz,0.529417917,1,0.508714641,0,0.26196701,0.222441723,1,0.222441723,0,0.415886286,237923,2.96,10,1,1.12,232861,1,1,1,0,1327,5062,54220,47447.22,50000,221,7875.02
correlation-clustering/Rounded_CorrelationClustering_Protein4_UNARY_N210.wcnf.gz,0.578430384,1,0.574715609,0,0.115403767,0.001002666,1,0.174080176,0,0.379178412,1147164,2.37,210,1,2.84,1145343,173.62,210,1,79.25,448,1821,403938,47672.86,50000,221,7633.31
correlation-clustering/Rounded_CorrelationClustering_Protein4_UNARY_N230.wcnf.gz,0.578847358,1,0.574197572,0,0.113310331,0.000965521,1,0.181859826,0,0.385728959,1483386,2.37,230,1,2.87,1481203,188.35,230,1,88.33,552,2183,516518,47494.53,50000,221,7996.54
correlation-clustering/Rounded_CorrelationClustering_Vowel_BINARY_N740_D0.200.wcnf.gz,0.529802071,1,0.508023702,0,0.261872922,0.875700935,1,0.875700935,0,0.329922427,2169970,2.96,11,1,1.2,2128240,1,1,1,0,14351,41730,466430,25620.54,50000,20000,5182.31
correlation-clustering/Rounded_CorrelationClustering_Vowel_BINARY_N760_D0.200.wcnf.gz,0.529802021,1,0.508023548,0,0.261872818,0.881343801,1,0.881343801,0,0.323383527,2324878,2.96,11,1,1.2,2280169,1,1,1,0,14685,44709,499399,25624.98,50000,20000,5144.09
drmx-cryptogen/geffe128_7.wcnf.gz,0,,,,,0.951142054,1,0.82308713,0,0.381594951,9044,0,0,0,0,0,3.62,5,1,1.65,2,9044,1600,1317.94,1601,1,610.55
hs-timetabling/BrazilInstance1.xml.wcnf.gz,0.540269381,1,0.615595814,0,0.259175514,0.459662289,1,0.953307393,0,0.210979638,25262,2.47,25,1,2.28,25005,2.07,24,1,4.85,4,257,7520,2.98,9,1,2
hs-timetabling/BrazilInstance2.xml.wcnf.gz,0.623498238,1,0.660272035,0,0.265589568,0.285288862,1,0.903288201,0,0.295564928,64474,2.25,25,1,1.07,63957,3.25,24,1,6.8,4,517,17759,2.74,9,1,1.76
hs-timetabling/BrazilInstance4.xml.wcnf.gz,0.620793076,1,0.668934943,0,0.268579174,0.289525049,1,0.904109589,0,0.294440894,131396,2.29,25,1,1.44,130447,3.24,24,1,6.77,4,949,35250,2.58,9,1,1.61
hs-timetabling/BrazilInstance5.xml.wcnf.gz,0.605372959,1,0.648339181,0,0.266147764,0.345092025,1,0.861227661,0,0.316418453,133094,2.3,25,1,1.27,131807,3.04,24,1,5.91,21,1287,37008,3.82,21,1,3.48
hs-timetabling/BrazilInstance6.xml.wcnf.gz,0.607524637,1,0.658026344,0,0.26699818,0.314677327,1,0.913043478,0,0.281771335,146448,2.31,25,1,1.54,145298,3.05,24,1,6.48,4,1150,40277,2.68,9,1,1.72
hs-timetabling/BrazilInstance7.xml.wcnf.gz,0.611828819,1,0.663895919,0,0.270694263,0.294801103,1,0.905719673,0,0.29221832,213899,2.3,25,1,1.52,212308,3.19,24,1,6.7,4,1591,57632,2.9,9,1,2.17
hs-timetabling/FinlandHighSchool.xml.wcnf.gz,0.732456067,1,0.768282436,0,0.270879102,0.490909091,1,0.640180995,0,0.313981819,405971,2.21,21,1,0.86,404866,3.53,5,1,1.93,28,1105,71792,140.9,625,1,186.34
hs-timetabling/FinlandSecondarySchool.xml.wcnf.gz,0.750046912,1,0.785209027,0,0.264656255,0.476559546,1,0.601582734,0,0.306237926,558450,2.16,29,1,0.95,557060,3.81,5,1,1.83,26,1390,95773,155.6,625,1,190.31
hs-timetabling/ItalyInstance1.xml.wcnf.gz,0.605751772,1,0.623031368,0,0.24427293,1,1,1,1,0,78702,2.75,14,1,1.39,77013,1.02,6,1,0.3,3,1689,20851,60.34,100,1,47.4
hs-timetabling/ItalyInstance4.xml.wcnf.gz,0.727398222,1,0.763744629,0,0.26779765,0.960416667,1,0.941984733,0,0.233772316,1309485,2.17,47,1,0.94,1305555,1.47,6,1,1.45,4,3930,241839,32.17,100,1,44.42
lisbon-wedding/lisbon-wedding-1-17.wcnf.gz,0.685884098,1,0.730931062,0,0.265903408,1,1,1,1,0,206694,2.48,81,1,1.28,206371,1,1,1,0,3,323,29152,20.63,84,1,33.96
lisbon-wedding/lisbon-wedding-1-19.wcnf.gz,0.685838437,1,0.73093889,0,0.265772378,1,1,1,1,0,231064,2.48,81,1,1.29,230703,1,1,1,0,3,361,32600,20.63,84,1,33.96
lisbon-wedding/lisbon-wedding-10-18.wcnf.gz,0.524888973,1,0.531862543,0,0.178734319,1,1,1,1,0,110267,2.93,25,1,1.07,109907,1,1,1,0,3,360,30517,6.85,100,1,21.54
lisbon-wedding/lisbon-wedding-10-19.wcnf.gz,0.524897053,1,0.531911839,0,0.178608617,1,1,1,1,0,116418,2.93,25,1,1.08,116038,1,1,1,0,3,380,32221,6.85,100,1,21.54
lisbon-wedding/lisbon-wedding-2-19.wcnf.gz,0.685838437,1,0.73093889,0,0.265772378,1,1,1,1,0,231064,2.48,81,1,1.29,230703,1,1,1,0,3,361,32600,24.42,100,1,40.51
lisbon-wedding/lisbon-wedding-3-18.wcnf.gz,0.68493108,1,0.72951401,0,0.265632551,1,1,1,1,0,220193,2.48,81,1,1.28,219851,1,1,1,0,3,342,30876,24.42,100,1,40.51
lisbon-wedding/lisbon-wedding-4-19.wcnf.gz,0.692716341,1,0.741159881,0,0.266899877,1,1,1,1,0,221203,2.5,81,1,1.3,220880,1,1,1,0,4,323,32505,18.94,100,1,33.44
lisbon-wedding/lisbon-wedding-5-19.wcnf.gz,0.692134976,1,0.74074824,0,0.267207722,1,1,1,1,0,218394,2.5,80,1,1.3,218071,1,1,1,0,4,323,32164,18.94,100,1,33.44
lisbon-wedding/lisbon-wedding-6-19.wcnf.gz,0.692113548,1,0.740725651,0,0.267208404,1,1,1,1,0,218375,2.5,80,1,1.3,218052,1,1,1,0,4,323,32164,18.94,100,1,33.44
lisbon-wedding/lisbon-wedding-7-17.wcnf.gz,0.690193059,1,0.739569407,0,0.267534668,1,1,1,1,0,196276,2.51,80,1,1.33,195868,1,1,1,0,3,408,28881,6.62,100,1,19.75
lisbon-wedding/lisbon-wedding-8-18.wcnf.gz,0.692771342,1,0.742432855,0,0.267684251,1,1,1,1,0,205400,2.51,80,1,1.31,205004,1,1,1,0,3,396,30553,6.32,100,1,20.61
lisbon-wedding/lisbon-wedding-8-19.wcnf.gz,0.692747572,1,0.74243548,0,0.267618779,1,1,1,1,0,216836,2.51,80,1,1.31,216418,1,1,1,0,3,418,32259,6.32,100,1,20.61
lisbon-wedding/lisbon-wedding-9-17.wcnf.gz,0.69274011,1,0.742437481,0,0.267790317,1,1,1,1,0,193946,2.51,80,1,1.3,193572,1,1,1,0,3,374,28847,6.32,100,1,20.61
lisbon-wedding/lisbon-wedding-9-19.wcnf.gz,0.692689635,1,0.742442635,0,0.267652155,1,1,1,1,0,216816,2.51,80,1,1.31,216398,1,1,1,0,3,418,32259,6.32,100,1,20.61
max-realizability/power-distribution_10_7.wcnf.gz,0.569377397,1,0.601082963,0,0.18288665,0,0,0,0,0,230830,5.2,13,1,2.23,230797,2,3,1,0.82,3,33,19669,44.33,121,1,54.37
max-realizability/power-distribution_10_8.wcnf.gz,0.569340514,1,0.600899593,0,0.182202569,0,0,0,0,0,301030,5.21,13,1,2.23,300997,2,3,1,0.82,3,33,25129,44.33,121,1,54.37
max-realizability/power-distribution_11_7.wcnf.gz,0.534936782,1,0.590958818,0,0.194357618,0,0,0,0,0,374560,5.68,16,1,3.06,374509,2,3,1,0.82,3,51,29687,102.33,289,1,132.15
max-realizability/power-distribution_11_8.wcnf.gz,0.534890124,1,0.59076347,0,0.193759713,0,0,0,0,0,488512,5.69,16,1,3.06,488461,2,3,1,0.82,3,51,37919,102.33,289,1,132.15
max-realizability/power-distribution_12_7.wcnf.gz,0.4418978,1,0.554382313,0,0.221485176,0,0,0,0,0,570230,7.12,20,1,5.09,570161,2,3,1,0.82,3,69,39705,184.33,529,1,243.88
max-realizability/power-distribution_12_8.wcnf.gz,0.441836591,1,0.554160105,0,0.221021455,0,0,0,0,0,743834,7.12,20,1,5.08,743765,2,3,1,0.82,3,69,50709,184.33,529,1,243.88
max-realizability/power-distribution_2_8.wcnf.gz,0.422488709,1,0.5425958,0,0.236323853,0,0,0,0,0,240989,10.2,22,1,6.42,240977,2,3,1,0.82,3,12,8588,7,16,1,6.48
max-realizability/power-distribution_7_8.wcnf.gz,0.493577461,1,0.576871167,0,0.209542253,0,0,0,0,0,204172,6.92,16,1,3.86,204157,2,3,1,0.82,3,15,11087,10.33,25,1,10.5
max-realizability/power-distribution_8_8.wcnf.gz,0.370715458,1,0.505744245,0,0.246988207,0,0,0,0,0,364714,9.53,20,1,6.14,364693,2,3,1,0.82,3,21,14933,19,49,1,21.35
max-realizability/power-distribution_9_8.wcnf.gz,0.579224457,1,0.601820773,0,0.177380168,0,0,0,0,0,138124,5,9,1,1.92,138109,2,3,1,0.82,3,15,12339,10.33,25,1,10.5
max-realizability/robot-navigation_10.wcnf.gz,0.421263186,1,0.54973533,0,0.279614847,0,0,0,0,0,713212,4.64,17,1,4.15,713203,2,3,1,0.82,3,9,171619,4.33,9,1,3.4
max-realizability/robot-navigation_8.wcnf.gz,0.420088845,1,0.549996004,0,0.280349147,0,0,0,0,0,444926,4.65,17,1,4.17,444917,2,3,1,0.82,3,9,107577,4.33,9,1,3.4
max-realizability/robot-navigation_9.wcnf.gz,0.421267716,1,0.549742989,0,0.279618353,0,0,0,0,0,577735,4.64,17,1,4.15,577726,2,3,1,0.82,3,9,139212,4.33,9,1,3.4
maxcut/dimacs_mod/brock400_1.clq.wcnf.gz,0,,,,,0.5,1,0.5,0,0.5,1192,0,0,0,0,0,2,2,2,0,10,1192,40,5.68,10,1,2.81
maxcut/dimacs_mod/brock400_4.clq.wcnf.gz,0,,,,,0.5,1,0.5,0,0.5,1178,0,0,0,0,0,2,2,2,0,10,1178,40,5.67,10,1,2.81
maxcut/dimacs_mod/brock800_2.clq.wcnf.gz,0,,,,,0.5,1,0.5,0,0.5,1026,0,0,0,0,0,2,2,2,0,10,1026,40,5.59,10,1,2.83
maxcut/dimacs_mod/hamming10-2.clq.wcnf.gz,0,,,,,0.5,1,0.5,0,0.5,1640,0,0,0,0,0,2,2,2,0,10,1640,41,5.61,10,1,2.85
maxcut/dimacs_mod/hamming8-2.clq.wcnf.gz,0,,,,,0.5,1,0.5,0,0.5,1806,0,0,0,0,0,2,2,2,0,10,1806,43,5.59,10,1,2.84
maxcut/dimacs_mod/johnson8-4-4.clq.wcnf.gz,0,,,,,0.5,1,0.5,0,0.5,3710,0,0,0,0,0,2,2,2,0,10,3710,70,5.53,10,1,2.87
maxcut/dimacs_mod/MANN_a27.clq.wcnf.gz,0,,,,,0.5,1,0.5,0,0.5,1690,0,0,0,0,0,2,2,2,0,10,1690,42,5.59,10,1,2.84
maxcut/dimacs_mod/MANN_a81.clq.wcnf.gz,0,,,,,0.5,1,0.5,0,0.5,1638,0,0,0,0,0,2,2,2,0,10,1638,41,5.62,10,1,2.85
maxcut/dimacs_mod/p_hat1000-3.clq.wcnf.gz,0,,,,,0.5,1,0.5,0,0.5,1140,0,0,0,0,0,2,2,2,0,10,1140,40,5.65,10,1,2.8
maxcut/dimacs_mod/p_hat500-3.clq.wcnf.gz,0,,,,,0.5,1,0.5,0,0.5,1310,0,0,0,0,0,2,2,2,0,10,1310,42,5.7,10,1,2.81
maxcut/dimacs_mod/san200_0.7_2.clq.wcnf.gz,0,,,,,0.5,1,0.5,0,0.5,1124,0,0,0,0,0,2,2,2,0,10,1124,40,5.65,10,1,2.81
maxcut/dimacs_mod/san200_0.9_3.clq.wcnf.gz,0,,,,,0.5,1,0.5,0,0.5,1420,0,0,0,0,0,2,2,2,0,10,1420,40,5.64,10,1,2.83
maxcut/dimacs_mod/san400_0.7_3.clq.wcnf.gz,0,,,,,0.5,1,0.5,0,0.5,1094,0,0,0,0,0,2,2,2,0,10,1094,40,5.66,10,1,2.82
maxcut/dimacs_mod/san400_0.9_1.clq.wcnf.gz,0,,,,,0.5,1,0.5,0,0.5,1356,0,0,0,0,0,2,2,2,0,10,1356,40,5.65,10,1,2.82
maxcut/dimacs_mod/sanr200_0.7.clq.wcnf.gz,0,,,,,0.5,1,0.5,0,0.5,1092,0,0,0,0,0,2,2,2,0,10,1092,40,5.66,10,1,2.82
maxcut/dimacs_mod/sanr200_0.9.clq.wcnf.gz,0,,,,,0.5,1,0.5,0,0.5,1354,0,0,0,0,0,2,2,2,0,10,1354,40,5.65,10,1,2.82
MaxSATQueriesinInterpretableClassifiers/MLIC_maxsat_benchmarks/adult_test_0_CNF_5_5.wcnf.gz,0.818324014,1,0.958653542,0,0.199090253,1,1,1,1,0,158694,2.34,13,2,1.79,154717,1,1,1,0,2,3977,16337,4.28,5,1,1.54
MaxSATQueriesinInterpretableClassifiers/MLIC_maxsat_benchmarks/compas_train_0_CNF_3_5.wcnf.gz,0.639298893,1,0.858470115,0,0.348567321,1,1,1,1,0,93729,2.69,8,2,1.82,87183,1,1,1,0,2,6546,17238,4.97,5,1,0.37
MaxSATQueriesinInterpretableClassifiers/MLIC_maxsat_benchmarks/credit_test_1_CNF_5_20.wcnf.gz,0.84510268,1,0.973808609,0,0.159704108,1,1,1,1,0,219538,2.3,19,2,2.13,215987,1,1,1,0,2,3551,15236,17.06,20,1,6.87
MaxSATQueriesinInterpretableClassifiers/MLIC_maxsat_benchmarks/pima_train_1_DNF_5_15.wcnf.gz,0.456785444,1,0.743750643,0,0.436561134,1,1,1,1,0,10562,3.26,7,2,2.15,9721,1,1,1,0,2,841,2046,12.5,15,1,5.36
MaxSATQueriesinInterpretableClassifiers/MLIC_maxsat_benchmarks/toms_train_0_CNF_5_15.wcnf.gz,0.80241784,1,0.993017649,0,0.083268227,1,1,1,1,0,8340578,2.48,97,2,6.64,8310668,1,1,1,0,2,29910,115875,12.87,15,1,5.03
MaxSATQueriesinInterpretableClassifiers/MLIC_maxsat_benchmarks/twitter_test_0_CNF_2_5.wcnf.gz,0.809783971,1,0.987881887,0,0.109413272,1,1,1,1,0,547711,2.44,78,2,5.72,539688,1,1,1,0,2,8023,14947,3.49,5,1,1.94
MaxSATQueriesinInterpretableClassifiers/MLIC_maxsat_benchmarks/twitter_train_0_CNF_2_5.wcnf.gz,0.809778039,1,0.987881661,0,0.109414281,1,1,1,1,0,4903966,2.44,78,2,5.72,4855946,1,1,1,0,2,48020,110320,4.75,5,1,0.97
MaxSATQueriesinInterpretableClassifiers/MLIC_maxsat_benchmarks/wdbc_train_1_CNF_3_5.wcnf.gz,0.750974786,1,0.96686747,0,0.178982585,1,1,1,1,0,27667,2.57,28,2,3.75,26892,1,1,1,0,2,775,1738,3.64,5,1,1.9
MaxSATQueriesinInterpretableClassifiers/wcnf_gz/adult_test_8_CNF_5_15.wcnf.gz,0.818470775,1,0.958684524,0,0.199018863,1,1,1,1,0,158688,2.34,13,2,1.79,154712,1,1,1,0,2,3976,16336,12.46,15,1,5.39
MaxSATQueriesinInterpretableClassifiers/wcnf_gz/tictactoe_train_1_DNF_2_20.wcnf.gz,0.726009242,1,0.897370052,0,0.303474944,1,1,1,1,0,12208,2.47,10,2,1.79,11293,1,1,1,0,2,915,2041,18.88,20,1,4.48
MaxSATQueriesinInterpretableClassifiers/wcnf_gz/titanic_train_5_DNF_5_20.wcnf.gz,0.48930772,1,0.767481524,0,0.422437729,1,1,1,1,0,18898,3.14,7,2,2.07,17590,1,1,1,0,2,1308,3558,18.11,20,1,5.68
MaxSATQueriesinInterpretableClassifiers/wcnf_gz/toms_test_4_CNF_3_10.wcnf.gz,0.801849525,1,0.991646146,0,0.091016853,1,1,1,1,0,560262,2.47,97,2,6.64,554714,1,1,1,0,2,5548,11278,5.57,10,1,4.5
MaxSATQueriesinInterpretableClassifiers/wcnf_gz/toms_train_9_CNF_3_15.wcnf.gz,0.801961033,1,0.991649661,0,0.090997859,1,1,1,1,0,5021662,2.47,97,2,6.64,4993570,1,1,1,0,2,28092,79674,13.64,15,1,4.15
MaxSATQueriesinInterpretableClassifiers/wcnf_gz/twitter_test_2_CNF_4_20.wcnf.gz,0.810807131,1,0.991058985,0,0.094133272,1,1,1,1,0,1086649,2.44,78,2,5.73,1075605,1,1,1,0,2,11044,24888,9.6,20,1,9.46
MaxSATQueriesinInterpretableClassifiers/wcnf_gz/twitter_test_7_CNF_4_5.wcnf.gz,0.81090335,1,0.991062671,0,0.094114043,1,1,1,1,0,1086644,2.44,78,2,5.73,1075601,1,1,1,0,2,11043,24887,2.81,5,1,1.99
metro/metro_8_8_5_20_10_6_500_1_3.lp.sm-extracted.wcnf.gz,0.577202767,1,0.566406316,0,0.185552423,1,1,1,1,0,134538,2.64,11,1,0.53,134411,1,1,1,0,17,127,55334,4.49,33,1,5.21
metro/metro_8_8_5_20_10_6_500_1_5.lp.sm-extracted.wcnf.gz,0.576239476,1,0.565455111,0,0.186832648,1,1,1,1,0,126470,2.64,11,1,0.54,126353,1,1,1,0,9,117,51647,3,9,1,2.03
min-width/MinWidthCB_mitdbsample_100_43_1k_5s_1t_5.wcnf.gz,0.563803076,1,0.555745644,0,0.134037765,1,1,1,1,0,21069,2.21,3,2,0.41,20166,1,1,1,0,249,903,15105,862.3,4025,355,428.75
min-width/MinWidthCB_mitdbsample_100_43_1k_5s_2t_5.wcnf.gz,0.565299643,1,0.556835749,0,0.133120697,1,1,1,1,0,21603,2.22,3,2,0.42,20700,1,1,1,0,249,903,15397,862.3,4025,355,428.75
min-width/MinWidthCB_mitdbsample_200_26_1k_10s_1t_10.wcnf.gz,0.570935342,1,0.561782658,0,0.129728147,1,1,1,1,0,37322,2.24,3,2,0.43,35606,1,1,1,0,364,1716,25114,1017.38,3990,385,529.92
min-width/MinWidthCB_mitdbsample_200_32_1k_10s_1t_10.wcnf.gz,0.571278543,1,0.562209248,0,0.130562979,1,1,1,1,0,45104,2.24,3,2,0.43,42992,1,1,1,0,290,2112,30289,887.97,2050,395,360.32
min-width/MinWidthCB_mitdbsample_200_32_1k_10s_1t_12.wcnf.gz,0.575505518,1,0.566859095,0,0.136179749,1,1,1,1,0,53840,2.24,3,2,0.43,50928,1,1,1,0,295,2912,34912,853.13,2050,375,351.56
min-width/MinWidthCB_mitdbsample_200_43_1k_4s_2t_6.wcnf.gz,0.559812382,1,0.550166116,0,0.11668062,1,1,1,1,0,38427,2.22,3,2,0.41,37223,1,1,1,0,326,1204,28148,1137.2,3785,425,482.09
min-width/MinWidthCB_mitdbsample_200_64_1k_10s_1t_12.wcnf.gz,0.575445609,1,0.567015805,0,0.137398757,1,1,1,1,0,104925,2.24,3,2,0.43,99101,1,1,1,0,455,5824,67908,898.77,3950,335,495.62
min-width/MinWidthCB_mitdbsample_200_64_1k_10s_3t_10.wcnf.gz,0.572489684,1,0.563396538,0,0.13153131,1,1,1,1,0,88553,2.24,3,2,0.43,84329,1,1,1,0,438,4224,59010,943.48,3950,340,518.85
min-width/MinWidthCB_mitdbsample_200_64_1k_2s_1t_4.wcnf.gz,0.552114025,1,0.5427172,0,0.110431301,1,1,1,1,0,38084,2.19,3,2,0.4,37124,1,1,1,0,327,960,29310,1144.24,3950,405,634.01
min-width/MinWidthCB_mitdbsample_300_32_1k_15s_1t_17.wcnf.gz,0.582213052,1,0.573850512,0,0.142144941,1,1,1,1,0,88306,2.25,3,2,0.43,82834,1,1,1,0,388,5472,54154,893.79,3465,405,408.04
min-width/MinWidthCB_mitdbsample_300_43_1k_6s_1t_8.wcnf.gz,0.562113893,1,0.551883268,0,0.11388295,1,1,1,1,0,63946,2.23,3,2,0.42,62011,1,1,1,0,345,1935,45939,1034.13,3780,465,485.92
min-width/MinWidthCB_mitdbsample_300_64_1k_3s_3t_3.wcnf.gz,0.547656976,1,0.539194877,0,0.112093727,1,1,1,1,0,28437,2.17,3,2,0.37,27797,1,1,1,0,285,640,22819,1256.99,3755,535,516.96
min-width/MinWidthCB_power_1000_24_1k_10s_1t_10.wcnf.gz,0.556676469,1,0.54522794,0,0.096233865,1,1,1,1,0,91849,2.22,3,2,0.42,90265,1,1,1,0,1168,1584,68409,3989.11,6427,2060,1038.82
min-width/MinWidthCB_power_1000_24_1k_10s_1t_12.wcnf.gz,0.55875201,1,0.547473753,0,0.100395943,1,1,1,1,0,104767,2.22,3,2,0.42,102583,1,1,1,0,1492,2184,76836,3917.93,6427,1856,1028.42
min-width/MinWidthCB_power_1000_24_1k_20s_2t_22.wcnf.gz,0.573232861,1,0.562892029,0,0.123045187,1,1,1,1,0,152925,2.25,3,2,0.43,146301,1,1,1,0,2876,6624,100335,3646.29,6427,1264,1012.25
min-width/MinWidthCB_power_200_24_1k_10s_2t_10.wcnf.gz,0.574622694,1,0.566163495,0,0.137177154,1,1,1,1,0,29540,2.24,3,2,0.43,27956,1,1,1,0,1216,1584,19576,3246.24,6366,967,1061.6
min-width/MinWidthCB_power_600_24_1k_12s_2t_12.wcnf.gz,0.56478711,1,0.554433757,0,0.114949558,1,1,1,1,0,66020,2.23,3,2,0.42,63836,1,1,1,0,1434,2184,46600,3591.39,6412,1430,970.55
MinimumWeightDominatingSetProblem/bn-human-BNU_1_0025865_session_1-bg.wcnf.gz,0,0,0,0,0,1,1,1,1,0,2796816,61.49,8081,1,284.38,1398408,1,1,1,0,200,1398408,1398408,100.5,200,1,57.73
MinimumWeightDominatingSetProblem/channel-500x100x100-b050.wcnf.gz,0,0,0,0,0,1,1,1,1,0,9604000,18.78,19,7,1.04,4802000,1,1,1,0,200,4802000,4802000,100.5,200,1,57.73
MinimumWeightDominatingSetProblem/delaunay_n24.wcnf.gz,0,0,0,0,0,1,1,1,1,0,33554432,7,27,4,1.34,16777216,1,1,1,0,200,16777216,16777216,100.5,200,1,57.73
MinimumWeightDominatingSetProblem/hugebubbles-00020.wcnf.gz,0,0,0,0,0,1,1,1,1,0,42396238,4,4,3,0.03,21198119,1,1,1,0,200,21198119,21198119,100.5,200,1,57.73
MinimumWeightDominatingSetProblem/inf-road-usa.wcnf.gz,0,0,0,0,0,1,1,1,1,0,47894694,3.41,10,2,0.93,23947347,1,1,1,0,200,23947347,23947347,100.5,200,1,57.73
MinimumWeightDominatingSetProblem/sc-rel9.wcnf.gz,0,0,0,0,0,1,1,1,1,0,11843572,8.99,168,3,18.4,5921786,1,1,1,0,200,5921786,5921786,100.5,200,1,57.73
MinimumWeightDominatingSetProblem/web-wikipedia2009.wcnf.gz,0,0,0,0,0,1,1,1,1,0,3728866,5.84,2625,2,11.35,1864433,1,1,1,0,200,1864433,1864433,100.5,200,1,57.73
mpe/random-net-100-2_network-9.net.wcnf.gz,0,0,0,0,0,1,1,1,1,0,2206,3.07,4,2,0.79,96,2.84,3,1,0.41,1582,2110,295,1998.69,13906,1,1281.71
mpe/random-net-30-5_network-7.net.wcnf.gz,0,0,0,0,0,1,1,1,1,0,7791,3.07,4,2,0.78,29,5.53,6,1,0.7,3365,7762,89,1912.95,13605,1,1286.17
mpe/random-net-30-6_network-4.net.wcnf.gz,0,0,0,0,0,1,1,1,1,0,8432,2.97,4,2,0.76,29,5.76,6,1,0.64,3642,8403,86,2086.42,12969,1,1334.91
mpe/random-net-30-6_network-6.net.wcnf.gz,0,0,0,0,0,1,1,1,1,0,6966,3.21,4,2,0.8,29,5.43,6,1,0.82,3254,6937,93,1860.89,12588,0,1293.38
mpe/random-net-40-4_network-10.net.wcnf.gz,0,0,0,0,0,1,1,1,1,0,4112,3.14,4,2,0.75,36,4.7,5,1,0.71,2472,4076,113,1984.19,13989,0,1280.57
mpe/random-net-40-4_network-3.net.wcnf.gz,0,0,0,0,0,1,1,1,1,0,5677,3.05,4,2,0.76,38,4.8,5,1,0.54,2947,5639,116,1992.05,14689,0,1326.33
mpe/random-net-40-4_network-7.net.wcnf.gz,0,0,0,0,0,1,1,1,1,0,4202,2.97,4,2,0.73,39,4.79,5,1,0.6,2492,4163,116,2001.17,13077,2,1293.05
mpe/random-net-40-5_network-10.net.wcnf.gz,0,0,0,0,0,1,1,1,1,0,5241,2.84,4,2,0.79,37,5.35,6,1,0.92,2812,5204,105,1724.29,10643,1,1259.55
mpe/random-net-40-5_network-9.net.wcnf.gz,0,0,0,0,0,1,1,1,1,0,6536,3.17,4,2,0.76,36,5.48,6,1,0.93,3149,6500,114,2038.06,12791,1,1308.78
mpe/random-net-50-4_network-10.net.wcnf.gz,0,0,0,0,0,1,1,1,1,0,4590,2.98,4,2,0.82,46,4.75,5,1,0.71,2620,4544,137,1871.69,13118,0,1337.29
mpe/random-net-50-5_network-1.net.wcnf.gz,0,0,0,0,0,1,1,1,1,0,6199,2.98,4,2,0.74,46,5.25,6,1,0.95,3071,6153,137,1892.31,12378,0,1280.36
mpe/random-net-50-5_network-2.net.wcnf.gz,0,0,0,0,0,1,1,1,1,0,13683,3,4,2,0.78,46,5.77,6,1,0.69,4264,13637,138,2163.56,13265,5,1323.76
mpe/random-net-50-5_network-5.net.wcnf.gz,0,0,0,0,0,1,1,1,1,0,10543,3.08,4,2,0.78,49,5.57,6,1,0.77,3845,10494,151,2023.31,13170,5,1293.17
mpe/random-net-60-3_network-7.net.wcnf.gz,0,0,0,0,0,1,1,1,1,0,2346,2.89,4,2,0.79,57,3.78,4,1,0.58,1667,2289,165,1805.58,9661,3,1248.72
mpe/random-net-60-3_network-9.net.wcnf.gz,0,0,0,0,0,1,1,1,1,0,2777,3.05,4,2,0.77,56,3.71,4,1,0.61,1911,2721,171,1967.41,12356,5,1231.81
ParametricRBACMaintenance/role_domino_0.05_1.cnf.gz,0.928578686,1,0.951390338,0,0.142182978,0.921498849,1,0.921498849,0,0.268958585,1446884,2.07,80,2,1.67,1422999,1,1,1,0,4,23885,73656,41.74,10000,3,69.8
ParametricRBACMaintenance/role_domino_0.05_8.cnf.gz,0.928578686,1,0.951390338,0,0.142182978,0.921498849,1,0.921498849,0,0.268958585,1446884,2.07,80,2,1.67,1422999,1,1,1,0,4,23885,73656,41.74,10000,3,69.8
ParametricRBACMaintenance/role_domino_0.35_4.cnf.gz,0.928578686,1,0.951390338,0,0.142182978,0.921498849,1,0.921498849,0,0.268958585,1446884,2.07,80,2,1.67,1422999,1,1,1,0,4,23885,73656,42.27,70000,19,489.51
ParametricRBACMaintenance/role_domino_0.45_5.cnf.gz,0.928578686,1,0.951390338,0,0.142182978,0.921498849,1,0.921498849,0,0.268958585,1446884,2.07,80,2,1.67,1422999,1,1,1,0,3,23885,73656,41.88,90000,25,629.69
ParametricRBACMaintenance/role_domino_0.6_13.cnf.gz,0.928578686,1,0.951390338,0,0.142182978,0.921498849,1,0.921498849,0,0.268958585,1446884,2.07,80,2,1.67,1422999,1,1,1,0,4,23885,73656,41.68,120000,18,839.96
ParametricRBACMaintenance/role_domino_0.65_4.cnf.gz,0.928578686,1,0.951390338,0,0.142182978,0.921498849,1,0.921498849,0,0.268958585,1446884,2.07,80,2,1.67,1422999,1,1,1,0,4,23885,73656,41.95,130000,16,910.05
ParametricRBACMaintenance/role_domino_0.7_2.cnf.gz,0.928578686,1,0.951390338,0,0.142182978,0.921498849,1,0.921498849,0,0.268958585,1446884,2.07,80,2,1.67,1422999,1,1,1,0,4,23885,73656,42.22,140000,14,980.14
ParametricRBACMaintenance/role_domino_0.95_4.cnf.gz,0.928578686,1,0.951390338,0,0.142182978,0.921498849,1,0.921498849,0,0.268958585,1446884,2.07,80,2,1.67,1422999,1,1,1,0,4,23885,73656,41.64,190000,2,1330.66
ParametricRBACMaintenance/role_domino_1.0_15.cnf.gz,0.928578686,1,0.951390338,0,0.142182978,0.9616,1,0.9616,0,0.192159933,1424874,2.07,80,2,1.67,1422999,1,1,1,0,3,1875,73656,532.88,200000,55,4973.22
ParametricRBACMaintenance/role_smallcomp_0.9_4.cnf.gz,0.730490616,1,0.797705084,0,0.245233965,0.783561644,1,0.783561644,0,0.411816457,2994,2.31,14,2,1.41,2629,1,1,1,0,4,365,686,2740.08,180000,350,12858.62
ParametricRBACMaintenance/role_smallcomp_1.0_0.cnf.gz,0.730490616,1,0.797705084,0,0.245233965,0.82278481,1,0.82278481,0,0.381850712,2708,2.31,14,2,1.41,2629,1,1,1,0,3,79,686,12657.82,200000,1538,28725.77
ParametricRBACMaintenance/role_university_0.55_2.cnf.gz,0.79745948,1,0.85249202,0,0.216074749,0.815119197,1,0.815119197,0,0.388200839,2643405,2.23,494,2,3.77,2595585,1,1,1,0,4,47820,323712,21.23,110000,6,544.4
ParametricRBACMaintenance/role_university_0.6_8.cnf.gz,0.79745948,1,0.85249202,0,0.216074749,0.815119197,1,0.815119197,0,0.388200839,2643405,2.23,494,2,3.77,2595585,1,1,1,0,4,47820,323712,20.73,120000,7,593.92
ParametricRBACMaintenance/role_university_0.85_2.cnf.gz,0.79745948,1,0.85249202,0,0.216074749,0.815119197,1,0.815119197,0,0.388200839,2643405,2.23,494,2,3.77,2595585,1,1,1,0,4,47820,323712,21.09,170000,4,841.55
ParametricRBACMaintenance/role_university_0.85_9.cnf.gz,0.79745948,1,0.85249202,0,0.216074749,0.815119197,1,0.815119197,0,0.388200839,2643405,2.23,494,2,3.77,2595585,1,1,1,0,4,47820,323712,21.09,170000,4,841.55
pseudoBoolean/miplib/normalized-mps-v2-20-10-cracpb1.opb.msat.wcnf.gz,0.530765143,1,0.56229259,0,0.288048407,1,1,1,1,0,60266,2.9,14,1,0.81,59694,1,1,1,0,163,572,17336,957.64,5000,11,1343.75
pseudoBoolean/miplib/normalized-mps-v2-20-10-l152lav.opb.msat.wcnf.gz,0.511073547,1,0.52331045,0,0.233376618,1,1,1,1,0,99188,3.23,16,1,0.68,97199,1,1,1,0,162,1989,24570,192.32,268,11,44.29
pseudoBoolean/miplib/normalized-mps-v2-20-10-lp4l.opb.msat.wcnf.gz,0.515992753,1,0.531692025,0,0.239529462,1,1,1,1,0,36906,3.11,10,1,0.7,35820,1,1,1,0,122,1086,10516,181.58,283,12,59.89
pseudoBoolean/miplib/normalized-mps-v2-20-10-mod008.opb.msat.wcnf.gz,0.496742244,1,0.500760882,0,0.217025839,1,1,1,1,0,62357,3.57,93,1,1.4,62038,1,1,1,0,26,319,10309,73.84,87,56,8.34
pseudoBoolean/miplib/normalized-mps-v2-20-10-mod010.opb.msat.wcnf.gz,0.518756911,1,0.536678371,0,0.240695454,1,1,1,1,0,82116,3.05,4,1,0.7,79461,1,1,1,0,130,2655,24776,184.26,266,12,42.67
pseudoBoolean/miplib/normalized-mps-v2-20-10-p0548.opb.msat.wcnf.gz,0.518090852,1,0.538726853,0,0.260781351,1,1,1,1,0,19630,3.01,14,1,0.75,19214,1,1,1,0,227,416,5519,232.69,11000,5,656.79
pseudoBoolean/miplib/normalized-mps-v2-20-10-sentoy.opb.msat.wcnf.gz,0.500067373,1,0.501677684,0,0.224291842,0,0,0,0,0,89540,3.57,16,1,0.62,89480,1,1,1,0,47,60,13262,157.67,974,2,249.06
railway-transport/bf2030fvslack.wcnf.gz,0.382660456,1,0.379161779,0,0.149908344,1,1,1,1,0,12813219,4.04,5,2,0.83,12750182,1,1,1,0,63,63037,134318,8.91,184,1,17.65
railway-transport/f2030.wcnf.gz,0.408134056,1,0.410701536,0,0.185388725,1,1,1,1,0,2285655,3.56,5,1,0.82,2279475,1,1,1,0,5,6180,84321,4.79,50,1,9.1
railway-transport/r11.wcnf.gz,0.384012252,1,0.383573048,0,0.133134511,1,1,1,1,0,17367985,4.1,5,1,0.74,17198332,1,1,1,0,1748,169653,392515,731.97,7498,2,1171.35
railway-transport/wg2.wcnf.gz,0.474003694,1,0.47441475,0,0.137866724,1,1,1,1,0,2879010,3.65,5,2,0.69,2876774,1,1,1,0,2,2236,112389,1.29,10,1,1.59
ramsey/ram_k3_n12.ra1.wcnf.gz,0,,,,,0.818181818,1,0.692307692,0,0.461538462,715,0,0,0,0,0,5.08,6,3,1.38,521,715,66,505.77,995,1,290.89
ramsey/ram_k3_n13.ra1.wcnf.gz,0,,,,,0.833333333,1,0.714285714,0,0.451753951,1001,0,0,0,0,0,5.14,6,3,1.36,630,1001,78,504.76,1000,1,297.65
ramsey/ram_k3_n14.ra1.wcnf.gz,0,,,,,0.846153846,1,0.733333333,0,0.442216639,1365,0,0,0,0,0,5.2,6,3,1.33,768,1365,91,504.64,998,1,289.15
ramsey/ram_k3_n15.ra1.wcnf.gz,0,,,,,0.857142857,1,0.75,0,0.433012702,1820,0,0,0,0,0,5.25,6,3,1.3,837,1820,105,499.63,1000,1,286.84
ramsey/ram_k3_n16.ra1.wcnf.gz,0,,,,,0.866666667,1,0.764705882,0,0.424182503,2380,0,0,0,0,0,5.29,6,3,1.27,907,2380,120,492.22,1000,2,289.28
ramsey/ram_k3_n17.ra1.wcnf.gz,0,,,,,0.875,1,0.777777778,0,0.41573971,3060,0,0,0,0,0,5.33,6,3,1.25,959,3060,136,498.91,998,1,291.35
ramsey/ram_k3_n18.ra1.wcnf.gz,0,,,,,0.882352941,1,0.789473684,0,0.407682457,3876,0,0,0,0,0,5.37,6,3,1.22,974,3876,153,498.66,1000,1,286.68
ramsey/ram_k3_n19.ra1.wcnf.gz,0,,,,,0.888888889,1,0.8,0,0.4,4845,0,0,0,0,0,5.4,6,3,1.2,993,4845,171,504.28,1000,1,288.33
ramsey/ram_k3_n20.ra1.wcnf.gz,0,,,,,0.894736842,1,0.80952381,0,0.392676726,5985,0,0,0,0,0,5.43,6,3,1.18,998,5985,190,501.06,1000,1,288.25
ramsey/ram_k4_n18.ra1.wcnf.gz,0,,,,,0.5,1,0.5,0,0.5,6120,0,0,0,0,0,6,6,6,0,997,6120,153,500.67,1000,1,287.14
ramsey/ram_k4_n19.ra1.wcnf.gz,0,,,,,0.5,1,0.5,0,0.5,7752,0,0,0,0,0,6,6,6,0,1000,7752,171,500.91,1000,1,289.24
ramsey/ram_k4_n20.ra1.wcnf.gz,0,,,,,0.5,1,0.5,0,0.5,9690,0,0,0,0,0,6,6,6,0,1000,9690,190,499.99,1000,1,287.47
relational-inference/pa-2.wcnf.gz,0.004846297,1,0.001633068,0,0.033029396,0.702327156,1,0.688267263,0,0.066800881,23364255,1,3,1,0.1,8237870,3.36,177,1,0.75,36,15126385,17997976,164.09,252,20,51.1
relational-inference/pa-3.wcnf.gz,0.005751101,1,0.001962451,0,0.036354696,0.695886446,1,0.687179807,0,0.052659853,22951677,1.01,3,1,0.11,10785660,3.29,127,1,0.59,36,12166017,19264629,152.27,252,20,57.82
set-covering/random/scpnr/scpnre2_weighted.wcnf.gz,0,0,0,0,0,1,1,1,1,0,5500,498.73,561,447,20.89,500,1,1,1,0,100,5000,5000,50.71,100,1,29.06
set-covering/random/scpnr/scpnrf5_weighted.wcnf.gz,0,0,0,0,0,1,1,1,1,0,5500,998.67,1084,922,27.69,500,1,1,1,0,100,5000,5000,51.59,100,1,28.95
set-covering/random/scpnr/scpnrg1_weighted.wcnf.gz,0,0,0,0,0,1,1,1,1,0,11000,199.47,254,153,14.13,1000,1,1,1,0,100,10000,10000,50.55,100,1,28.79
set-covering/random/scpnr/scpnrg2_weighted.wcnf.gz,0,0,0,0,0,1,1,1,1,0,11000,199.45,254,154,14.12,1000,1,1,1,0,100,10000,10000,50.43,100,1,29.11
set-covering/random/scpnr/scpnrg3_weighted.wcnf.gz,0,0,0,0,0,1,1,1,1,0,11000,199.5,258,154,14.22,1000,1,1,1,0,100,10000,10000,50.61,100,1,29.1
set-covering/random/scpnr/scpnrg4_weighted.wcnf.gz,0,0,0,0,0,1,1,1,1,0,11000,199.46,256,155,14.19,1000,1,1,1,0,100,10000,10000,51.08,100,1,28.85
set-covering/random/scpnr/scpnrg5_weighted.wcnf.gz,0,0,0,0,0,1,1,1,1,0,11000,199.45,256,155,14.19,1000,1,1,1,0,100,10000,10000,50.67,100,1,28.91
set-covering/random/scpnr/scpnrh1_weighted.wcnf.gz,0,0,0,0,0,1,1,1,1,0,11000,499.16,579,438,22.3,1000,1,1,1,0,100,10000,10000,50.68,100,1,29
set-covering/random/scpnr/scpnrh2_weighted.wcnf.gz,0,0,0,0,0,1,1,1,1,0,11000,499.17,580,437,22.27,1000,1,1,1,0,100,10000,10000,50.75,100,1,28.69
set-covering/random/scpnr/scpnrh3_weighted.wcnf.gz,0,0,0,0,0,1,1,1,1,0,11000,499.13,578,437,22.21,1000,1,1,1,0,100,10000,10000,50.36,100,1,28.89
set-covering/random/scpnr/scpnrh4_weighted.wcnf.gz,0,0,0,0,0,1,1,1,1,0,11000,499.15,578,437,22.21,1000,1,1,1,0,100,10000,10000,50.23,100,1,28.82
set-covering/random/scpnr/scpnrh5_weighted.wcnf.gz,0,0,0,0,0,1,1,1,1,0,11000,499.18,578,436,22.19,1000,1,1,1,0,100,10000,10000,50.42,100,1,29
shiftdesign/limits-10-10_data-1_inst-044_30m.sm-extracted.wcnf.gz,0.523914725,1,0.525734927,0,0.206047666,0.538234838,1,0.538234838,0,0.498535954,12282001,2.53,124,1,0.91,12275554,1,1,1,0,3,6447,5352789,172329.06,10009058,1,1296001.41
shiftdesign/limits-10-10_data-1_inst-084_30m.sm-extracted.wcnf.gz,0.530752474,1,0.531524182,0,0.203349691,0.551932559,1,0.551932559,0,0.497295696,16584658,2.55,190,1,0.94,16578371,1,1,1,0,3,6287,6972354,167220.31,9471298,1,1241598.4
shiftdesign/limits-10-10_data-1_inst-102_30m.sm-extracted.wcnf.gz,0.522064905,1,0.524206769,0,0.20693141,0.581629232,1,0.581629232,0,0.493291667,10954975,2.52,135,1,0.9,10949009,1,1,1,0,3,5966,4820687,156144.53,8392417,1,1128825.39
shiftdesign/limits-10-10_data-1_inst-122_30m.sm-extracted.wcnf.gz,0.524239231,1,0.526036119,0,0.206082899,0.596219931,1,0.596219931,0,0.490654384,11993093,2.53,128,1,0.91,11987273,1,1,1,0,3,5820,5222301,150702.74,7901711,1,1075812.87
shiftdesign/limits-10-10_data-1_inst-182_30m.sm-extracted.wcnf.gz,0.529946239,1,0.530840166,0,0.20378219,0.615248227,1,0.615248227,0,0.486536583,14614651,2.55,195,1,0.94,14609011,1,1,1,0,3,5640,6168489,143605.88,7296731,1,1008857.52
shiftdesign/limits-10-10_data-2_inst-003_30m.sm-extracted.wcnf.gz,0.528252763,1,0.52938021,0,0.20427217,0.542526579,1,0.542526579,0,0.498188207,14847765,2.54,179,1,0.93,14841369,1,1,1,0,3,6396,6324148,170728.4,9837647,1,1278784.88
shiftdesign/limits-10-10_data-2_inst-025_30m.sm-extracted.wcnf.gz,0.532533113,1,0.533025584,0,0.202484199,0.524248376,1,0.524248376,0,0.49941167,19960198,2.55,195,1,0.95,19953579,1,1,1,0,3,6619,8305647,177545.5,10587150,1,1353236.57
shiftdesign/limits-10-10_data-2_inst-030_30m.sm-extracted.wcnf.gz,0.541681481,1,0.540894563,0,0.198223639,0.52023988,1,0.52023988,0,0.499590179,31538911,2.58,236,1,0.99,31532241,1,1,1,0,3,6670,12433979,179040.52,10758561,1,1369968.87
shiftdesign/limits-10-10_data-3_inst-002_30m.sm-extracted.wcnf.gz,0.52434041,1,0.526101995,0,0.205965066,0.49378453,1,0.49378453,0,0.499961366,12220105,2.53,128,1,0.91,12214313,1,1,1,0,3,5792,5316063,154616.92,8067939,1,1101044.69
shiftdesign/limits-10-10_data-3_inst-003_30m.sm-extracted.wcnf.gz,0.519495354,1,0.522071579,0,0.207976466,0.523271732,1,0.523271732,0,0.499458133,9953835,2.51,105,1,0.89,9947991,1,1,1,0,3,5844,4436837,156107.77,8218863,1,1116738.03
shiftdesign/limits-10-10_data-4_inst-003_60m.sm-extracted.wcnf.gz,0.548393888,1,0.546584408,0,0.194860925,0.487262173,1,0.487262173,0,0.499837721,11341011,2.6,311,1,1.02,11337910,1,1,1,0,3,3101,4277374,30205.68,2341695,1,260869.69
spot5/dir/1405.wcsp.dir.wcnf.gz,0.784068446,1,0.793017667,0,0.312824038,1,1,1,1,0,30401,2.19,4,2,0.43,29546,1,1,1,0,5,855,2295,743.44,2000,1,892.1
spot5/log/1401.wcsp.log.wcnf.gz,0.28283297,0.5,0.268270746,0,0.19110302,1,1,1,1,0,15294,3.78,6,2,1.02,14806,1.44,2,1,0.5,5,488,701,1301.57,2000,1,817.69
spot5/log/1403.wcsp.log.wcnf.gz,0.289512636,0.5,0.274436084,0,0.193524662,1,1,1,1,0,19536,3.87,6,2,1.06,18871,1.49,2,1,0.5,5,665,991,955.5,2000,1,906.01
spot5/log/1405.wcsp.log.wcnf.gz,0.299070439,0.5,0.287296727,0,0.205538556,1,1,1,1,0,29921,3.91,6,2,0.93,29066,1.56,2,1,0.5,5,855,1335,743.44,2000,1,892.1
spot5/log/1407.wcsp.log.wcnf.gz,0.302409097,0.5,0.291210494,0,0.207728723,1,1,1,1,0,36990,3.96,6,2,0.93,35933,1.61,2,1,0.49,5,1057,1706,601.58,2000,1,853.77
staff-scheduling/instance10.wcnf.gz,0.506802173,1,0.510626477,0,0.139470235,0.846532971,1,0.846532971,0,0.360437096,1752998,2.48,6,1,0.52,1747114,1,1,1,0,4,5884,440296,12.71,100,1,31.9
staff-scheduling/instance11.wcnf.gz,0.515985877,1,0.523365408,0,0.164011128,0.884615385,1,0.884615385,0,0.319485533,968374,2.47,7,1,0.55,959638,1,1,1,0,4,8736,239450,10.23,100,1,28.72
staff-scheduling/instance12.wcnf.gz,0.524781143,1,0.533294715,0,0.171884215,0.92445709,1,0.92445709,0,0.264265357,2308011,2.46,11,1,0.56,2290789,1,1,1,0,4,17222,558350,6.81,100,1,23.22
staff-scheduling/instance2.wcnf.gz,0.502155379,1,0.51282352,0,0.198348594,0.651982379,1,0.651982379,0,0.476341638,17506,2.45,6,1,0.59,17052,1,1,1,0,4,454,4750,24.63,100,1,42.11
staff-scheduling/instance3.wcnf.gz,0.511438653,1,0.52159197,0,0.181799657,0.786504425,1,0.786504425,0,0.40977459,49456,2.44,7,1,0.56,48552,1,1,1,0,4,904,13155,17.94,100,1,37.18
staff-scheduling/instance4.wcnf.gz,0.498772439,1,0.509673028,0,0.197633129,0.629160063,1,0.629160063,0,0.483029686,26097,2.46,6,1,0.6,25466,1,1,1,0,4,631,7010,29.7,100,1,44.76
staff-scheduling/instance5.wcnf.gz,0.498766275,1,0.506960954,0,0.173420383,0.633732535,1,0.633732535,0,0.481783778,63254,2.45,7,1,0.59,62252,1,1,1,0,4,1002,17436,29.57,100,1,44.73
staff-scheduling/instance6.wcnf.gz,0.510563311,1,0.52216598,0,0.186716438,0.765634487,1,0.765634487,0,0.423601605,84424,2.46,7,1,0.58,82777,1,1,1,0,4,1647,21771,19.06,100,1,38.12
staff-scheduling/instance7.wcnf.gz,0.508840923,1,0.518433117,0,0.175455969,0.773268398,1,0.773268398,0,0.418717545,112003,2.45,7,1,0.57,110155,1,1,1,0,4,1848,29796,17.97,100,1,37.18
staff-scheduling/instance8.wcnf.gz,0.512633187,1,0.520810324,0,0.165380684,0.826778243,1,0.826778243,0,0.378438872,305999,2.44,7,1,0.55,302414,1,1,1,0,4,3585,81096,14.37,100,1,33.75
staff-scheduling/instance9.wcnf.gz,0.506348245,1,0.510569505,0,0.14116259,0.870075047,1,0.870075047,0,0.33622085,1140473,2.48,6,1,0.52,1136209,1,1,1,0,4,4264,287144,10.57,100,1,29.17
tcp/tcp_students_105_it_2.wcnf.gz,0.956806252,1,0.982068901,0,0.102311012,1,1,1,1,0,201185,1.06,20,1,0.34,200907,1,1,1,0,3,278,196687,237.31,261,150,24.92
tcp/tcp_students_105_it_3.wcnf.gz,0.957727399,1,0.982396547,0,0.101014632,1,1,1,1,0,200943,1.06,21,1,0.33,200686,1,1,1,0,3,257,196641,237.75,261,150,26.17
tcp/tcp_students_105_it_6.wcnf.gz,0.956676848,1,0.982021848,0,0.102537434,1,1,1,1,0,201209,1.06,29,1,0.35,200930,1,1,1,0,3,279,196694,235.94,261,150,26.86
tcp/tcp_students_112_it_13.wcnf.gz,0.961290019,1,0.983991675,0,0.096504903,1,1,1,1,0,243015,1.05,23,1,0.32,242731,1,1,1,0,3,284,238208,239.33,261,150,25.16
tcp/tcp_students_112_it_2.wcnf.gz,0.961294041,1,0.983990353,0,0.096466356,1,1,1,1,0,243000,1.05,19,1,0.32,242712,1,1,1,0,3,288,238210,237.9,261,150,24.23
tcp/tcp_students_112_it_5.wcnf.gz,0.961858851,1,0.984198485,0,0.095734077,1,1,1,1,0,242852,1.05,20,1,0.32,242578,1,1,1,0,3,274,238175,238,261,150,26.34
tcp/tcp_students_112_it_9.wcnf.gz,0.96144858,1,0.984050835,0,0.096339642,1,1,1,1,0,242979,1.05,21,1,0.32,242694,1,1,1,0,3,285,238198,233.03,261,150,26.86
tcp/tcp_students_91_it_13.wcnf.gz,0.947754808,1,0.978102729,0,0.112771682,1,1,1,1,0,132268,1.07,19,1,0.38,132037,1,1,1,0,3,231,128562,235.88,261,150,27.89
tcp/tcp_students_98_it_11.wcnf.gz,0.951377153,1,0.979838196,0,0.108736464,1,1,1,1,0,164600,1.07,26,1,0.38,164314,1,1,1,0,3,286,160231,235.24,261,150,29.08
tcp/tcp_students_98_it_14.wcnf.gz,0.950803035,1,0.979623615,0,0.109240044,1,1,1,1,0,164714,1.07,23,1,0.38,164415,1,1,1,0,3,299,160256,238.76,261,150,23.59
tcp/tcp_students_98_it_15.wcnf.gz,0.952769131,1,0.980328672,0,0.106807203,1,1,1,1,0,164293,1.06,17,1,0.36,164034,1,1,1,0,3,259,160174,238.49,261,150,25.64
tcp/tcp_students_98_it_2.wcnf.gz,0.953330846,1,0.980544932,0,0.106251248,1,1,1,1,0,164185,1.06,18,1,0.36,163941,1,1,1,0,3,244,160150,239.39,261,150,22.71
tcp/tcp_students_98_it_6.wcnf.gz,0.951439229,1,0.97984435,0,0.108458603,1,1,1,1,0,164562,1.07,22,1,0.37,164279,1,1,1,0,3,283,160230,237,261,150,22.88
timetabling/comp01.wcnf.gz,0.8228332,1,0.767134143,0,0.258606447,0.343137255,0.5,0.311704835,0,0.170312474,64189,3.12,30,1,0.97,63665,2.34,3,1,0.79,2,524,13864,2.6,5,2,1.2
timetabling/comp02.wcnf.gz,0.894728217,1,0.846102229,0,0.227790884,0.365191987,0.5,0.351405622,0,0.151436778,578209,3.39,16,1,0.89,576217,2.41,3,1,0.7,2,1992,111869,2.36,5,2,0.98
timetabling/comp05.wcnf.gz,0.787742729,1,0.76242053,0,0.26995134,0.370941438,0.5,0.377864078,0,0.10081529,180478,2.84,36,1,1.04,175328,2.62,3,1,0.54,2,5150,34902,2.09,5,2,0.5
timetabling/comp06.lp.sm-extracted.wcnf.gz,0.632052275,1,0.623030536,0,0.113568279,1,1,1,1,0,9512172,2.82,19,1,0.49,9492659,1,1,1,0,99,19513,1734201,43.98,170,1,36.99
timetabling/comp07.lp.sm-extracted.wcnf.gz,0.63681703,1,0.62861029,0,0.106261928,1,1,1,1,0,14503261,2.84,21,1,0.47,14480716,1,1,1,0,104,22545,2340335,38.47,130,1,28.4
timetabling/comp07.wcnf.gz,0.942333451,1,0.908727949,0,0.188755551,0.358272846,0.5,0.335804623,0,0.164784247,1806892,3.64,20,1,0.75,1804599,2.34,3,1,0.74,2,2293,216804,2.48,5,2,1.1
timetabling/comp09.wcnf.gz,0.905807929,1,0.860071147,0,0.223811807,0.368441737,0.5,0.359023456,0,0.143858488,606143,3.45,18,1,0.86,604054,2.44,3,1,0.67,2,2089,107448,2.31,5,2,0.91
timetabling/comp12.wcnf.gz,0.871501887,1,0.829517679,0,0.240945093,0.369432852,0.5,0.373865053,0,0.107476757,473168,3.22,36,1,0.99,467551,2.6,3,1,0.56,2,5617,83492,2.12,5,2,0.58
timetabling/comp13.lp.sm-extracted.wcnf.gz,0.626752086,1,0.616893471,0,0.119930408,1,1,1,1,0,6539599,2.79,20,1,0.52,6522294,1,1,1,0,100,17305,1350255,49.17,200,1,36.08
timetabling/comp18.wcnf.gz,0.831756661,1,0.778229169,0,0.260211357,0.364912281,0.5,0.362189055,0,0.124174958,175639,3.15,9,1,0.96,173629,2.55,3,1,0.62,2,2010,41185,2.21,5,2,0.76
timetabling/dds4.wcnf.gz,0.952477853,1,0.922754755,0,0.175328226,0.34874452,0.5,0.34350464,0,0.110090673,12848872,3.7,50,1,0.69,12843268,2.69,3,1,0.58,2,5604,1360646,2.19,5,2,0.73
timetabling/EA07.lp.sm-extracted.wcnf.gz,0.645058167,1,0.638432517,0,0.088313977,1,1,1,1,0,117849607,2.88,52,1,0.53,117689027,1,1,1,0,162,160580,14816613,63.92,201,1,45.04
timetabling/test1.wcnf.gz,0.930061398,1,0.89315937,0,0.208773976,0.355920602,0.5,0.318159569,0,0.191425273,184475,3.59,20,1,0.78,183794,2.15,3,1,0.77,2,681,21022,2.71,5,2,1.27
timetabling/test3.lp.sm-extracted.wcnf.gz,0.614116947,1,0.602858964,0,0.138527041,1,1,1,1,0,1952788,2.74,21,1,0.53,1948350,1,1,1,0,33,4438,499047,38.66,210,1,39.92
timetabling/test3.wcnf.gz,0.867132484,1,0.810849516,0,0.2403799,0.373768264,0.5,0.354472802,0,0.167194239,274319,3.28,20,1,0.91,273026,2.28,3,1,0.71,2,1293,65415,2.45,5,2,1.07
timetabling/test4.wcnf.gz,0.863453978,1,0.805727143,0,0.239788012,0.364915074,0.5,0.350765306,0,0.152039176,295717,3.26,25,1,0.91,294149,2.4,3,1,0.7,2,1568,69420,2.37,5,2,0.99