instance,balance-soft,balance-hard-max,balance-hard-min,balance-hard-std,balance-hard-entropy,balance-soft-min,balance-soft-std,balance-soft-entropy,nhard_len_stats.ave,nhard_len_stats.min,nhard_len_stats.stddev,nsoft_len_stats.stddev,nvars,VG-mean,VG-max,VG-std,VG-entropy,VCG_C-entropy,VCG_C-mean,VCG_C-std,VCG_V-entropy,VCG_V-min,VCG_V-std,Horn-fraction,Horn-V-mean,Horn-V-min,Horn-V-std
min-fill/MinFill_R3_miles1000.wcnf.gz,1.0,1.0,0.0,0.205779767,1.959644709,1,0.0,0.0,3.87,1,1.52,0.0,122896,65.86964588,1108,138.4369281,3.102246595,1.268698445,3.857807357,1.527110353,3.0163674960000004,1,86.03201274,0.587883551,17.23796543,1,45.58881166
pseudoBoolean/primes-dimacs-cnf/normalized-par32-2.opb.msat.wcnf.gz,1.0,1.0,0.0,0.448985064,0.592926673,1,0.0,0.0,2.29,1,0.69,0.0,6352,6.965680101,158,12.49665269,1.727397612,1.070526255,1.825610307,0.830852624,1.657369848,2,6.255590288,0.582730561,2.0,2,0.0
SeanSafarpour/rsdecoder-problem.dimacs_38.filtered.wcnf.gz,0.50543157,0.0,0.0,0.0,0.0,0,0.182596091,1.301172774,0.0,0,0.0,0.5,1198007,6.110462627,1497,19.97236719,1.5435665019999998,0.70722787,2.571394534,0.503331995,1.907581223,2,28.20345002,0.67145732,5.167364631,2,15.34091987
close_solutions/SAT04__industrial__velev__pipe-sat-1-1__12pipe_bug6_q0.used-as.sat04-725.cnf.wcnf.7.wcnf.gz,0.968197702,1.0,0.0,0.204166583,0.859007973,0,0.17547339399999998,0.140952374,2.97,1,8.79,0.0,138795,163.66264630000003,13241,518.2310535,3.908015176,0.6783370240000001,2.914005349,8.670960881000001,3.663682436,3,443.7383059,0.960475852,69.90333946,1,228.3201244
extension-enforcement/extension-enforcement_non-strict_stb_200_0.05_3_10_0.wcnf.gz,0.951002506,1.0,0.0,0.209527358,1.056103663,0,0.215862779,0.195552778,2.74,2,7.12,0.0,76190,105.5511222,968,108.3295886,0.938021094,1.069453853,2.371342079,6.3574444560000005,0.25002931300000003,2,38.70852070000001,0.998990918,5.359102244,2,38.68648489
railway-transport/we.wcnf.gz,1.0,1.0,0.0,0.152956962,1.384158696,1,0.0,0.0,3.72,2,0.65,0.0,280446,111.9373783,673,64.46553175,4.934686949,0.907479796,3.715699944,0.664481667,4.688093703,3,53.49207643,0.127692993,7.926228222000001,1,7.574914793
maxcut/dimacs_mod/MANN_a27.clq.wcnf.gz,0.5,0.0,0.0,0.0,0.0,0,0.5,0.693147181,0.0,0,0.0,0.0,42,41.23809524,42,1.615542424,0.931381978,0.0,2.0,0.0,0.931381978,62,3.231084848,0.5,40.23809524,31,1.615542424
des/cnf.19.p.7.wcnf.gz,1.0,1.0,0.0,0.29917035,1.224833703,1,0.0,0.0,2.31,1,0.83,0.0,117382,10.39547801,26,6.263124007,2.290906031,0.8284128470000001,2.292134831,0.8400883029999999,2.116274031,4,6.696041827999999,0.781901145,6.918590585,2,5.227705947
des/cnf.19.p.9.wcnf.gz,1.0,1.0,0.0,0.299157923,1.224771849,1,0.0,0.0,2.31,1,0.83,0.0,129190,10.39594396,26,6.263401097999999,2.290755865,0.828313752,2.292155218,0.8400594709999999,2.116204662,4,6.696209659,0.7819089029999999,6.919010759,2,5.227682105
extension-enforcement/extension-enforcement_non-strict_stb_200_0.1_2_10_1.wcnf.gz,0.899674185,1.0,0.0,0.209527358,1.056103663,0,0.300433929,0.325798272,2.74,2,7.12,0.0,76190,105.5511222,968,108.3295886,0.938021094,1.069453853,2.371342079,6.3574444560000005,0.25002931300000003,2,38.70852070000001,0.998990918,5.359102244,2,38.68648489
SeanSafarpour/rsdecoder1_blackbox_KESblock-problem.dimacs_30.filtered.wcnf.gz,0.5008124110000001,0.0,0.0,0.0,0.0,0,0.184393728,1.320402102,0.0,0,0.0,0.51,339892,6.066344604,885,17.14081877,1.651613058,0.7303828529999999,2.566664497,0.5144648860000001,1.892656901,1,27.33028514,0.669235414,5.193740953,1,14.48219111
MaximumCommonSub-GraphExtraction/solved/g4_n58e71_n61e85_n100e127_n104e131.wcnf.gz,0.0,1.0,0.024390244,0.06995841900000001,0.095761818,0,0.0,0.0,2.6,1,0.84,0.0,4351,121.8117674,200,42.44293379,4.51023255,0.6895356140000001,2.596529156,0.8452129820000001,4.4949144510000005,5,275.589738,0.999169108,150.4966674,4,275.4850058
optic/gen_mult_3_6_9999.wcnf.gz,1.0,0.0,0.0,0.0,0.0,1,0.0,0.0,34.49,1,15.88,0.0,1044,489.0402299,829,131.76248629999998,5.855550944,4.058325909,31.67114905,17.81712077,6.229196813,2,276.5194651,0.08470891400000001,1.007662835,1,0.087201584
min-fill/MinFill_R0_myciel7.wcnf.gz,1.0,1.0,0.0,0.19418631,1.853808022,1,0.0,0.0,4.22,1,1.43,0.0,328138,101.7893935,1901,238.1801683,3.0422303060000004,1.053526422,4.209769627,1.436077723,3.080448193,5,150.5671233,0.514695335,25.58067033,1,67.60256085
optic/gen_mult_5_5_399.wcnf.gz,1.0,0.0,0.0,0.0,0.0,1,0.0,0.0,30.25,1,24.9,0.0,14256,861.4810606000002,7580,504.7682498,7.185465838,4.100878047,26.71397052,25.22093162,6.215111747999999,2,243.5029602,0.121052944,1.000631313,1,0.025118013
scheduling/cnf_small.wcnf.gz,0.632958801,1.0,0.0,0.28142588,1.5247959780000002,0,0.481997881,0.657362158,2.52,2,1.7,0.0,12617,19.46841563,567,34.10845226,1.386423089,0.744882002,2.514203761,1.698530212,1.132567952,3,23.61768922,0.7306915970000001,6.0462867560000015,2,15.60228574
atcoss/sugar/atcoss_sugar_10.wcnf.gz,0.0,1.0,0.0,0.27337944,2.120824844,0,0.0,0.0,3.41,1,1.4,0.0,43861,29.37833155,610,61.98358343,3.19699684,1.436425473,3.404720226,1.396666701,3.292523415,2,90.82866416,0.707059578,21.73552815,1,57.05984297
bcp/hipp-yRa1/simp/simp-ibd_50.08.wcnf.gz,1.0,1.0,0.0,0.236533686,1.307135638,1,0.0,0.0,2.57,1,0.95,0.0,2952,48.06165312,135,28.46476438,4.514067709,0.729963584,2.570641305,0.953567718,3.831799218,1,31.03420221,0.301742145,11.25033875,0,11.19069735
railway-transport/pesp_5min.wcnf.gz,1.0,1.0,0.0,0.153999309,1.554746477,1,0.0,0.0,3.83,1,0.72,0.0,34756,151.6663022,940,92.53826831,4.867895352,1.068378429,3.822004909,0.7358380609999999,5.0185244,3,96.97256307,0.110715706,10.113074,2,10.36158573
maxclique/structured/brock800_1.clq.wcnf.gz,0.5,0.0,0.0,0.0,0.0,0,0.5,0.693147181,0.0,0,0.0,0.0,40,26.55,34,2.597595042,2.195273549,0.0,2.0,0.0,2.195273549,40,5.195190083,0.5,25.55,20,2.597595042
gen-hyper-tw/GenHyperTW_b01.wcnf.gz,1.0,1.0,0.0,0.183458438,1.3676393269999998,1,0.0,0.0,3.45,1,1.74,0.0,55117,23.66262678,369,60.7838475,2.106718582,1.226284767,3.449728038,1.741557127,2.101401363,2,26.21480965,0.654684313,4.750439973,1,12.2007168
MaximumCommonSub-GraphExtraction/solved/g5_n24e23_n28e29_n32e33_n32e33_n38e39.wcnf.gz,0.0,1.0,0.03030303,0.076203908,0.109186765,0,0.0,0.0,2.51,2,0.85,0.0,2519,100.3425963,211,17.06877641,2.534381007,0.701629318,2.511808845,0.8488641729999999,2.531683468,67,241.6486795,0.999039667,121.4775705,66,241.56421290000003
ramsey/ram_k3_n14.ra0.wcnf.gz,0.846153846,0.0,0.0,0.0,0.0,0,0.442216639,0.579915171,0.0,0,0.0,1.33,91,91.0,91,0.0,0.0,0.579915171,5.2,1.326649916,0.0,78,0.0,0.7333333329999999,66.0,66,0.0
MaxSATQueriesinInterpretableClassifiers/MLIC_maxsat_benchmarks/credit_train_1_CNF_4_1.wcnf.gz,1.0,1.0,0.0,0.167279905,0.130590602,1,0.0,0.0,2.3,2,2.11,0.0,111547,39.89054838,19470,429.1976091,0.723822348,0.235226598,2.278471006,2.100259437,0.7223272340000001,2,425.7556623,0.971685648,27.39049011,1,337.4100673
maxcut/dimacs_mod/san400_0.7_2.clq.wcnf.gz,0.5,0.0,0.0,0.0,0.0,0,0.5,0.693147181,0.0,0,0.0,0.0,40,29.15,34,2.743628984,2.268097886,0.0,2.0,0.0,2.268097886,44,5.487257967000001,0.5,28.15,22,2.743628984
MaxSATQueriesinInterpretableClassifiers/wcnf_gz/adult_train_5_CNF_3_1.wcnf.gz,1.0,1.0,0.0,0.220859295,0.202684552,1,0.0,0.0,2.33,2,1.74,0.0,96481,25.87872224,28190,396.5141358,0.830531957,0.378657205,2.283313732,1.728085851,0.82922106,2,393.8233157,0.950326284,16.91102911,1,300.147094
bcp/msp/normalized-par32-4-c.wcnf.gz,1.0,1.0,0.0,0.400135092,0.5006521420000001,1,0.0,0.0,2.74,2,0.44,0.0,2666,12.92348087,178,18.46889063,0.970511438,1.0046753309999998,2.24536193,0.8700320109999999,0.928045531,4,9.551670754,0.428847185,2.0,2,0.0
SeanSafarpour/wb_4m8s4.dimacs.filtered.wcnf.gz,0.4999840370000001,0.0,0.0,0.0,0.0,0,0.179180593,1.256496751,0.0,0,0.0,0.48,462440,7.389888418,461,17.49903053,1.668814574,0.643945012,2.706449137,0.480947779,1.836378706,1,24.85302903,0.615564335,5.959108209,1,13.66262361
uaq/uaq-ppr-nr200-nc66-n5-k2-rpp6-ppr6-plb100.wcnf.gz,1.0,1.0,0.0,0.293768531,1.686588985,1,0.0,0.0,2.36,1,1.59,0.0,2046,8.000977517,86,16.27278458,1.674995082,1.4534261730000002,2.312431484,1.584828942,1.76853004,1,7.91233385,0.829423372,3.279569892,1,4.094203877
extension-enforcement/extension-enforcement_non-strict_stb_200_0.05_1_10_1.wcnf.gz,0.950401003,1.0,0.0,0.209527358,1.056103663,0,0.217115032,0.197332819,2.74,2,7.12,0.0,76190,105.5511222,968,108.3295886,0.938021094,1.069453853,2.371342079,6.3574444560000005,0.25002931300000003,2,38.70852070000001,0.998990918,5.359102244,2,38.68648489
des/cnf.18.p.6.wcnf.gz,1.0,1.0,0.0,0.299185013,1.224908512,1,0.0,0.0,2.31,1,0.83,0.0,105574,10.39488889,26,6.262725565,2.290575875,0.8285244959999999,2.292109883,0.840121091,2.116153604,4,6.695873193,0.781893745,6.918104836,2,5.227749112
ramsey/ram_k3_n18.ra0.wcnf.gz,0.882352941,0.0,0.0,0.0,0.0,0,0.4076824570000001,0.514653165,0.0,0,0.0,1.22,153,153.0,153,0.0,0.0,0.514653165,5.3684210530000005,1.223047372,0.0,136,0.0,0.7894736840000001,120.0,120,0.0
reversi/rev66-24.wcnf.gz,0.5,1.0,0.0,0.233483831,1.164096894,0,0.5,0.693147181,2.55,1,2.42,0.0,20832,42.18317972,144,31.37712009,3.320433435,0.702030797,2.55364643,2.420102639,2.322996987,4,20.53383155,0.910271096,11.39400922,3,14.76193243
maxcut/dimacs_mod/brock800_1.clq.wcnf.gz,1.0,0.0,0.0,0.0,0.0,1,0.0,0.0,2.0,2,0.0,0.0,800,281.2375,323,12.85296051,3.913177492,0.042135083,1.992913769,0.083880963,3.913177492,240,12.85296051,0.007086231,1.0,1,0.0
maxcut/dimacs_mod/san200_0.7_1.clq.wcnf.gz,0.5,0.0,0.0,0.0,0.0,0,0.5,0.693147181,0.0,0,0.0,0.0,40,28.9,34,2.497999199,2.241935479,0.0,2.0,0.0,2.241935479,44,4.995998398999999,0.5,27.9,22,2.497999199
MaxSATQueriesinInterpretableClassifiers/MLIC_maxsat_benchmarks/tictactoe_train_1_DNF_5_1.wcnf.gz,1.0,1.0,0.0,0.263326526,0.266283548,1,0.0,0.0,2.52,2,1.88,0.0,3811,26.61532406,441,57.03571886,0.93154256,0.451441157,2.464205186,1.869921085,0.93154256,2,53.43035746,0.927670519,13.55707163,1,35.19793093
ramsey/ram_k3_n13.ra0.wcnf.gz,0.833333333,0.0,0.0,0.0,0.0,0,0.451753951,0.5982695889999999,0.0,0,0.0,1.36,78,78.0,78,0.0,0.0,0.5982695889999999,5.1428571430000005,1.355261854,0.0,66,0.0,0.7142857140000001,55.0,55,0.0
des/cnf.19.p.10.wcnf.gz,1.0,1.0,0.0,0.299148505,1.224746567,1,0.0,0.0,2.31,1,0.83,0.0,132880,10.39586093,26,6.263637093,2.290701726,0.828176425,2.292159326,0.8400217329999999,2.116146046,4,6.696201086,0.78193558,6.91949127,2,5.227551356
optic/gen_add_4_carry_33.wcnf.gz,1.0,0.0,0.0,0.0,0.0,1,0.0,0.0,12.18,1,7.58,0.0,676,262.8609467,667,97.1122614,4.350674462,3.121206939,11.97036252,7.656133089,5.8009168,2,498.16426439999987,0.018893199,1.00147929,1,0.03843308
mbd/b14_C-mbd14-0310.wcnf.gz,1.0,1.0,0.0,0.426522929,1.324347884,1,0.0,0.0,2.47,1,0.69,0.0,11949,6.6307640810000015,145,7.828144754,2.0072579,1.097077098,2.385726641,0.758248571,1.620628811,3,8.649566405,0.464813095,3.074985354,0,4.346283973
min-fill/MinFill_R4_miles500.wcnf.gz,1.0,1.0,0.0,0.203093172,1.95232614,1,0.0,0.0,3.97,1,1.48,0.0,93220,68.04765072,964,138.28593490000003,2.97357668,1.219373977,3.954437398,1.4952686519999998,2.945020392,1,90.20552001,0.560208689,18.35680112,1,44.15377153
aes/mul_8_13.wcnf.gz,1.0,0.0,0.0,0.0,0.0,1,0.0,0.0,81.32,64,3.85,0.0,15312,1389.417973,5089,557.6979636,4.644531067,2.547104372,66.05777248,31.69833799,1.301059252,129,412.1829,0.189994044,1.0,1,0.0
gen-hyper-tw/GenHyperTW_par8-2-c.wcnf.gz,1.0,1.0,0.0,0.137264997,1.076318085,1,0.0,0.0,2.98,2,1.59,0.0,479096,13.118510699999998,604,47.26746136,1.097558334,1.081242817,2.974709844,1.586225482,1.329587622,2,19.08052012,0.8163880790000001,3.844143971,1,8.073417675
maxcut/bipartite/maxcut-140-630-0.8-7.wcnf.gz,0.5,0.0,0.0,0.0,0.0,0,0.5,0.693147181,0.0,0,0.0,0.0,140,9.985714286,19,2.779994127,2.384418046,0.0,2.0,0.0,2.384418046,6,5.5599882539999985,0.5,8.985714286,3,2.779994127
atcoss/sugar/atcoss_sugar_04.wcnf.gz,0.0,1.0,0.0,0.29793838300000003,2.304161203,0,0.0,0.0,3.77,1,1.46,0.0,53119,37.460965,612,69.17144041,3.257824794,1.58056468,3.769186789,1.464266832,3.4796952080000003,2,158.0012719,0.648473831,32.84406709,1,88.17010246
MaximumCommonSub-GraphExtraction/solved/g3_n43e49_n72e77_n81e85.wcnf.gz,0.0,1.0,0.026315789,0.078916883,0.116243411,0,0.0,0.0,2.56,2,0.88,0.0,2083,98.15026404,345,42.05477287,2.856981105,0.7024033909999999,2.56137589,0.883585228,2.895151512,25,188.0879619,0.998713833,118.44695149999998,22,187.9989618
maxclique/structured/MANN_a81.clq.wcnf.gz,1.0,0.0,0.0,0.0,0.0,1,0.0,0.0,2.0,2,0.0,0.0,3321,4.902439024,41,5.707525532999999,0.114665282,0.640265046,1.661157025,0.473316399,0.114665282,4,5.707525532999999,0.338842975,1.0,1,0.0
pseudoBoolean/primes-dimacs-cnf/normalized-par32-3.opb.msat.wcnf.gz,1.0,1.0,0.0,0.448417114,0.591832174,1,0.0,0.0,2.29,1,0.69,0.0,6352,7.037783375,170,12.79368431,1.725249619,1.071289983,1.831370118,0.833669115,1.655635942,2,6.395586276,0.581017866,2.0,2,0.0
bcp/msp/normalized-ii16a2.wcnf.gz,1.0,1.0,0.0,0.245430952,0.238856402,1,0.0,0.0,2.26,2,1.78,0.0,3204,19.91573034,146,26.39654415,1.28403267,0.473634101,2.113789298,1.719459118,1.397846538,2,27.61699731,0.17111119,2.0,2,0.0
SeanSafarpour/wb_4m8s1.dimacs.filtered.wcnf.gz,0.4999840370000001,0.0,0.0,0.0,0.0,0,0.179180593,1.256496751,0.0,0,0.0,0.48,463080,7.3810572689999985,461,17.478427,1.6548019,0.643945012,2.706449137,0.480947779,1.828751929,2,24.81028956,0.615564335,5.950872419,1,13.60305445
min-fill/MinFill_R0_mulsol.i.2.wcnf.gz,1.0,1.0,0.0,0.196457806,1.899673436,1,0.0,0.0,4.08,1,1.51,0.0,269188,87.96623921,1721,202.1609485,3.129242676,1.149108501,4.073855836,1.513653575,3.105461042,5,124.7369941,0.532669463,21.25273043,1,59.42956576
xai-mindset2/ecoli.wcnf.gz,1.0,1.0,0.0,0.238656852,0.780571584,1,0.0,0.0,5.48,1,34.44,0.0,37653,141.3007463,863,242.54706780000004,2.776557558,0.4768344020000001,5.387380318,34.09738964,2.661913837,1,118.3024191,0.947002502,16.19175099,1,50.63133553
optic/gen_mult_5_5_9999.wcnf.gz,1.0,0.0,0.0,0.0,0.0,1,0.0,0.0,40.81,1,21.99,0.0,14256,898.5549944,7787,525.3541018,7.186802403,4.168939645,35.11808766,24.66662549,6.314647194,2,267.565888,0.143034764,1.000631313,1,0.025118013
maxclique/structured/p_hat700-1.clq.wcnf.gz,1.0,0.0,0.0,0.0,0.0,1,0.0,0.0,2.0,2,0.0,0.0,700,525.7171429,625,52.99722357,5.159567753999999,0.02495311,1.996202896,0.061503548,5.159567753999999,414,52.99722357,0.003797104,1.0,1,0.0
pseudoBoolean/garden/normalized-g100x100.opb.msat.wcnf.gz,1.0,0.0,0.0,0.0,0.0,1,0.0,0.0,4.96,3,0.2,0.0,10000,12.8004,13,0.8088014840000001,0.337551849,0.777600609,2.98,1.984943324,0.168906857,4,0.197989899,0.5,1.0,1,0.0
optic/gen_mult_4_7_991.wcnf.gz,1.0,0.0,0.0,0.0,0.0,1,0.0,0.0,188.34,1,74.46,0.0,20294,2458.313492,7842,741.1539411,7.774767607999999,2.840186973,72.79169073,102.0792516,3.689766141,2,77.14557373,0.616934626,1.000246378,1,0.015694507
xai-mindset2/postoperative-patient-data.wcnf.gz,1.0,1.0,0.0,0.312725939,1.225698155,1,0.0,0.0,3.09,1,4.16,0.0,6412,18.41235184,107,21.18919962,2.618105446,0.85684581,3.039339053,4.124782681,2.690479547,1,23.14220684,0.8754369240000001,8.799750468,1,10.52111384
min-fill/MinFill_R0_miles1500.wcnf.gz,1.0,1.0,0.0,0.216575612,1.960202523,1,0.0,0.0,3.62,1,1.57,0.0,130944,52.16575024,1144,115.4239243,3.1690187360000004,1.3589044540000002,3.61266995,1.578748441,2.990542884,5,74.37233175,0.656669479,15.00908785,1,44.10914081
MaximumCommonSub-GraphExtraction/solved/g8_n39e38_n43e43_n58e57_n67e69_n67e68_n67e69_n67e68_n82e119.wcnf.gz,0.0,1.0,0.022727273,0.072502143,0.101171806,0,0.0,0.0,2.5,1,0.89,0.0,7790,109.436457,463,33.36220111,3.572931727,0.699568137,2.495029032,0.891627568,3.542501226,33,385.08459,0.999278447,131.2410783,26,385.0465816
pseudoBoolean/primes-dimacs-cnf/normalized-par32-4.opb.msat.wcnf.gz,1.0,1.0,0.0,0.4483446820000001,0.591692626,1,0.0,0.0,2.3,1,0.7,0.0,6352,7.053526448,178,12.91217062,1.71994743,1.070798847,1.832103217,0.835425691,1.650428604,2,6.458908406,0.581384867,2.0,2,0.0
MaximumCommonSub-GraphExtraction/solved/g2_n44e43_n57e61.wcnf.gz,0.0,1.0,0.022727273,0.084105636,0.129290373,0,0.0,0.0,2.35,2,1.0,0.0,1231,86.36311942,119,17.7690913,1.632030757,0.6448000939999999,2.346509505,1.002173007,1.649662636,12,57.48263293,0.998293448,94.99268887,11,57.35456254
MaxSATQueriesinInterpretableClassifiers/wcnf_gz/adult_train_4_CNF_3_1.wcnf.gz,1.0,1.0,0.0,0.220859295,0.202684552,1,0.0,0.0,2.33,2,1.74,0.0,96481,25.87735409,28182,396.3353632,0.830531957,0.378657205,2.283313732,1.728085851,0.829631198,2,393.6468737,0.950326284,16.91102911,1,299.9933821
reversi/rev66-16.wcnf.gz,0.5,1.0,0.0,0.233538496,1.164232316,0,0.5,0.693147181,2.55,1,2.42,0.0,13912,42.11385854,144,31.34980858,3.327681952,0.705381568,2.552757107,2.419695258,2.33455081,4,20.44882456,0.910322458,11.37780334,3,14.70759239
uaq/uaq-ppr-nr200-nc66-n5-k2-rpp6-ppr13-plb100.wcnf.gz,1.0,1.0,0.0,0.272550539,1.606123418,1,0.0,0.0,2.48,1,2.25,0.0,2046,14.82209189,146,35.15406144,1.940069325,1.422601539,2.436376707,2.231662126,1.853162734,1,10.78332811,0.8601725379999999,4.26001955,1,5.876193732999999
maxclique/structured/p_hat1000-1.clq.wcnf.gz,1.0,0.0,0.0,0.0,0.0,1,0.0,0.0,2.0,2,0.0,0.0,1000,755.4939999999998,895,73.28935778,5.432351791,0.01833253,1.997356225,0.05134964,5.432351791,592,73.28935778,0.002643775,1.0,1,0.0
extension-enforcement/extension-enforcement_non-strict_stb_200_0.05_3_10_1.wcnf.gz,0.951002506,1.0,0.0,0.209527358,1.056103663,0,0.215862779,0.195552778,2.74,2,7.12,0.0,76190,105.5511222,968,108.3295886,0.938021094,1.069453853,2.371342079,6.3574444560000005,0.25002931300000003,2,38.70852070000001,0.998990918,5.359102244,2,38.68648489
MaxSATQueriesinInterpretableClassifiers/MLIC_maxsat_benchmarks/credit_train_0_DNF_3_1.wcnf.gz,1.0,1.0,0.0,0.381127959,0.465832124,1,0.0,0.0,4.77,2,6.24,0.0,45245,67.53349541,19393,582.4752779,1.059357201,0.7251212909999999,4.523436866,6.1055199170000005,1.057114754,2,578.6932396000002,0.8351445559999999,14.85921096,1,124.7668428
maxcut/dimacs_mod/hamming10-2.clq.wcnf.gz,0.5,0.0,0.0,0.0,0.0,0,0.5,0.693147181,0.0,0,0.0,0.0,41,41.0,41,0.0,0.0,0.0,2.0,0.0,0.0,80,0.0,0.5,40.0,40,0.0
scheduling/cnf_10_center.wcnf.gz,0.698917887,1.0,0.0,0.270384845,1.5132264569999998,0,0.458728323,0.611778388,2.5,1,1.89,0.0,182404,19.88822614,1762,45.49113885,1.3128063490000002,0.70217713,2.497261181,1.884391143,0.830469094,1,31.54760327,0.741648522,6.3128659460000005,1,19.67027542
MaximumCommonSub-GraphExtraction/solved/g2_n68e88_n77e106.wcnf.gz,0.0,1.0,0.034482759,0.082241048,0.124161949,0,0.0,0.0,2.53,1,0.82,0.0,1531,94.32070542,148,31.80216784,3.607700385,0.7136775059999999,2.527412042,0.8177363040000001,3.629337324,3,90.88280556,0.998232883,112.8837361,3,90.73000013
optic/gen_mult_4_5_9999.wcnf.gz,1.0,0.0,0.0,0.0,0.0,1,0.0,0.0,39.03,1,19.84,0.0,4754,760.9124947,3135,291.8029241000001,6.7954127510000015,4.119246686,33.75726456,22.62482165,6.249481452,2,193.1238408,0.138901856,1.001472444,1,0.03834418
pseudoBoolean/primes-dimacs-cnf/normalized-par32-5.opb.msat.wcnf.gz,1.0,1.0,0.0,0.448199868,0.5914136489999999,1,0.0,0.0,2.3,1,0.7,0.0,6352,7.0724181360000005,170,12.96864976,1.728517927,1.070920901,1.83356793,0.836233496,1.657683906,2,6.484792899,0.580992061,2.0,2,0.0
MaximumCommonSub-GraphExtraction/solved/g2_n44e59_n74e84.wcnf.gz,0.0,1.0,0.033333333,0.092918806,0.15132279099999998,0,0.0,0.0,2.54,1,0.86,0.0,870,76.34482759,160,30.14445207,2.960812945,0.720642012,2.54155453,0.866471153,2.895722535,3,72.66998833,0.997565039,90.08390805,3,72.51839937
scheduling/cnf_10.wcnf.gz,1.0,1.0,0.0,0.276726076,1.574956676,1,0.0,0.0,2.53,1,2.07,0.0,259443,24.11365502,3333,42.07228471,2.424613367,0.8083656929999999,2.524152149,2.074125422,1.254868188,1,37.17477733,0.7278302440000001,6.6061871010000015,1,22.81941004
close_solutions/SAT04__industrial__velev__pipe-sat-1-1__12pipe_bug6_q0.used-as.sat04-725.cnf.wcnf.10.wcnf.gz,0.968197702,1.0,0.0,0.204166583,0.859007973,0,0.17547339399999998,0.140952374,2.97,1,8.79,0.0,138795,163.66264630000003,13241,518.2310749,3.907839305,0.6783370240000001,2.914005349,8.670960881000001,3.663555792,3,443.7383087,0.960475852,69.90333946,1,228.3201244
fault-diagnosis/s38584_nan_explicit_7_0.wcnf.gz,0.0,1.0,0.0,0.17032999899999998,1.060225983,0,0.0,0.0,2.7,1,5.37,0.0,150217,101.9579874,5828,231.50063480000003,3.720263452,0.860757725,2.613776389,5.2481112780000005,2.559354316,1,74.09990417,0.801026888,10.88557886,0,39.24661963
extension-enforcement/extension-enforcement_non-strict_stb_200_0.05_4_10_2.wcnf.gz,0.95085213,1.0,0.0,0.209527358,1.056103663,0,0.216176679,0.195998513,2.74,2,7.12,0.0,76190,105.5511222,968,108.3295886,0.938021094,1.069453853,2.371342079,6.3574444560000005,0.25002931300000003,2,38.70852070000001,0.998990918,5.359102244,2,38.68648489
bcp/hipp-yRa1/su/SU-100kb__simp-genos.haps.21.wcnf.gz,1.0,1.0,0.0,0.238646687,1.312141185,1,0.0,0.0,2.59,1,2.6,0.0,6460,49.56563467,180,23.27288371,4.318200285,0.7741342520000001,2.580504161,2.595589016,2.443346949,1,28.12460996,0.345727801,4.789628483,1,8.346493165
des/cnf.20.p.9.wcnf.gz,1.0,1.0,0.0,0.299156437,1.224767102,1,0.0,0.0,2.31,1,0.83,0.0,129928,10.39594237,26,6.263402686,2.290578925,0.8282934590000001,2.292156058,0.8400537779999999,2.116137129,4,6.696228595,0.781912657,6.919085955,2,5.2276793
MaxSATQueriesinInterpretableClassifiers/MLIC_maxsat_benchmarks/toms_test_0_DNF_2_1.wcnf.gz,1.0,1.0,0.0,0.16036551300000002,0.12204988,1,0.0,0.0,4.03,2,13.73,0.0,6455,296.9033308,3002,456.2762178,3.12639869,0.249390465,3.956174301,13.56353791,2.908340435,2,304.337582,0.974252198,54.7344694,1,68.23106602
MaxSATQueriesinInterpretableClassifiers/wcnf_gz/heart_train_4_CNF_3_1.wcnf.gz,1.0,1.0,0.0,0.327156884,0.370670711,1,0.0,0.0,3.01,2,2.94,0.0,737,30.32428765,261,43.25729239,1.621242783,0.663469357,2.860298507,2.87524793,1.636968246,2,37.71262196,0.8869651740000001,11.59972863,1,17.6254919
SeanSafarpour/rsdecoder4.dimacs.filtered.wcnf.gz,0.5078181970000001,0.0,0.0,0.0,0.0,0,0.201777472,1.274970613,0.0,0,0.0,0.46,237783,7.498160087,605,17.48540284,1.841994918,0.605172344,2.736554822,0.455404554,1.946450268,1,28.83582689,0.568567996,5.665152681,1,16.53500327
reversi/rev66-12.wcnf.gz,0.5,1.0,0.0,0.233593085,1.164366891,0,0.5,0.693147181,2.55,1,2.42,0.0,10452,42.04477612,144,31.32241483,3.3340436980000003,0.708534439,2.551868802,2.419287948,2.344957986,4,20.36373118,0.91037376,11.36165327,3,14.6532212
gen-hyper-tw/GenHyperTW_flat30-1.wcnf.gz,1.0,1.0,0.0,0.128594706,1.028643452,1,0.0,0.0,2.96,2,1.5,0.0,1119405,12.36799282,802,54.10540773,0.96468157,1.060137442,2.96309655,1.499281805,1.185930661,2,21.02873048,0.8188021440000001,3.727364091,1,8.098139903
close_solutions/SAT11__application__fuhs__AProVE11__AProVE11-09.cnf.wcnf.4.wcnf.gz,0.6216723129999999,1.0,0.0,0.206753213,1.377842451,0,0.484969946,0.66323951,2.6,1,1.01,0.0,68779,9.641678419,2497,32.73189253,1.969520703,1.163898995,2.239075634,1.111916474,2.098403742,3,17.74049975,0.7217116509999999,6.23102982,3,16.58144222
bcp/msp/normalized-par32-5.wcnf.gz,1.0,1.0,0.0,0.424149872,0.545532942,1,0.0,0.0,2.52,1,0.52,0.0,6352,9.307304786,170,12.94912384,1.832110964,1.096606067,2.034805823,0.8292780409999999,1.6347191580000002,3,6.419073568,0.487029668,2.022197733,2,0.147326147
mbd/b21_C-mbd14-0322.wcnf.gz,1.0,1.0,0.0,0.431599582,1.283638598,1,0.0,0.0,2.47,1,0.69,0.0,24168,6.679576299,198,7.829067623999999,2.011686689,1.09264666,2.390259608,0.755459963,1.602723789,3,8.723789782999999,0.455829001,3.069885799,0,4.303600425
reversi/rev66-22.wcnf.gz,0.5,1.0,0.0,0.233493775,1.16412158,0,0.5,0.693147181,2.55,1,2.42,0.0,19102,42.17055806,144,31.37216051,3.321832017,0.7026582259999999,2.553484659,2.420028564,2.325202352,4,20.51838206,0.910280439,11.39105853,3,14.75205469
maxclique/structured/hamming10-4.clq.wcnf.gz,1.0,0.0,0.0,0.0,0.0,1,0.0,0.0,2.0,2,0.0,0.0,1024,176.0,176,0.0,0.0,0.061890751,1.988700565,0.105696536,0.0,176,0.0,0.011299435,1.0,1,0.0
min-fill/MinFill_R0_queen7_7.wcnf.gz,1.0,1.0,0.0,0.224780764,1.959532206,1,0.0,0.0,3.47,1,1.48,0.0,16758,37.87504475,385,59.67817595,2.74515277,1.391425734,3.457055992,1.492271365,2.6220302980000003,5,42.74645878,0.658646712,12.03407328,2,25.2744897
MaximumCommonSub-GraphExtraction/solved/g2_n35e34_n70e73.wcnf.gz,0.0,1.0,0.041666667,0.093628183,0.152330891,0,0.0,0.0,2.52,2,0.84,0.0,766,73.12793734,83,14.21154342,1.891561879,0.712215587,2.518722258,0.845034246,1.978200429,20,66.09877443,0.997420236,85.58746736,19,65.94807317
treewidth-computation/TWComp_1dj7_N73.wcnf.gz,0.0,1.0,0.0,0.156763475,1.4226856140000002,0,0.0,0.0,3.29,2,0.92,0.0,105922,34.06436812,361,87.40829283,0.525214864,0.981046456,3.293392433,0.921319945,0.988637251,3,98.09850736,0.587842834,15.81815865,2,49.62675424
maxclique/structured/p_hat1000-3.clq.wcnf.gz,1.0,0.0,0.0,0.0,0.0,1,0.0,0.0,2.0,2,0.0,0.0,1000,256.508,418,74.00872878,5.451638762999999,0.045466627,1.992233251,0.087786255,5.451638762999999,105,74.00872878,0.007766749,1.0,1,0.0
maxcut/dimacs_mod/p_hat300-3.clq.wcnf.gz,0.5,0.0,0.0,0.0,0.0,0,0.5,0.693147181,0.0,0,0.0,0.0,43,30.53488372,39,4.389993046,2.656527827,0.0,2.0,0.0,2.656527827,42,8.779986091,0.5,29.53488372,21,4.389993046
maxclique/structured/sanr400_0.7.clq.wcnf.gz,1.0,0.0,0.0,0.0,0.0,1,0.0,0.0,2.0,2,0.0,0.0,400,120.655,148,9.428201048,3.5708743060000003,0.083839984,1.983560067,0.127159983,3.5708743060000003,90,9.428201048,0.016439933,1.0,1,0.0
xai-mindset2/diabetes.wcnf.gz,1.0,1.0,0.0,0.126313489,0.268613175,1,0.0,0.0,3.89,1,48.3,0.0,61620,478.8469328,3016,869.5880066999998,2.7105098130000003,0.15167307800000002,3.878132177,48.1841392,2.603863531,1,363.0666294,0.987273251,66.74336254,1,219.5649222
MaxSATQueriesinInterpretableClassifiers/wcnf_gz/tictactoe_train_3_CNF_2_1.wcnf.gz,1.0,1.0,0.0,0.40683989,0.513085322,1,0.0,0.0,3.37,2,2.96,0.0,1514,23.53764861,428,57.41080241,1.287892564,0.911158956,3.086494885,2.882349754,1.287892564,2,54.20974285,0.81548621,7.714663144,1,19.34674107
atcoss/sugar/atcoss_sugar_18.wcnf.gz,0.0,1.0,0.0,0.308427281,2.214703522,0,0.0,0.0,3.46,1,1.21,0.0,53441,51.69938811,610,74.75356739,3.68874049,1.305688877,3.457088239,1.206905453,3.794449028,2,133.2924161,0.608123559,30.92109055,1,75.36312327
MaximumCommonSub-GraphExtraction/solved/g6_n39e38_n43e43_n61e61_n67e69_n67e68_n82e119.wcnf.gz,0.0,1.0,0.022727273,0.072357251,0.101057783,0,0.0,0.0,2.5,1,0.89,0.0,5567,110.138854,329,32.21052891,3.68161479,0.700460022,2.499562475,0.8900187909999999,3.639392111,24,325.4978227,0.999259573,132.3714748,19,325.457662
treewidth-computation/TWComp_queen5_5_N25.wcnf.gz,0.0,1.0,0.0,0.164617206,1.464260305,0,0.0,0.0,3.16,2,0.93,0.0,7274,20.98845202,121,34.95450327,0.7881915290000001,1.0644477,3.161390776,0.930088052,1.137789249,3,40.01692793,0.640107062,10.11754193,2,20.20441488
maxclique/structured/MANN_a45.clq.wcnf.gz,1.0,0.0,0.0,0.0,0.0,1,0.0,0.0,2.0,2,0.0,0.0,1035,4.826086957,23,3.87469128,0.178844913,0.643189472,1.656716418,0.474805186,0.178844913,4,3.87469128,0.34328358200000003,1.0,1,0.0
ramsey/ram_k4_n18.ra0.wcnf.gz,0.5,0.0,0.0,0.0,0.0,0,0.5,0.693147181,0.0,0,0.0,0.0,153,153.0,153,0.0,0.0,0.0,6.0,0.0,0.0,240,0.0,0.5,120.0,120,0.0
min-fill/MinFill_R1_games120.wcnf.gz,1.0,1.0,0.0,0.202242511,1.945166721,1,0.0,0.0,4.01,1,1.47,0.0,90752,68.71722937,946,139.96160859999998,2.855710768,1.198232141,3.991486181,1.479696925,2.711789224,1,93.51316866,0.552526837,18.97601155,1,44.53086153
set-covering/crafted/scpcyc/scpcyc09_maxsat.wcnf.gz,0.111111111,0.0,0.0,0.0,0.0,0,0.471404521,0.6365141679999999,0.0,0,0.0,1.41,2304,25.0,25,0.0,0.0,0.6365141679999999,3.0,1.4142135619999998,0.0,9,0.0,0.333333333,1.0,1,0.0
extension-enforcement/extension-enforcement_non-strict_stb_150_0.05_2_8_3.wcnf.gz,0.949812801,1.0,0.0,0.210216258,1.058917589,0,0.218331043,0.199066071,2.74,2,6.16,0.0,42742,80.53156146,724,83.13957664,0.960195468,1.071810881,2.368775236,5.507972392,0.266645985,2,33.38156384,0.998654105,5.34551495,2,33.35613062
maxcut/bipartite/maxcut-140-630-0.8-17.wcnf.gz,0.5,0.0,0.0,0.0,0.0,0,0.5,0.693147181,0.0,0,0.0,0.0,140,9.985714286,17,2.830915335,2.391239918,0.0,2.0,0.0,2.391239918,6,5.66183067,0.5,8.985714286,3,2.830915335
atcoss/sugar/atcoss_sugar_02.wcnf.gz,0.0,1.0,0.0,0.276431331,2.1014892830000003,0,0.0,0.0,3.43,1,1.46,0.0,40788,27.99431205,610,59.98366958,3.252305676,1.467908171,3.42461232,1.462926181,3.230463588,2,85.31162228,0.724314043,21.67532117,1,58.1616056
SeanSafarpour/mem_ctrl-problem.dimacs_27.filtered.wcnf.gz,0.491412823,0.0,0.0,0.0,0.0,0,0.155627072,1.2190153259999998,0.0,0,0.0,0.49,4426259,6.897772363,5734,37.77041061,1.37789929,0.681988835,2.60238514,0.492095758,1.651865397,1,110.73525,0.660002454,5.759379196,1,78.91062044
maxclique/structured/p_hat500-2.clq.wcnf.gz,1.0,0.0,0.0,0.0,0.0,1,0.0,0.0,2.0,2,0.0,0.0,500,248.216,383,73.22658905,5.236475938,0.046715696,1.991974833,0.089223111,5.236475938,111,73.22658905,0.008025167,1.0,1,0.0
maxclique/structured/brock800_4.clq.wcnf.gz,1.0,0.0,0.0,0.0,0.0,1,0.0,0.0,2.0,2,0.0,0.0,800,280.8925,319,13.42519809,3.97372749,0.042177942,1.992905097,0.08393191,3.97372749,235,13.42519809,0.007094903000000001,1.0,1,0.0
scheduling/cnf_12.wcnf.gz,1.0,1.0,0.0,0.278589328,1.580598374,1,0.0,0.0,2.53,1,2.11,0.0,289958,23.49680299,2312,40.83559094,2.504076426,0.819360671,2.527466983,2.105100901,1.353412955,1,35.42254564,0.725550445,6.542892419,1,21.95275325
gen-hyper-tw/GenHyperTW_2bitcomp_5.wcnf.gz,1.0,1.0,0.0,0.129211449,1.031525475,1,0.0,0.0,2.98,2,1.52,0.0,1225430,12.71479399,847,55.91417031,0.959721817,1.066019471,2.977131847,1.523780163,1.190924663,2,21.55393633,0.815701914,3.735892707,1,8.39597796
des/cnf.20.p.4.wcnf.gz,1.0,1.0,0.0,0.29921312,1.224986985,1,0.0,0.0,2.31,1,0.83,0.0,98194,10.39505469,26,6.262044457999999,2.291202084,0.828921985,2.292095353,0.840230537,2.116535377,4,6.695857325,0.7818181409999999,6.916705705,2,5.22810996
pseudoBoolean/primes-dimacs-cnf/normalized-par32-1.opb.msat.wcnf.gz,1.0,1.0,0.0,0.448380896,0.591762395,1,0.0,0.0,2.3,1,0.69,0.0,6352,7.02802267,162,12.57297973,1.7181796319999998,1.072510084,1.831736729,0.830758232,1.6470366,2,6.294869007999999,0.579623577,2.0,2,0.0
maxclique/structured/brock400_2.clq.wcnf.gz,0.5,0.0,0.0,0.0,0.0,0,0.5,0.693147181,0.0,0,0.0,0.0,40,30.7,36,2.570992026,2.1647311680000003,0.0,2.0,0.0,2.1647311680000003,46,5.141984053,0.5,29.7,23,2.570992026
fault-diagnosis/s38584_nan_explicit_2_0.wcnf.gz,0.0,1.0,0.0,0.16338609199999998,0.994172576,0,0.0,0.0,2.73,1,5.48,0.0,155804,111.5234012,7315,298.0003892,3.743218725,0.806568547,2.655412471,5.377360334,2.689188535,1,81.26256454,0.824867575,12.54721317,0,43.69806043
ramsey/ram_k4_n20.ra0.wcnf.gz,0.5,0.0,0.0,0.0,0.0,0,0.5,0.693147181,0.0,0,0.0,0.0,190,190.0,190,0.0,0.0,0.0,6.0,0.0,0.0,306,0.0,0.5,153.0,153,0.0
xai-mindset2/australian.wcnf.gz,1.0,1.0,0.0,0.132138537,0.290240862,1,0.0,0.0,3.88,1,46.34,0.0,57004,443.7608589,2716,803.6834072,2.683802304,0.164197817,3.865756911,46.21550057,2.580224431,1,326.690139,0.986010584,60.54076907,1,198.1056426
treewidth-computation/TWComp_1c75_N69.wcnf.gz,0.0,1.0,0.0,0.156954979,1.424332964,0,0.0,0.0,3.29,2,0.92,0.0,91700,33.29827699,341,83.59122362,0.531085864,0.984915099,3.2885965880000003,0.921938562,0.99603293,3,93.90317989,0.589819521,15.48544166,2,47.50236745
optic/gen_add_6_carry_991.wcnf.gz,1.0,0.0,0.0,0.0,0.0,1,0.0,0.0,34.59,1,16.81,0.0,6484,1061.080814,3573,415.5506544,2.527096247,3.860904408,33.06439954,17.85362524,2.837537242,2,896.5584911000002,0.045424299,1.000154226,1,0.01241781
des/cnf.17.p.9.wcnf.gz,1.0,1.0,0.0,0.299169144,1.224866546,1,0.0,0.0,2.31,1,0.83,0.0,112954,10.39506348,26,6.26315616,2.290896206,0.82836116,2.292133952,0.840082351,2.116206931,4,6.696049036000002,0.781915685,6.918488942000001,2,5.227652506
gen-hyper-tw/GenHyperTW_uf20-01.wcnf.gz,1.0,1.0,0.0,0.125098302,0.8892760679999999,1,0.0,0.0,2.47,2,1.16,0.0,46941,8.083445176,134,9.623506511,1.133175242,0.808476058,2.471809186,1.1576330890000002,1.274775388,2,5.140677022,0.954876177,3.56470889,1,3.292299888
set-covering/crafted/scpclr/scpclr13_maxsat.wcnf.gz,0.001953125,0.0,0.0,0.0,0.0,0,0.355741799,0.420357853,0.0,0,0.0,63.66,715,715.0,715,0.0,0.0,1.537808789,76.10810811,63.65968803,0.0,512,0.0,0.148648649,1.0,1,0.0
uaq/uaq-ppr-nr200-nc66-n5-k2-rpp6-ppr7-plb100.wcnf.gz,1.0,1.0,0.0,0.291642611,1.693145049,1,0.0,0.0,2.37,1,1.66,0.0,2046,8.624633431,91,17.96060801,1.724638665,1.465147609,2.326315789,1.652997558,1.799088012,1,8.115419623,0.8328678840000001,3.3714565000000003,1,4.233396817
atcoss/mesat/atcoss_mesat_18.wcnf.gz,0.0,1.0,0.0,0.207741385,1.3439289840000002,0,0.0,0.0,3.46,1,0.91,0.0,366276,17.20000764,2821,65.66951036,2.107023091,0.8386467609999999,3.462611432,0.914555071,1.578949621,1,361.7390339,0.479458275,6.313482183,0,166.3571232
treewidth-computation/TWComp_1dp_N76.wcnf.gz,0.0,1.0,0.0,0.156538364,1.421154412,0,0.0,0.0,3.3,2,0.92,0.0,118369,34.39222263,376,89.90474454,0.516754381,0.97922609,3.29543245,0.921089785,0.981399093,3,100.8192008,0.587043545,15.95964315,2,51.00454882
uaq/uaq-ppr-nr200-nc66-n5-k2-rpp6-ppr14-plb100.wcnf.gz,1.0,1.0,0.0,0.268817879,1.577958313,1,0.0,0.0,2.49,1,2.36,0.0,2046,15.93841642,151,38.21381069,1.954243759,1.402293391,2.4554610180000003,2.34060638,1.857505674,1,11.32413636,0.864907102,4.450635386,1,6.206550405
SeanSafarpour/rsdecoder6.dimacs.filtered.wcnf.gz,0.507799632,0.0,0.0,0.0,0.0,0,0.201680147,1.274388207,0.0,0,0.0,0.46,238290,7.500700827,605,17.48352226,1.834190442,0.604509495,2.737125617,0.455075825,1.93786213,2,28.80439375,0.568419433,5.665701456,2,16.5518019
aes/mul_8_11.wcnf.gz,1.0,0.0,0.0,0.0,0.0,1,0.0,0.0,82.32,65,3.83,0.0,15008,1370.47548,4937,576.8140181,4.566947532,2.541779281,67.12036668,31.89125385,1.32741375,129,409.2244304,0.186927063,1.0,1,0.0
MaximumCommonSub-GraphExtraction/solved/g3_n52e77_n57e74_n58e75.wcnf.gz,0.0,1.0,0.05882352900000001,0.102936508,0.177392677,0,0.0,0.0,2.53,2,0.78,0.0,1500,64.79466667,103,17.67775923,3.755361827,0.728202215,2.523546197,0.7821243990000001,3.739904234,13,67.73884141,0.99654936,74.93733333,10,67.61841026
set-covering/crafted/scpclr/scpclr11_maxsat.wcnf.gz,0.0078125,0.0,0.0,0.0,0.0,0,0.429434558,0.555536597,0.0,0,0.0,32.86,330,330.0,330,0.0,0.0,1.481111921,31.2195122,32.85928031,0.0,128,0.0,0.243902439,1.0,1,0.0
atcoss/sugar/atcoss_sugar_03.wcnf.gz,0.0,1.0,0.0,0.271369081,2.094858013,0,0.0,0.0,3.38,1,1.4,0.0,39860,29.83763171,610,62.3392816,3.288594278,1.4181710790000002,3.382055895,1.3980512530000002,3.270186078,2,81.75285479,0.725177207,22.31241846,1,57.39332749
gen-hyper-tw/GenHyperTW_dubois24.wcnf.gz,1.0,1.0,0.0,0.149031718,1.16504513,1,0.0,0.0,3.18,2,1.66,0.0,380347,15.84113717,640,59.55744926,1.29114396,1.144216035,3.180935935,1.657439773,1.482149689,2,23.93583179,0.754383695,3.997862478,1,9.827999834
optic/gen_mult_4_5_33.wcnf.gz,1.0,0.0,0.0,0.0,0.0,1,0.0,0.0,43.19,1,27.95,0.0,4754,1173.258309,3500,414.6134051,7.126759906,4.436782546,40.03618571,29.0873153,6.878675575,2,479.6583192,0.074872957,1.001051746,1,0.032413573
mbd/b14_C-mbd14-0277.wcnf.gz,1.0,1.0,0.0,0.426738353,1.324892803,1,0.0,0.0,2.47,1,0.69,0.0,11949,6.6307640810000015,145,7.828144754,2.0072579,1.097077098,2.385726641,0.758248571,1.620628811,3,8.649566405,0.464813095,3.074985354,0,4.346283973
MaximumCommonSub-GraphExtraction/solved/g4_n24e34_n47e56_n92e122_n98e129.wcnf.gz,0.0,1.0,0.027027027,0.06733876700000001,0.08963501,0,0.0,0.0,2.69,1,0.8,0.0,1984,131.4768145,190,43.47973511,3.055988483,0.6393879379999999,2.6891183,0.800672791,3.151793683,9,313.417703,0.999255172,168.1854839,8,313.3000322
treewidth-computation/TWComp_queen6_6_N36.wcnf.gz,0.0,1.0,0.0,0.160237649,1.445740211,0,0.0,0.0,3.21,2,0.93,0.0,18629,24.22808524,176,47.70087803,0.658091183,1.038682232,3.208102905,0.929191055,1.07491639,3,54.15191496,0.622287364,11.53078533,2,27.36554057
atcoss/sugar/atcoss_sugar_05.wcnf.gz,0.0,1.0,0.0,0.297957776,2.310007411,0,0.0,0.0,3.78,1,1.47,0.0,53465,37.26679136,612,68.51300656,3.4608485,1.584041071,3.774319319,1.469045241,3.438419005,2,157.4792946,0.648518254,32.50571402,1,87.89982827
ramsey/ram_k3_n10.ra0.wcnf.gz,0.7777777779999999,0.0,0.0,0.0,0.0,0,0.481045693,0.655481774,0.0,0,0.0,1.44,45,45.0,45,0.0,0.0,0.655481774,4.909090909,1.443137079,0.0,36,0.0,0.636363636,28.0,28,0.0
extension-enforcement/extension-enforcement_non-strict_stb_200_0.05_1_10_0.wcnf.gz,0.950401003,1.0,0.0,0.209527358,1.056103663,0,0.217115032,0.197332819,2.74,2,7.12,0.0,76190,105.5511222,968,108.3295886,0.938021094,1.069453853,2.371342079,6.3574444560000005,0.25002931300000003,2,38.70852070000001,0.998990918,5.359102244,2,38.68648489
min-fill/MinFill_R0_queen6_6.wcnf.gz,1.0,1.0,0.0,0.231149104,1.90880058,1,0.0,0.0,3.3,1,1.47,0.0,9036,30.99822931,281,43.20432832,2.755366034,1.400506651,3.280955965,1.4759094680000002,2.615172023,5,33.53005599,0.697308995,10.88258079,2,20.8203769
uaq/uaq-ppr-nr200-nc66-n5-k2-rpp6-ppr12-plb100.wcnf.gz,1.0,1.0,0.0,0.276460835,1.632658458,1,0.0,0.0,2.46,1,2.13,0.0,2046,13.48778104,131,31.44048354,1.912307294,1.440637065,2.415688467,2.113052193,1.839982,1,10.14828899,0.85504006,4.06744868,1,5.496497244
atcoss/sugar/atcoss_sugar_15.wcnf.gz,0.0,1.0,0.0,0.290900373,2.229441678,0,0.0,0.0,3.61,1,1.39,0.0,55429,38.16404770000001,612,69.89328615,3.4245380510000003,1.4885829780000002,3.610688397,1.387489908,3.5557657610000004,2,141.96728180000005,0.649262024,29.47188295,1,78.8129166
ramsey/ram_k3_n17.ra0.wcnf.gz,0.875,0.0,0.0,0.0,0.0,0,0.41573971,0.5297061989999999,0.0,0,0.0,1.25,136,136.0,136,0.0,0.0,0.5297061989999999,5.333333333,1.247219129,0.0,120,0.0,0.7777777779999999,105.0,105,0.0
xai-mindset2/bupa.wcnf.gz,1.0,1.0,0.0,0.191255968,0.536679447,1,0.0,0.0,3.74,1,23.3,0.0,27115,128.406454,864,235.2229206,2.735316614,0.311342047,3.711266579,23.19003227,2.677215489,1,142.19087040000005,0.96816316,29.15758805,1,74.50381484
reversi/rev66-20.wcnf.gz,0.5,1.0,0.0,0.233505706,1.164151166,0,0.5,0.693147181,2.55,1,2.42,0.0,17372,42.15542252,144,31.36620541,3.323459239,0.703399577,2.553290579,2.419939678,2.327782441,4,20.49983897,0.910291648,11.38752015,3,14.74020008
close_solutions/SAT11__application__jarvisalo__smtqfbv-aigs__smtlib-qfbv-aigs-bin_libsmbsharemodes_vc5759-tseitin.cnf.wcnf.9.wcnf.gz,0.6572002570000001,1.0,0.0,0.369409503,1.418088417,0,0.474645214,0.6428750879999999,2.33,1,0.47,0.0,164758,6.2314060620000005,2308,14.30126605,1.140822703,1.046183954,1.979647695,0.71398742,1.132423261,2,16.8743706,0.8074556959999999,5.28533971,2,11.86153653
optic/gen_mult_4_5_991.wcnf.gz,1.0,0.0,0.0,0.0,0.0,1,0.0,0.0,46.46,1,21.28,0.0,4754,370.0218763,1525,156.2178665,6.141423878,2.318021909,18.18317415,25.63378896,3.038406563,2,19.83280855,0.622661259,1.001051746,1,0.032413573
SeanSafarpour/spi2.dimacs.filtered.wcnf.gz,0.502459885,0.0,0.0,0.0,0.0,0,0.189372153,1.303227271,0.0,0,0.0,0.47,124251,7.787357847999999,254,12.88184374,1.946875486,0.649888741,2.711949873,0.470952746,1.867652033,2,26.90733455,0.602918112,6.30002173,1,14.55691222
MaxSATQueriesinInterpretableClassifiers/MLIC_maxsat_benchmarks/tictactoe_train_0_CNF_2_1.wcnf.gz,1.0,1.0,0.0,0.407152912,0.513667651,1,0.0,0.0,3.37,2,2.96,0.0,1511,23.554599600000003,433,57.4571071,1.28998013,0.911981067,3.0893158510000003,2.885511775,1.28998013,2,54.25844432,0.81513696,7.705493051,1,19.26553357
des/cnf.20.p.10.wcnf.gz,1.0,1.0,0.0,0.299140373,1.22470032,1,0.0,0.0,2.31,1,0.83,0.0,142474,10.39615649,26,6.263768408,2.290475522,0.828101419,2.292169011,0.839997432,2.116015401,4,6.696283582,0.7819441509999999,6.919887137000001,2,5.2275478810000005
gen-hyper-tw/GenHyperTW_flat30-99.wcnf.gz,1.0,1.0,0.0,0.128617433,1.029408308,1,0.0,0.0,2.96,2,1.5,0.0,1119405,12.36675466,802,54.10529801,0.964576434,1.058457981,2.96309655,1.499035278,1.186536702,2,21.02859858,0.8188021440000001,3.727364091,1,8.098139903
gen-hyper-tw/GenHyperTW_dubois23.wcnf.gz,1.0,1.0,0.0,0.149767881,1.168184248,1,0.0,0.0,3.17,2,1.65,0.0,342244,15.64499012,613,57.57738684,1.322461016,1.143078063,3.166081359,1.649703306,1.5024833169999998,2,23.30522178,0.7577793509999999,4.003190706,1,9.710393137999999
ramsey/ram_k3_n12.ra0.wcnf.gz,0.818181818,0.0,0.0,0.0,0.0,0,0.461538462,0.61724177,0.0,0,0.0,1.38,66,66.0,66,0.0,0.0,0.61724177,5.076923077,1.384615385,0.0,55,0.0,0.692307692,45.0,45,0.0
scheduling/cnf_12_center.wcnf.gz,0.658465144,1.0,0.0,0.273279002,1.5175920530000002,0,0.474224418,0.642048294,2.51,1,2.01,0.0,201204,20.22212282,1702,44.70575628,1.376457371,0.709795216,2.503659006,2.009534106,0.946309897,1,29.73887084,0.738139773,6.239816306,1,18.98920537
fault-diagnosis/s38584_nan_explicit_5_0.wcnf.gz,0.0,1.0,0.0,0.166024511,1.016792606,0,0.0,0.0,2.72,1,6.83,0.0,157161,105.1877438,6781,262.330602,3.724086425,0.815856343,2.638778904,6.684363836,2.552657027,1,78.46842046,0.8159006320000001,11.75273128,0,43.01262902
des/cnf.17.p.10.wcnf.gz,1.0,1.0,0.0,0.299166366,1.22485957,1,0.0,0.0,2.31,1,0.83,0.0,113692,10.39503219,26,6.263302218,2.290964465,0.8283198490000001,2.29213505,0.8400710659999999,2.116238947,4,6.6960113,0.781923823,6.918631037999999,2,5.227569561
SeanSafarpour/rsdecoder-problem.dimacs_41.filtered.wcnf.gz,0.505432309,0.0,0.0,0.0,0.0,0,0.182589713,1.301136384,0.0,0,0.0,0.5,1186705,6.11009223,1497,19.9706956,1.543636492,0.707273541,2.571283738,0.503352855,1.907609807,2,28.19523377,0.671511315,5.16751678,2,15.33418516
SeanSafarpour/wb_4m8s-problem.dimacs_47.filtered.wcnf.gz,0.499955113,0.0,0.0,0.0,0.0,0,0.173571267,1.286471097,0.0,0,0.0,0.51,2691008,5.969518485,753,15.28497163,1.856150421,0.725805157,2.551620066,0.5130533860000001,1.968877711,1,20.42302287,0.6936733909999999,5.246281319,1,11.61150029
uaq/uaq-ppr-nr200-nc66-n5-k2-rpp4-ppr12-plb100.wcnf.gz,1.0,1.0,0.0,0.276581153,1.642239139,1,0.0,0.0,2.46,1,2.14,0.0,2046,13.4516129,134,31.35684246,1.954651796,1.449496783,2.414488424,2.11955209,1.831400559,1,10.11738701,0.854742345,4.056695992,1,5.487363216
SeanSafarpour/wb_4m8s-problem.dimacs_49.filtered.wcnf.gz,0.499956219,0.0,0.0,0.0,0.0,0,0.173567793,1.28645841,0.0,0,0.0,0.51,2781876,5.974137596,753,15.29845294,1.860091451,0.7257887540000001,2.551621681,0.5130448910000001,1.973826298,1,20.45248218,0.693674847,5.251171152,1,11.6535491
extension-enforcement/extension-enforcement_non-strict_stb_150_0.1_2_8_2.wcnf.gz,0.899848458,1.0,0.0,0.210216258,1.058917589,0,0.30020195,0.325415818,2.74,2,6.16,0.0,42742,80.53156146,724,83.13957664,0.960195468,1.071810881,2.368775236,5.507972392,0.266645985,2,33.38156384,0.998654105,5.34551495,2,33.35613062
SeanSafarpour/SM_AS_TOP_buggy1.dimacs.filtered.wcnf.gz,0.497068223,0.0,0.0,0.0,0.0,0,0.176240743,1.225724845,0.0,0,0.0,0.44,145899,8.097540079,1025,29.33118181,1.76703341,0.58017183,2.758434878,0.440513149,1.4857163759999998,2,64.68869661,0.590928204,7.351229275,1,33.70188372
xai-mindset2/liver-disorder.wcnf.gz,1.0,1.0,0.0,0.191255968,0.536679447,1,0.0,0.0,3.74,1,23.3,0.0,27115,128.406454,864,235.222922,2.7353473910000003,0.311342047,3.711266579,23.19003227,2.677215489,1,142.19087040000005,0.96816316,29.15758805,1,74.50381484
fault-diagnosis/s38584_nan_explicit_10_0.wcnf.gz,0.0,1.0,0.0,0.151644099,0.884358986,0,0.0,0.0,2.76,1,19.78,0.0,169465,124.8359307,7858,355.38680330000005,3.66571557,0.703260089,2.701324337,19.42775751,2.536990003,1,103.694107,0.8469183370000001,14.33954504,0,72.49064472
aes/mul_8_9.wcnf.gz,1.0,0.0,0.0,0.0,0.0,1,0.0,0.0,54.71,34,3.96,0.0,7840,800.4489796,3669,392.5059605,4.273023103,2.522335127,48.95448578,17.03423335,1.438749812,129,610.227565,0.107221007,1.0,1,0.0
treewidth-computation/TWComp_myciel5_N47.wcnf.gz,0.0,1.0,0.0,0.15760475699999998,1.431599656,0,0.0,0.0,3.24,2,0.93,0.0,36283,27.31667723,231,59.95664342,0.6184782839999999,1.017441959,3.242498469,0.926803553,1.02941047,3,67.64088982,0.609476124,12.86938787,2,34.20854768
xai-mindset2/hepatitis.wcnf.gz,1.0,1.0,0.0,0.227569905,0.748353678,1,0.0,0.0,3.58,1,23.02,0.0,17490,140.1365352,852,244.1712296,2.727057835,0.440031772,3.53577883,22.80851069,2.612513738,1,78.22290725,0.95288867,17.05580332,1,52.66703154
ramsey/ram_k4_n19.ra0.wcnf.gz,0.5,0.0,0.0,0.0,0.0,0,0.5,0.693147181,0.0,0,0.0,0.0,171,171.0,171,0.0,0.0,0.0,6.0,0.0,0.0,272,0.0,0.5,136.0,136,0.0
min-fill/MinFill_R0_queen8_8.wcnf.gz,1.0,1.0,0.0,0.218567934,1.980395075,1,0.0,0.0,3.64,1,1.48,0.0,28608,45.90212528,505,79.05963991,2.730841473,1.354671163,3.627038401,1.488262021,2.629447757,5,53.4579218,0.621491508,13.40209032,2,30.00059642
optic/gen_mult_5_5_991.wcnf.gz,1.0,0.0,0.0,0.0,0.0,1,0.0,0.0,54.01,1,24.2,0.0,14256,537.6317339999998,4751,322.8949255,6.647645388,2.633685367,23.73349359,30.65071866,4.006401491,2,46.90041945,0.5713541670000001,1.00035073,1,0.018724489
gen-hyper-tw/GenHyperTW_dubois30.wcnf.gz,1.0,1.0,0.0,0.149760722,1.19040823,1,0.0,0.0,3.34,2,1.74,0.0,573523,18.48961768,802,76.08842854,1.271281367,1.167855351,3.344454639,1.736109185,1.481746442,2,29.59612189,0.71028421,4.035632398,1,11.21771077
des/cnf.14.p.10.wcnf.gz,1.0,1.0,0.0,0.299193087,1.225031343,1,0.0,0.0,2.31,1,0.83,0.0,93028,10.39373092,26,6.262839865,2.291478488,0.82852703,2.292097699,0.840143477,2.116397185,4,6.695699932,0.7819086590000001,6.917347465,2,5.227557581
extension-enforcement/extension-enforcement_non-strict_stb_200_0.05_4_10_1.wcnf.gz,0.950977444,1.0,0.0,0.209527358,1.056103663,0,0.215915135,0.19562710100000005,2.74,2,7.12,0.0,76190,105.5511222,968,108.3295886,0.938021094,1.069453853,2.371342079,6.3574444560000005,0.25002931300000003,2,38.70852070000001,0.998990918,5.359102244,2,38.68648489
maxcut/bipartite/maxcut-140-630-0.7-31.wcnf.gz,0.5,0.0,0.0,0.0,0.0,0,0.5,0.693147181,0.0,0,0.0,0.0,140,10.0,18,2.495710606,2.257062503,0.0,2.0,0.0,2.257062503,8,4.991421212,0.5,9.0,4,2.495710606
xai-mindset2/shuttleM.wcnf.gz,1.0,1.0,0.0,0.070086206,0.052498396,1,0.0,0.0,4.24,1,39.23,0.0,76107,716.2526574,12868,1793.0525059999998,2.63296884,0.039169674,4.2408812330000005,39.22680475,2.41471178,1,4340.178010000001,0.995329142,584.0751179,1,1564.826343
optic/gen_mult_4_6_9999.wcnf.gz,1.0,0.0,0.0,0.0,0.0,1,0.0,0.0,74.5,1,43.81,0.0,11561,2802.137099,7961,794.9254925,7.866449154,4.971243098,69.54313317,46.15073276,7.624159255,2,814.8287164,0.06749275099999999,1.000691982,1,0.026296441
min-fill/MinFill_R0_queen11_11.wcnf.gz,1.0,1.0,0.0,0.203565091,1.953288456,1,0.0,0.0,3.97,1,1.49,0.0,117007,71.85182938,1081,149.0257258,2.883843025,1.218894093,3.955240175,1.494956896,2.732717105,5,92.69625033,0.5575575629999999,18.26018956,2,46.08774039
treewidth-computation/TWComp_eil51.tsp_N51.wcnf.gz,0.0,1.0,0.0,0.15695984300000002,1.427264256,0,0.0,0.0,3.25,2,0.93,0.0,44165,28.50168686,251,64.4208446,0.602692114,1.010014571,3.2537736710000003,0.925693159,1.010956635,3,72.59004953,0.605235348,13.38702593,2,36.72012913
MaximumCommonSub-GraphExtraction/solved/g6_n14e13_n14e21_n14e13_n14e13_n14e20_n18e28.wcnf.gz,0.0,1.0,0.05882352900000001,0.15137766800000002,0.321184485,0,0.0,0.0,2.09,2,0.92,0.0,851,27.31022327,91,6.308938417,1.958054685,0.14231212699999998,2.086250912,0.922923411,1.758113399,11,6.487300695,0.993982495,25.83313749,11,6.101213064
gen-hyper-tw/GenHyperTW_par8-4-c.wcnf.gz,1.0,1.0,0.0,0.136921755,1.07206092,1,0.0,0.0,2.96,2,1.58,0.0,470143,12.99766879,595,46.33774106,1.098496022,1.077027635,2.9629105860000005,1.581965279,1.327417998,2,18.73734685,0.819735821,3.837655777,1,7.970381304
min-fill/MinFill_R3_miles750.wcnf.gz,1.0,1.0,0.0,0.20350665,1.954103059,1,0.0,0.0,3.95,1,1.49,0.0,113181,69.57412463,1063,144.2659562,3.04097287,1.228500042,3.937620873,1.5013001380000002,2.993968111,1,91.17460302,0.566073143,18.2116433,1,45.86678704
reversi/rev66-30.wcnf.gz,0.5,1.0,0.0,0.233461943,1.164042482,0,0.5,0.693147181,2.55,1,2.42,0.0,26022,42.21097533,144,31.38802146,3.31720212,0.700615303,2.554002444,2.420265612,2.317944216,4,20.56781068,0.910250535,11.40050726,3,14.78365999
MaximumCommonSub-GraphExtraction/solved/g10_n13e12_n13e12_n14e13_n14e13_n14e13_n14e13_n14e13_n15e13_n15e14_n15e14.wcnf.gz,0.0,1.0,0.066666667,0.153522406,0.32619565300000003,0,0.0,0.0,2.08,2,0.94,0.0,1438,25.86369958,119,8.673063712000001,1.225724102,0.075243592,2.076707255,0.938611225,1.146195847,2,9.58865777,0.99388362,24.6759388,2,8.867240089
set-covering/crafted/scpcyc/scpcyc06_maxsat.wcnf.gz,0.166666667,0.0,0.0,0.0,0.0,0,0.496903995,0.686961577,0.0,0,0.0,1.49,192,16.0,16,0.0,0.0,0.686961577,2.666666667,1.490711985,0.0,6,0.0,0.444444444,1.0,1,0.0
optic/gen_mult_3_5_9999.wcnf.gz,1.0,0.0,0.0,0.0,0.0,1,0.0,0.0,24.61,1,10.26,0.0,768,303.7916667,556,84.81698025,5.426325127999999,3.62930723,21.97146601,12.20448862,5.620017845,2,129.7439078,0.112534576,1.006510417,1,0.080424071
atcoss/mesat/atcoss_mesat_10.wcnf.gz,0.0,1.0,0.0,0.209799649,1.251319321,0,0.0,0.0,3.25,1,1.0,0.0,333864,12.44542089,2821,58.34477643,1.947106492,1.001396615,3.2475646160000005,1.004570433,1.4826480219999998,1,306.7365236,0.528484815,4.650615221,0,140.4542147
treewidth-computation/TWComp_queen7_7_N49.wcnf.gz,0.0,1.0,0.0,0.158392182,1.435358625,0,0.0,0.0,3.25,2,0.93,0.0,39542,28.23230995,241,62.59603517,0.618808345,1.012998971,3.249825955,0.926297472,1.037589435,3,70.61461902,0.605492726,13.26910627,2,35.70485848
xai-mindset2/hungarian.wcnf.gz,1.0,1.0,0.0,0.199652322,0.5832257710000001,1,0.0,0.0,3.71,1,23.1,0.0,26903,127.03077720000002,856,231.9578914,2.729720589,0.338121723,3.67691249,22.97089719,2.652535987,1,125.0411066,0.964866288,26.0054269,1,68.82402455
hs-timetabling/GreeceWesternGreeceUniversityInstance4.xml.wcnf.gz,0.976789168,1.0,0.0,0.246446602,1.222274625,0,0.058066299,0.022623932000000003,2.4,1,1.52,0.35,69783,16.96188183,50,12.5746326,2.677661783,0.6921802459999999,2.39500604,1.5236451480000002,2.497911498,2,17.38403471,0.946562008,16.98569852,1,16.39666443
mbd/b14_C-mbd14-0337.wcnf.gz,1.0,1.0,0.0,0.426824188,1.325109994,1,0.0,0.0,2.47,1,0.69,0.0,11949,6.6307640810000015,145,7.828144754,2.0072579,1.097077098,2.385726641,0.758248571,1.620628811,3,8.649566405,0.464813095,3.074985354,0,4.346283973
MaxSATQueriesinInterpretableClassifiers/MLIC_maxsat_benchmarks/wdbc_train_0_DNF_5_1.wcnf.gz,1.0,1.0,0.0,0.24723655100000005,0.241583651,1,0.0,0.0,3.55,2,6.1,0.0,1901,91.3419253,583,95.41263344,2.197126438,0.401517063,3.46284688,6.01743547,2.185617399,2,73.73755376,0.936786871,27.48605997,1,30.39921024
MaxSATQueriesinInterpretableClassifiers/wcnf_gz/credit_train_1_CNF_5_1.wcnf.gz,1.0,1.0,0.0,0.159687046,0.121222114,1,0.0,0.0,2.3,2,2.13,0.0,132684,42.66131561,19470,439.9371025,0.657390379,0.210603696,2.286259441,2.116905442,0.656096913,2,436.3934262,0.974180386,28.7329972,1,345.8319587
maxcut/dimacs_mod/brock400_2.clq.wcnf.gz,1.0,0.0,0.0,0.0,0.0,1,0.0,0.0,2.0,2,0.0,0.0,400,101.07,126,8.087341961,3.435619436,0.096456351,1.980405604,0.138601788,3.435619436,72,8.087341961,0.019594396,1.0,1,0.0
fault-diagnosis/s38584_nan_explicit_9_0.wcnf.gz,0.0,1.0,0.0,0.171700811,1.065342735,0,0.0,0.0,2.69,1,5.61,0.0,147615,100.7723809,5870,218.0962996,3.709835079,0.864235649,2.600476563,5.473604532,2.49464204,1,72.87072793,0.795971502,10.54318328,0,38.89374951
causal-discovery/causal_n7_i4_N500_uai14_constant_int.wcnf.gz,0.263392857,1.0,0.166666667,0.111572577,0.931976601,0,0.440473677,0.576575907,2.44,1,0.91,0.0,40290,10.36664185,110,8.801187851,2.299038908,0.820735625,2.410664108,0.89791833,1.741119899,3,10.24586961,0.917620451,7.473914122999999,2,10.18449452
xai-mindset2/heart-h.wcnf.gz,1.0,1.0,0.0,0.199652322,0.5832257710000001,1,0.0,0.0,3.71,1,23.1,0.0,26903,127.03077720000002,856,231.957777,2.72944557,0.338121723,3.67691249,22.97089719,2.652535987,1,125.0411066,0.964866288,26.0054269,1,68.82402455
extension-enforcement/extension-enforcement_non-strict_stb_200_0.05_1_10_2.wcnf.gz,0.950350877,1.0,0.0,0.209527358,1.056103663,0,0.217218985,0.197480808,2.74,2,7.12,0.0,76190,105.5511222,968,108.3295886,0.938021094,1.069453853,2.371342079,6.3574444560000005,0.25002931300000003,2,38.70852070000001,0.998990918,5.359102244,2,38.68648489
maxclique/structured/brock400_3.clq.wcnf.gz,1.0,0.0,0.0,0.0,0.0,1,0.0,0.0,2.0,2,0.0,0.0,400,101.595,125,8.242328251,3.486343502,0.096063765,1.980505873,0.138253775,3.486343502,78,8.242328251,0.019494127,1.0,1,0.0
gen-hyper-tw/GenHyperTW_aim-50-1_6-no-3.wcnf.gz,1.0,1.0,0.0,0.164388684,1.252770568,1,0.0,0.0,3.19,2,1.62,0.0,109701,16.61001267,393,49.23546715,1.664339945,1.162822351,3.190576146,1.622123463,1.733844402,2,20.90571537,0.738563082,4.14286105,1,9.576898559
uaq/uaq-ppr-nr200-nc66-n5-k2-rpp4-ppr14-plb100.wcnf.gz,1.0,1.0,0.0,0.268883752,1.578686926,1,0.0,0.0,2.49,1,2.35,0.0,2046,15.94916911,151,38.26856729,1.970501179,1.4028625680000002,2.455082537,2.335133349,1.847917788,1,11.28803539,0.8648132059999999,4.446725318,1,6.185772353
aes-key-recovery/AES2-70-62.wcnf.gz,0.0,1.0,0.0,0.197542835,1.180350745,0,0.0,0.0,5.48,2,1.3,0.0,21368,18.27817297,151,17.66391721,2.68209294,0.59227955,5.482584553,1.299494614,2.831281373,4,60.85470106,0.297778363,22.81926245,1,32.94263986
reversi/rev66-14.wcnf.gz,0.5,1.0,0.0,0.233561901,1.164290093,0,0.5,0.693147181,2.55,1,2.42,0.0,12182,42.08422262,144,31.33807842,3.3305017460000004,0.706753428,2.552376281,2.419520687,2.339131347,4,20.41236668,0.910344452,11.37087506,3,14.68429433
close_solutions/SAT04__industrial__velev__pipe-sat-1-1__12pipe_bug4_q0.used-as.sat04-723.cnf.wcnf.8.wcnf.gz,0.895881296,1.0,0.0,0.203961256,0.857661612,0,0.305414472,0.334039575,2.97,1,8.83,0.0,138563,163.9106616,13364,519.2590296,3.92037972,0.677492843,2.914169508,8.704086594,3.671218037,3,444.8590676,0.960609971,70.07656445,1,228.8953915
atcoss/mesat/atcoss_mesat_04.wcnf.gz,0.0,1.0,0.0,0.213564357,1.314050895,0,0.0,0.0,3.29,1,0.99,0.0,450890,13.24497771,3744,58.71672804,1.981963466,0.983369084,3.293680059,0.988945927,1.410502088,1,380.9790258,0.513838792,4.804012065,0,172.2154606
reversi/rev66-18.wcnf.gz,0.5,1.0,0.0,0.233520283,1.16418727,0,0.5,0.693147181,2.55,1,2.42,0.0,15642,42.13693901,144,31.3589216,3.3253789730000003,0.704290098,2.553053435,2.419831044,2.330846256,4,20.4771697,0.910305344,11.38319908,3,14.72570914
reversi/rev66-28.wcnf.gz,0.5,1.0,0.0,0.233468198,1.164058043,0,0.5,0.693147181,2.55,1,2.42,0.0,24292,42.2030298,144,31.38490814,3.318148794,0.701025082,2.553900709,2.420219047,2.3194183999999995,4,20.55810373,0.91025641,11.39864976,3,14.777452599999998
uaq/uaq-ppr-nr200-nc66-n5-k2-rpp4-ppr9-plb100.wcnf.gz,1.0,1.0,0.0,0.28825458800000003,1.729413137,1,0.0,0.0,2.39,1,1.81,0.0,2046,9.870967742000001,94,21.46904311,1.897001651,1.507031716,2.343795773,1.801405112,1.796948549,1,8.490641689,0.8372044359999999,3.492668622,1,4.509541857
atcoss/mesat/atcoss_mesat_02.wcnf.gz,0.0,1.0,0.0,0.211358738,1.260207781,0,0.0,0.0,3.23,1,1.01,0.0,322127,12.20403443,2712,56.43794633,1.94076357,1.0110580059999998,3.232863956,1.008975485,1.479804545,1,292.3134309,0.532201163,4.568486963,0,134.1998178
gen-hyper-tw/GenHyperTW_uf20-050.wcnf.gz,1.0,1.0,0.0,0.125265795,0.887049502,1,0.0,0.0,2.46,2,1.15,0.0,46941,8.025457488999999,134,9.389650646,1.142536655,0.7987534759999999,2.462475963,1.147633307,1.267813789,2,5.092465866,0.957244215,3.56470889,1,3.292299888
logic-synthesis/normalized-test4.pi.opb.msat.wcnf.gz,1.0,0.0,0.0,0.0,0.0,1,0.0,0.0,76.07,5,29.66,0.0,6139,513.5678449,1410,211.9219516,6.49642446,1.385427284,15.23983633,32.14203648,3.4355237510000003,2,7.809234403,0.81032207,1.0,1,0.0
gen-hyper-tw/GenHyperTW_par8-5-c.wcnf.gz,1.0,1.0,0.0,0.135610192,1.070477499,1,0.0,0.0,3.0,2,1.63,0.0,615316,13.61376268,667,51.03850499,0.963054605,1.084862836,2.999726749,1.631872644,1.280042451,2,20.21776581,0.811497329,3.84865825,1,8.272336231
reversi/rev66-26.wcnf.gz,0.5,1.0,0.0,0.233475414,1.164075983,0,0.5,0.693147181,2.55,1,2.42,0.0,22562,42.19386579,144,31.3813145,3.319217175,0.701492434,2.553783339,2.420165319,2.321088193,4,20.54690203,0.910263189,11.3965074,3,14.77028975
maxclique/structured/brock800_3.clq.wcnf.gz,1.0,0.0,0.0,0.0,0.0,1,0.0,0.0,2.0,2,0.0,0.0,800,281.6675,326,13.59676225,3.961709954,0.042081796,1.992924549,0.083817593,3.961709954,242,13.59676225,0.007075451,1.0,1,0.0
gen-hyper-tw/GenHyperTW_dubois20.wcnf.gz,1.0,1.0,0.0,0.154438412,1.193850398,1,0.0,0.0,3.22,2,1.65,0.0,203310,16.44406079,473,55.27112845,1.218400961,1.150439542,3.2163433130000003,1.645393513,1.505912536,2,22.40900551,0.7413504890000001,4.036004132,1,9.324089641
min-fill/MinFill_R0_myciel6.wcnf.gz,1.0,1.0,0.0,0.207137883,1.964789914,1,0.0,0.0,3.91,1,1.51,0.0,72105,62.62304972,847,123.45716509999998,2.925318415,1.251270048,3.893653077,1.51608158,2.921817777,5,81.77412112,0.5797302879999999,17.70293322,1,41.03899837
set-covering/crafted/scpcyc/scpcyc11_maxsat.wcnf.gz,0.090909091,0.0,0.0,0.0,0.0,0,0.451753951,0.5982695889999999,0.0,0,0.0,1.36,11264,31.0,31,0.0,0.0,0.5982695889999999,3.142857143,1.355261854,0.0,11,0.0,0.28571428600000004,1.0,1,0.0
uaq/uaq-ppr-nr200-nc66-n5-k2-rpp4-ppr7-plb100.wcnf.gz,1.0,1.0,0.0,0.295806074,1.76495037,1,0.0,0.0,2.34,1,1.58,0.0,2046,7.588465297999999,72,15.15994052,1.839572438,1.52142399,2.292578389,1.573345961,1.773567348,1,7.512934626,0.8244980829999999,3.154447703,1,3.898090525
optic/gen_mult_4_5_399.wcnf.gz,1.0,0.0,0.0,0.0,0.0,1,0.0,0.0,29.58,1,22.54,0.0,4754,744.4291122999998,3124,287.9663606000001,6.792033769,4.112126663,26.40813706,23.07351662,6.216300658,2,191.2469702,0.11113186,1.001472444,1,0.03834418
ramsey/ram_k3_n15.ra0.wcnf.gz,0.857142857,0.0,0.0,0.0,0.0,0,0.433012702,0.562335145,0.0,0,0.0,1.3,105,105.0,105,0.0,0.0,0.562335145,5.25,1.299038106,0.0,91,0.0,0.75,78.0,78,0.0
ramsey/ram_k3_n16.ra0.wcnf.gz,0.8666666670000001,0.0,0.0,0.0,0.0,0,0.424182503,0.545594574,0.0,0,0.0,1.27,120,120.0,120,0.0,0.0,0.545594574,5.294117647,1.272547509,0.0,105,0.0,0.764705882,91.0,91,0.0
xai-mindset2/cleveland-nominal.wcnf.gz,1.0,1.0,0.0,0.3625812570000001,1.307119903,1,0.0,0.0,3.88,1,4.72,0.0,11577,19.50980392,112,18.35670369,2.498068418,1.011912868,3.797939901,4.681218118,2.593053997,3,34.10635446,0.8040117720000001,9.14580634,2,9.978000674
bcp/fir/normalized-fir08_area_opers.wcnf.gz,1.0,0.75,0.0,0.098822347,0.686056755,1,0.0,0.0,2.57,1,5.46,0.0,203287,75.22215882,9092,139.5428389,2.326630368,1.030807333,2.291886205,4.98478212,1.111242075,2,47.08189308,0.996517775,5.922356077999999,1,47.0527877
aes/mul_8_14.wcnf.gz,1.0,0.0,0.0,0.0,0.0,1,0.0,0.0,78.31,60,3.9,0.0,14300,1323.627133,6009,537.986657,4.642501257,2.516265561,64.41452626,29.88951121,1.324192452,129,432.3601543,0.17969339,1.0,1,0.0
uaq/uaq-ppr-nr200-nc66-n5-k2-rpp6-ppr8-plb100.wcnf.gz,1.0,1.0,0.0,0.28957602600000004,1.692166368,1,0.0,0.0,2.38,1,1.73,0.0,2046,9.277614858,96,19.71262645,1.744785079,1.46930081,2.339511373,1.715845406,1.818736107,1,8.383734888,0.8361415329999999,3.462365591,1,4.400779842
des/cnf.16.p.8.wcnf.gz,1.0,1.0,0.0,0.29917834600000004,1.224921922,1,0.0,0.0,2.31,1,0.83,0.0,104098,10.39451286,26,6.2630448670000005,2.291264294,0.828404804,2.292113348,0.8400959729999999,2.116305694,4,6.6958158060000015,0.7819198890000001,6.918259717000001,2,5.227552189
uaq/uaq-ppr-nr200-nc66-n5-k2-rpp6-ppr10-plb100.wcnf.gz,1.0,1.0,0.0,0.283504654,1.6741453819999998,1,0.0,0.0,2.42,1,1.92,0.0,2046,11.17790811,112,25.01130967,1.845404591,1.465917158,2.376168689,1.902730389,1.847660917,1,9.127516622,0.845235727,3.735092864,1,4.8744962560000005
ramsey/ram_k3_n11.ra0.wcnf.gz,0.8,0.0,0.0,0.0,0.0,0,0.471404521,0.6365141679999999,0.0,0,0.0,1.41,55,55.0,55,0.0,0.0,0.6365141679999999,5.0,1.4142135619999998,0.0,45,0.0,0.666666667,36.0,36,0.0
optic/gen_cvc-add7to3_9999.wcnf.gz,1.0,0.0,0.0,0.0,0.0,1,0.0,0.0,16.15,1,5.53,0.0,1220,188.4163934,534,134.3043658,1.104206487,2.489334829,14.46353929,7.0628586460000005,1.303773354,2,187.5574941,0.111526878,1.001639344,1,0.040455615
extension-enforcement/extension-enforcement_non-strict_stb_200_0.05_4_10_4.wcnf.gz,0.950827068,1.0,0.0,0.209527358,1.056103663,0,0.216228941,0.196072755,2.74,2,7.12,0.0,76190,105.5511222,968,108.3295886,0.938021094,1.069453853,2.371342079,6.3574444560000005,0.25002931300000003,2,38.70852070000001,0.998990918,5.359102244,2,38.68648489
des/cnf.20.p.8.wcnf.gz,1.0,1.0,0.0,0.2991645,1.224782291,1,0.0,0.0,2.31,1,0.83,0.0,124762,10.39584168,26,6.263254945,2.290982455,0.828364661,2.292139611,0.840067184,2.116429513,4,6.696046311,0.781905579,6.919029833,2,5.227661971
xai-mindset2/cleveland.wcnf.gz,1.0,1.0,0.0,0.240225536,0.7993819609999999,1,0.0,0.0,5.4,1,35.87,0.0,41362,156.4075238,963,268.1995601,2.809802854,0.486356756,5.308617743,35.48991503,2.659758069,1,111.77675759999998,0.946030807,15.54117306,1,52.1277917
maxclique/structured/sanr400_0.5.clq.wcnf.gz,1.0,0.0,0.0,0.0,0.0,1,0.0,0.0,2.0,2,0.0,0.0,400,200.08,239,10.51468497,3.657747434,0.055754585,1.99005371,0.099233872,3.657747434,167,10.51468497,0.00994629,1.0,1,0.0
mbd/b21_C-mbd14-0218.wcnf.gz,1.0,1.0,0.0,0.431546408,1.283506656,1,0.0,0.0,2.47,1,0.69,0.0,24168,6.679576299,198,7.829067623999999,2.011686689,1.09264666,2.390259608,0.755459963,1.602723789,3,8.723789782999999,0.455829001,3.069885799,0,4.303600425
uaq/uaq-ppr-nr200-nc66-n5-k2-rpp6-ppr9-plb100.wcnf.gz,1.0,1.0,0.0,0.286641031,1.685683096,1,0.0,0.0,2.4,1,1.82,0.0,2046,10.1886608,99,22.26938047,1.806805052,1.470002629,2.357640311,1.804879817,1.845927639,1,8.797083016,0.840639082,3.593352884,1,4.6538892380000005
MaximumCommonSub-GraphExtraction/solved/g3_n43e49_n45e51_n47e60.wcnf.gz,0.0,1.0,0.055555556,0.112976284,0.205176227,0,0.0,0.0,2.54,1,0.79,0.0,1055,55.1478673,81,14.34420909,3.334666112,0.733061576,2.535845206,0.7939353570000001,3.241407503,5,53.02812087,0.995653981,62.49763033,5,52.88169524
gen-hyper-tw/GenHyperTW_grid3d_5.wcnf.gz,1.0,1.0,0.0,0.181764616,1.380471719,1,0.0,0.0,3.62,2,1.8,0.0,100988,28.02631996,497,77.89945474,1.90642446,1.234949187,3.619207195,1.7999079880000002,2.053389934,2,31.82552292,0.618235165,4.796045075,1,14.11589205
railway-transport/pesp_18Min.wcnf.gz,1.0,1.0,0.0,0.147263327,1.579696185,1,0.0,0.0,3.95,1,0.71,0.0,41287,265.1556907,2338,169.2696791,4.773088051,1.079081842,3.941265545,0.733419563,5.4952683439999985,2,198.6576056,0.08138588,13.33022501,2,15.99677962
MaxSATQueriesinInterpretableClassifiers/wcnf_gz/ionosphere_train_2_DNF_3_1.wcnf.gz,1.0,1.0,0.0,0.16014471800000002,0.121780295,1,0.0,0.0,2.55,2,4.08,0.0,1353,86.29046563,426,87.07838492,2.666905567,0.286324027,2.493516866,4.017172836,2.590211823,2,47.68480967,0.974584234,30.11308204,1,38.40602413
maxclique/structured/brock200_1.clq.wcnf.gz,0.5,0.0,0.0,0.0,0.0,0,0.5,0.693147181,0.0,0,0.0,0.0,40,29.3,35,2.694438717,2.226276035,0.0,2.0,0.0,2.226276035,46,5.3888774339999985,0.5,28.3,23,2.694438717
extension-enforcement/extension-enforcement_non-strict_stb_150_0.05_2_8_4.wcnf.gz,0.949857372,1.0,0.0,0.210216258,1.058917589,0,0.218239192,0.198934989,2.74,2,6.16,0.0,42742,80.53156146,724,83.13957664,0.960195468,1.071810881,2.368775236,5.507972392,0.266645985,2,33.38156384,0.998654105,5.34551495,2,33.35613062
SeanSafarpour/SM_MAIN_MEM_buggy1.dimacs.filtered.wcnf.gz,0.496944328,0.0,0.0,0.0,0.0,0,0.190459245,1.285560102,0.0,0,0.0,0.45,870975,7.866922702,3427,35.75492629,1.898604372,0.600288439,2.739995336,0.451066623,1.746690298,1,76.83252718,0.582781042,6.585969747,1,43.21486011
fault-diagnosis/s38584_nan_explicit_14_0.wcnf.gz,0.0,1.0,0.0,0.166979854,1.011742715,0,0.0,0.0,2.71,1,6.81,0.0,146219,105.9899124,6080,238.9037814,3.729700241,0.819163621,2.62153022,6.647363294,2.451163733,1,76.7350612,0.8071847659999999,11.27622949,0,41.68752318
bcp/syn/normalized-C499.b.wcnf.gz,1.0,0.1,0.0,0.027430584,3.205727527,1,0.0,0.0,56.04,10,32.6,0.0,5039,733.1024012999999,1914,263.4704638,6.594904578,3.06462873,44.51660087,36.62680634,4.973900769,3,236.2421627,0.209391232,1.0,1,0.0
close_solutions/SAT11__application__manthey__traffic__traffic_3_uc_sat.cnf.wcnf.8.wcnf.gz,0.529587567,1.0,0.0,0.108795096,0.805481749,0,0.499123808,0.691395309,3.47,2,0.74,0.0,142205,52.78741957,999,64.4562705,4.49842453,1.145406064,3.231982499,1.018195936,3.845570636,5,36.32777754,0.325069196,6.6872965089999985,2,4.454485791000001
min-fill/MinFill_R0_queen8_12.wcnf.gz,1.0,1.0,0.0,0.208640167,1.97487661,1,0.0,0.0,3.82,1,1.53,0.0,73632,59.95534549999999,856,117.7018826,2.918906952,1.291700446,3.806584362,1.5412607719999998,2.784224548,5,75.03296513,0.589531743,16.08736691,1,39.2363915
close_solutions/SAT11__application__fuhs__AProVE11__AProVE11-09.cnf.wcnf.2.wcnf.gz,0.6216723129999999,1.0,0.0,0.206755528,1.3778542480000002,0,0.484969946,0.66323951,2.6,1,1.01,0.0,68779,9.641591183,2497,32.73189158,1.969501619,1.16390095,2.239069044,1.111917891,2.098354556,3,17.74050447,0.721714947,6.231044359,3,16.58144421
aes-key-recovery/AES1-76-36.wcnf.gz,0.0,1.0,0.0,0.197542835,1.180350745,0,0.0,0.0,5.48,2,1.3,0.0,21368,18.27817297,151,17.66391721,2.68209294,0.591805017,5.482885476,1.299019096,2.828930226,4,60.85284029999999,0.297731221,22.81809247,1,32.93863343
xai-mindset2/colic.wcnf.gz,1.0,1.0,0.0,0.185360269,0.517188554,1,0.0,0.0,3.69,1,25.89,0.0,40724,156.7062666,1062,292.0555813000001,2.839519703,0.296122034,3.667807921,25.77856077,2.743696025,1,150.1259787,0.970353867,30.8698065,1,84.72661996
close_solutions/SAT04__industrial__velev__pipe-sat-1-1__12pipe_bug4_q0.used-as.sat04-723.cnf.wcnf.1.wcnf.gz,0.895881296,1.0,0.0,0.203960916,0.8576604409999999,0,0.305414472,0.334039575,2.97,1,8.83,0.0,138563,163.91053169999995,13364,519.2590553,3.920316516,0.677491002,2.914168885,8.704086552,3.671163272,3,444.8590707,0.960610179,70.07657888,1,228.8953874
mbd/b14_C-mbd14-0388.wcnf.gz,1.0,1.0,0.0,0.426598464,1.324538922,1,0.0,0.0,2.47,1,0.69,0.0,11949,6.6307640810000015,145,7.828144754,2.0072579,1.097077098,2.385726641,0.758248571,1.620628811,3,8.649566405,0.464813095,3.074985354,0,4.346283973
maxcut/dimacs_mod/brock200_1.clq.wcnf.gz,1.0,0.0,0.0,0.0,0.0,1,0.0,0.0,2.0,2,0.0,0.0,200,51.66,70,5.856142075,3.074812586,0.161468824,1.962020509,0.19114667,3.074812586,35,5.856142075,0.037979491,1.0,1,0.0
bcp/hipp-yRa1/su/SU3__simp-genos.haps.80.wcnf.gz,1.0,1.0,0.0,0.224828672,1.264461616,1,0.0,0.0,2.56,1,0.77,0.0,8107,66.60922659,263,56.56260896,4.954578627,0.708030594,2.559124222,0.7719247220000001,4.599579575,1,52.74884625,0.27102041600000004,15.46786728,0,17.05177677
uaq/uaq-plb-nr250-nc83-n5-k2-rpp3-ppr5-plb90.wcnf.gz,1.0,1.0,0.0,0.302975649,1.08350742,1,0.0,0.0,1.87,1,1.21,0.0,2050,5.624390244,56,10.79061879,1.3992468669999998,1.009805357,1.825040878,1.194861264,1.256742211,1,5.780030465,0.929922915,3.005853659,1,4.18626848
atcoss/mesat/atcoss_mesat_15.wcnf.gz,0.0,1.0,0.0,0.211758396,1.303467291,0,0.0,0.0,3.31,1,0.98,0.0,465243,13.56699402,3896,61.19214477,1.992888467,0.970930067,3.310860789,0.9827332,1.4190425080000002,1,397.30308439999993,0.511096726,4.933516463,0,181.2312039
set-covering/crafted/scpcyc/scpcyc10_maxsat.wcnf.gz,0.1,0.0,0.0,0.0,0.0,0,0.461538462,0.61724177,0.0,0,0.0,1.38,5120,28.0,28,0.0,0.0,0.61724177,3.076923077,1.384615385,0.0,10,0.0,0.307692308,1.0,1,0.0
aes-key-recovery/AES1-76-38.wcnf.gz,0.0,1.0,0.0,0.197542835,1.180350745,0,0.0,0.0,5.48,2,1.3,0.0,21368,18.27817297,151,17.66391721,2.68209294,0.591708915,5.482945666,1.298923956,2.82825022,4,60.85485463,0.297721792,22.81785848,1,32.94105236
close_solutions/SAT04__industrial__velev__pipe-sat-1-1__12pipe_bug6_q0.used-as.sat04-725.cnf.wcnf.3.wcnf.gz,0.968197702,1.0,0.0,0.204166583,0.859007973,0,0.17547339399999998,0.140952374,2.97,1,8.79,0.0,138795,163.66260309999996,13241,518.2310729,3.907814156,0.678335554,2.914005141,8.670960867,3.66357472,3,443.73831,0.960475852,69.90333946,1,228.3201244
extension-enforcement/extension-enforcement_non-strict_stb_200_0.05_2_10_2.wcnf.gz,0.948345865,1.0,0.0,0.209527358,1.056103663,0,0.221327779,0.203357238,2.74,2,7.12,0.0,76190,105.5511222,968,108.3295886,0.938021094,1.069453853,2.371342079,6.3574444560000005,0.25002931300000003,2,38.70852070000001,0.998990918,5.359102244,2,38.68648489
uaq/uaq-ppr-nr200-nc66-n5-k2-rpp6-ppr11-plb100.wcnf.gz,1.0,1.0,0.0,0.280068776,1.654808711,1,0.0,0.0,2.44,1,2.02,0.0,2046,12.30791789,125,28.15082972,1.877567729,1.45470357,2.395993837,2.00114743,1.852118881,1,9.698607048,0.850154083,3.896383187,1,5.20846148
uaq/uaq-ppr-nr200-nc66-n5-k2-rpp6-ppr5-plb100.wcnf.gz,1.0,1.0,0.0,0.295157308,1.676223548,1,0.0,0.0,2.35,1,1.55,0.0,2046,7.597262952,80,15.21748725,1.645102956,1.439789184,2.303111111,1.5407470369999998,1.731559855,1,7.75407766,0.8271111109999999,3.219941349,1,3.991500402
fault-diagnosis/s38584_nan_explicit_6_0.wcnf.gz,0.0,1.0,0.0,0.168531475,1.042750435,0,0.0,0.0,2.7,1,5.62,0.0,148746,104.3927097,6239,241.8694214,3.718496954,0.8478766179999999,2.618703184,5.494343662,2.56452629,1,75.6279381,0.806462875,11.18621005,0,40.43859372
extension-enforcement/extension-enforcement_non-strict_stb_200_0.05_4_10_3.wcnf.gz,0.950952381,1.0,0.0,0.209527358,1.056103663,0,0.215967475,0.19570141,2.74,2,7.12,0.0,76190,105.5511222,968,108.3295886,0.938021094,1.069453853,2.371342079,6.3574444560000005,0.25002931300000003,2,38.70852070000001,0.998990918,5.359102244,2,38.68648489
gen-hyper-tw/GenHyperTW_aim-50-2_0-no-3.wcnf.gz,1.0,1.0,0.0,0.156506874,1.172855528,1,0.0,0.0,3.06,2,1.55,0.0,137473,14.42860053,393,42.83464114,1.412589347,1.120494294,3.0576238260000004,1.5478792890000002,1.596900356,2,18.28017176,0.7810730640000001,4.009863755,1,8.584217323999999
gen-hyper-tw/GenHyperTW_dubois28.wcnf.gz,1.0,1.0,0.0,0.149461799,1.18248215,1,0.0,0.0,3.29,2,1.71,0.0,506480,17.57412336,748,70.45066251,1.269530603,1.16097475,3.2899200960000003,1.711463664,1.47578324,2,27.66607913,0.725074542,4.025031591,1,10.75482471
gen-hyper-tw/GenHyperTW_grid4d_3.wcnf.gz,1.0,1.0,0.0,0.189852199,1.360823752,1,0.0,0.0,3.25,2,1.67,0.0,42065,19.71598716,321,45.30834384,2.130822492,1.231286878,3.245075812,1.665323839,2.100972641,2,21.31666799,0.713566907,4.711589207,1,11.32599509
maxcut/dimacs_mod/keller5.clq.wcnf.gz,0.5,0.0,0.0,0.0,0.0,0,0.5,0.693147181,0.0,0,0.0,0.0,41,31.0,36,2.326936644,2.187284377,0.0,2.0,0.0,2.187284377,50,4.653873288,0.5,30.0,25,2.326936644
ramsey/ram_k3_n20.ra0.wcnf.gz,0.894736842,0.0,0.0,0.0,0.0,0,0.392676726,0.486912709,0.0,0,0.0,1.18,190,190.0,190,0.0,0.0,0.486912709,5.428571429,1.178030179,0.0,171,0.0,0.80952381,153.0,153,0.0
optic/gen_mult_4_6_991.wcnf.gz,1.0,0.0,0.0,0.0,0.0,1,0.0,0.0,105.15,1,43.8,0.0,11561,1116.624427,4010,372.5000835,7.081646588,2.464498648,37.81792764,56.18741017,3.094215855,2,36.71198625,0.646759492,1.000432489,1,0.020791861
close_solutions/SAT11__application__manthey__traffic__traffic_3_uc_sat.cnf.wcnf.9.wcnf.gz,0.529587567,1.0,0.0,0.108794999,0.8054803,0,0.499123808,0.691395309,3.47,2,0.74,0.0,142205,52.78739144,999,64.45627106,4.4984101910000005,1.145406338,3.231981812,1.01819643,3.845556917,5,36.32777551,0.325069884,6.687310573,2,4.454488357
aes-key-recovery/AES2-72-67.wcnf.gz,0.0,1.0,0.0,0.197542835,1.180350745,0,0.0,0.0,5.48,2,1.3,0.0,21368,18.27817297,151,17.66391721,2.68209294,0.5921476410000001,5.482668808,1.2993615,2.8303758130000003,4,60.85498514,0.297765164,22.81893486,1,32.94277231
ramsey/ram_k3_n19.ra0.wcnf.gz,0.8888888890000001,0.0,0.0,0.0,0.0,0,0.4,0.500402424,0.0,0,0.0,1.2,171,171.0,171,0.0,0.0,0.500402424,5.4,1.2,0.0,153,0.0,0.8,136.0,136,0.0
aes-key-recovery/AES1-74-32.wcnf.gz,0.0,1.0,0.0,0.197542835,1.180350745,0,0.0,0.0,5.48,2,1.3,0.0,21368,18.27817297,151,17.66391721,2.68209294,0.59216653,5.482656771,1.299380518,2.830161618,4,60.85682842,0.297767049,22.81898165,1,32.94512573
maxclique/structured/p_hat700-3.clq.wcnf.gz,1.0,0.0,0.0,0.0,0.0,1,0.0,0.0,2.0,2,0.0,0.0,700,177.11428569999995,292,53.32941907,5.135252494,0.061574429000000014,1.988771254,0.105369165,5.135252494,73,53.32941907,0.011228746,1.0,1,0.0
causal-discovery/causal_n7_i4_N1000_uai14_constant_int.wcnf.gz,0.263392857,1.0,0.166666667,0.111572577,0.931976601,0,0.440473677,0.576575907,2.44,1,0.91,0.0,40290,10.36664185,110,8.801187851,2.299038908,0.820735625,2.410664108,0.89791833,1.741119899,3,10.24586961,0.917620451,7.473914122999999,2,10.18449452
close_solutions/SAT11__application__manthey__traffic__traffic_r_sat.cnf.wcnf.4.wcnf.gz,0.687636213,1.0,0.0,0.065685432,0.437936074,0,0.463457281,0.620978934,3.82,2,0.48,0.0,98651,163.40277340000003,1464,197.4857407,5.820257347,0.60848973,3.737315381,0.666063891,5.5091393260000014,4,178.3225802,0.114179339,8.736029032000001,2,18.16090193
maxclique/structured/sanr200_0.9.clq.wcnf.gz,1.0,0.0,0.0,0.0,0.0,1,0.0,0.0,2.0,2,0.0,0.0,200,21.37,34,4.4612890510000005,2.842842505,0.301160098,1.910594546,0.285328089,2.842842505,11,4.4612890510000005,0.08940545400000001,1.0,1,0.0
MaxSATQueriesinInterpretableClassifiers/MLIC_maxsat_benchmarks/toms_train_1_DNF_2_1.wcnf.gz,1.0,1.0,0.0,0.16038166,0.122069604,1,0.0,0.0,4.03,2,13.73,0.0,43514,255.1106311,20720,1175.718626,1.455888551,0.21722458600000005,3.98294233,13.62247729,1.452609793,2,1101.123312,0.974018148,72.69632762,1,241.0356272
MaximumCommonSub-GraphExtraction/solved/g2_n38e52_n41e47.wcnf.gz,0.0,1.0,0.071428571,0.117778997,0.21964685,0,0.0,0.0,2.58,1,0.73,0.0,495,54.35353535,77,20.46643625,2.880989362,0.7438245659999999,2.576495587,0.7383950220000001,2.9556015610000004,3,31.67339925,0.99419745,62.52525253,3,31.52928523
extension-enforcement/extension-enforcement_non-strict_stb_200_0.05_3_10_4.wcnf.gz,0.951052632,1.0,0.0,0.209527358,1.056103663,0,0.215758021,0.195404092,2.74,2,7.12,0.0,76190,105.5511222,968,108.3295886,0.938021094,1.069453853,2.371342079,6.3574444560000005,0.25002931300000003,2,38.70852070000001,0.998990918,5.359102244,2,38.68648489
optic/gen_square_5_9999.wcnf.gz,1.0,0.0,0.0,0.0,0.0,1,0.0,0.0,83.38,1,37.34,0.0,1742,1226.292767,1616,208.5844598,6.157195174,4.988895371,81.5507027,38.85959662,7.0243619310000005,2,2688.554236,0.022244833,1.00401837,1,0.06326312
fault-diagnosis/s38584_nan_explicit_8_0.wcnf.gz,0.0,1.0,0.0,0.166762488,1.016961981,0,0.0,0.0,2.71,1,6.93,0.0,150835,107.3211854,6642,261.49014680000005,3.714967301,0.82337894,2.633854223,6.771717685,2.562074478,1,78.65214913,0.815321361,11.73670567,0,43.09664478
causal-discovery/causal_n7_i6_N500_uai14_harddeps_int.wcnf.gz,1.0,1.0,0.0,0.11509673,0.950431793,1,0.0,0.0,2.44,1,0.91,0.0,40290,10.36664185,110,8.801187851,2.299038908,0.820735625,2.410664108,0.89791833,1.741119899,3,10.24586961,0.917620451,7.473914122999999,2,10.18449452
set-covering/crafted/scpcyc/scpcyc07_maxsat.wcnf.gz,0.14285714300000002,0.0,0.0,0.0,0.0,0,0.489897949,0.673011667,0.0,0,0.0,1.47,448,19.0,19,0.0,0.0,0.673011667,2.8,1.469693846,0.0,7,0.0,0.4,1.0,1,0.0
atcoss/mesat/atcoss_mesat_03.wcnf.gz,0.0,1.0,0.0,0.214992673,1.278312683,0,0.0,0.0,3.2,1,1.02,0.0,321140,11.58857196,2712,52.40363011,1.923286106,1.035653998,3.194640362,1.018894138,1.459047611,1,283.1497695,0.541710196,4.362558386,0,130.1736375
MaxSATQueriesinInterpretableClassifiers/wcnf_gz/parkinsons_train_8_DNF_3_1.wcnf.gz,1.0,1.0,0.0,0.168658485,0.132315937,1,0.0,0.0,2.34,2,2.53,0.0,729,43.51028807,210,44.22839731,1.906936421,0.29965647300000003,2.288914969,2.493812213,1.893373306,2,31.03793448,0.971727302,24.53497942,1,25.67079113
set-covering/crafted/scpclr/scpclr12_maxsat.wcnf.gz,0.00390625,0.0,0.0,0.0,0.0,0,0.395991601,0.493007238,0.0,0,0.0,46.82,495,495.0,495,0.0,0.0,1.642307577,49.85051141,46.817914,0.0,256,0.0,0.19472856,1.0,1,0.0
min-fill/MinFill_R0_queen9_9.wcnf.gz,1.0,1.0,0.0,0.21279707,1.979671914,1,0.0,0.0,3.71,1,1.56,0.0,52407,52.75858187,721,98.8307348,2.893592199,1.3345530559999998,3.694202012,1.5660243719999998,2.717598727,5,64.39091544,0.615711917,14.85154655,2,35.02416074
close_solutions/SAT11__application__fuhs__AProVE11__AProVE11-09.cnf.wcnf.3.wcnf.gz,0.6216723129999999,1.0,0.0,0.206752913,1.377841555,0,0.484969946,0.66323951,2.6,1,1.01,0.0,68779,9.641765655,2497,32.7318815,1.969636901,1.1639085340000002,2.23907893,1.11192021,2.098507824,3,17.74049206,0.7217116509999999,6.23102982,3,16.58144222
min-fill/MinFill_R0_mulsol.i.5.wcnf.gz,1.0,1.0,0.0,0.196074668,1.896445041,1,0.0,0.0,4.1,1,1.5,0.0,278608,89.26981278,1751,205.8280603,3.128218195,1.141702302,4.0852716860000005,1.5077627059999998,3.101677729,5,126.9555011,0.5297349,21.47951602,1,60.19793276
railway-transport/d4.wcnf.gz,1.0,1.0,0.0,0.151285198,1.497092511,1,0.0,0.0,3.84,2,0.64,0.0,307678,196.3520239,780,58.62957588,4.769443347,0.954718901,3.834277336,0.65908902,5.005962017,4,49.09217943,0.089455134,10.37473268,1,10.99900444
xai-mindset2/heart-statlog.wcnf.gz,1.0,1.0,0.0,0.194576867,0.553618905,1,0.0,0.0,3.73,1,25.03,0.0,18664,154.8793399,919,269.572503,2.741912273,0.323900272,3.692446788,24.8811092,2.645147181,1,123.4828862,0.967308183,26.2605015,1,71.78799821
set-covering/crafted/scpcyc/scpcyc08_maxsat.wcnf.gz,0.125,0.0,0.0,0.0,0.0,0,0.481045693,0.655481774,0.0,0,0.0,1.44,1024,22.0,22,0.0,0.0,0.655481774,2.909090909,1.443137079,0.0,8,0.0,0.363636364,1.0,1,0.0
atcoss/mesat/atcoss_mesat_05.wcnf.gz,0.0,1.0,0.0,0.21607092100000005,1.328143145,0,0.0,0.0,3.27,1,1.0,0.0,450157,12.80258887,3744,55.79976248,1.96798938,1.000715934,3.2706322130000003,0.996529952,1.392985301,1,376.0688389,0.51930037,4.653785235,0,170.022773
close_solutions/SAT11__application__fuhs__AProVE11__AProVE11-10.cnf.wcnf.3.wcnf.gz,0.508091006,1.0,0.0,0.205258867,1.268118989,0,0.499934531,0.6930162459999999,2.63,1,0.67,0.0,289828,7.763832342000001,5242,22.08167676,1.659297121,1.162346705,2.267488786,0.899976443,1.900780885,3,22.51501676,0.681900939,5.893347089,3,17.28560139
MaxSATQueriesinInterpretableClassifiers/wcnf_gz/compas_train_1_DNF_5_1.wcnf.gz,1.0,1.0,0.0,0.374304519,0.453490445,1,0.0,0.0,2.96,2,2.16,0.0,21209,26.62261304,6255,209.5851574,0.8666545659999999,0.6962818820000001,2.86378215,2.147439093,0.8666545659999999,2,209.04054230000003,0.840058903,9.964354755,1,93.40484939
reversi/rev66-32.wcnf.gz,0.5,1.0,0.0,0.233456469,1.164028858,0,0.5,0.693147181,2.55,1,2.42,0.0,27752,42.21793024,144,31.39074472,3.316356894,0.700252878,2.554091473,2.420306356,2.316632286,4,20.57630338,0.910245393,11.40213318,3,14.78909113
